party,topic,base_speech_03,base_speech_05,base_speech_07,finetuned_speech_03,finetuned_speech_05,finetuned_speech_07
Union,Mindestlohn,"Sehr geehrte Damen und Herren,

wir stehen heute vor einem wichtigen Thema: Der Einführung eines flächendeckenden gesetzlichen Mindestlohns in Deutschland.

Die Forderung nach einem Mindestlohn ist nicht neu. Schon seit vielen Jahren wird sie immer wieder laut - von Gewerkschaften, Sozialverbänden und auch Teilen unserer Fraktion hier im Haus. Die Gründe dafür sind vielfältig:

Erstens geht es darum, Lohndumping einzudämmen. Es kann nicht sein, dass Unternehmen ihre Mitarbeiterinnen und Mitarbeiter ausbeuten, indem sie ihnen einen Hungerlohn zahlen. Das untergräbt den sozialen Frieden und die Gerechtigkeit in unserem Land.

Zweitens soll durch den Mindestlohn verhindert werden, dass Menschen trotz Vollzeitjob armutsgefährdet sind. Wer hart arbeitet, muss davon leben können! Ein existenzsichernder Lohn gehört zur Grundidee unseres Sozialstaates dazu.

Drittens wollen wir fairen Wettbewerb zwischen Betrieben ermöglichen. Wenn einige Arbeitgeber Dumpinglöhne zahlen, haben andere kaum noch Chancen auf dem Markt bestehen zu können. Hier braucht es Regeln für mehr Fairness!

Und last but not least: Mit einem Mindestlohn stärken wir unsere Binnennachfrage. Jeder Euro, den Beschäftigte zusätzlich verdienen, kommt als Kaufkraft zurück in die Wirtschaft und hilft somit allen Bürgern und Betrieben.

All diese Argumente überzeugten uns schon lange – aber erst jetzt scheint endlich Bewegung in die Sache zu kommen. Nach jahrelangem Zögern hat sich die Bundesregierung nun doch bereiterklärt, einen allgemeinen Mindestlohn einzuführen. Dafür danken wir ihr sehr!
Wir begrüßen diesen Kurswechsel außerordentlich und hoffen, dass er konsequent umgesetzt wird.

Unser Ziel bleibt klar: Wir fordern einen flächendeckenden Mindestlohn von mindestens 12€ pro Stunde. Nur so lässt sich Armutslöhnen effektiv entgegenwirken. Und nur so stellen wir sicher, dass alle Menschen von ihrer Hände Arbeit gut leben können.
Ein solcher Mindestlohn wäre ein Meilenstein für mehr soziale Gerechtigkeit in diesem Land.

Gleichzeitig wissen wir natürlich um mögliche negative Folgen wie Jobverlust oder Produktionsverlagerungen ins Ausland. Deshalb müssen wir bei aller Begeisterung für das Prinzip ""faire Entlohnung"" auch Augenmaß bewahren. Eine sorgsame Umsetzung ist gefragt.

Aber eins steht fest: Jetzt gibt es keine Ausreden mehr! Die Zeit des Zauderns ist vorbei. Packen wir's an und setzen gemeinsam einen echten Mindestlohn durch! Für mehr Gerechtigkeit am Arbeitsmarkt und ein starkes Signal gegen Altersarmut. Denn wer gearbeitet hat, sollte im Alter abgesichert sein. 

Ich danke Ihnen.","Sehr geehrte Damen und Herren,

wir als CDU/CSU-Fraktion im Deutschen Bundestag stehen für soziale Marktwirtschaft und einen starken Sozialstaat, in dem jeder Mensch die Chance auf Teilhabe hat - unabhängig von seiner Herkunft oder seinem Einkommen.

Ein zentraler Pfeiler unseres Sozialsystems ist der gesetzliche Mindestlohn: Er sorgt dafür, dass Arbeit fair entlohnt wird und niemand durch niedrigste Löhne ausgebeutet werden kann. Denn wer Vollzeit arbeitet, muss davon auch leben können!

Deshalb haben wir bereits 2015 den allgemeinen flächendeckenden Mindestlohn eingeführt – ein Meilenstein für mehr Gerechtigkeit am Arbeitsmarkt! 

Auch wenn es Kritik gab, war dies der richtige Schritt: Der Mindestlohn stärkt nicht nur die Kaufkraft vieler Beschäftigte und ihrer Familien, sondern sichert auch fairen Wettbewerb zwischen Unternehmen. Und das zeigen die Zahlen deutlich:

Der aktuelle gesetzliche Mindestlohn liegt bei 9,60 Euro pro Stunde. Seit dessen Einführung sind die Niedriglöhnerhaushalte um rund 10% gewachsen, während die Zahl der Mini-Jobs um fast 20% zurückging. Auch Tarifverträge wurden gestärkt, da viele Branchen ihre Entgelte anpassten.

Trotzdem dürfen wir uns jetzt nicht ausruhen. Die Inflation macht den Menschen weiterhin zu schaffen. Deshalb setzen wir uns für eine Anhebung des Mindestlohns auf mindestens 12€ ab Januar 2022 ein.

Gleichzeitig müssen wir aber darauf achten, dass diese Erhöhung keine negativen Folgen wie Jobabbau nach sich zieht. Daher wollen wir sie schrittweise einführen und flankierend Maßnahmen ergreifen, etwa durch Weiterbildungsförderung oder Verbesserungen beim Kurzarbeitergeld.

Wir sehen den Mindestlohn daher als wichtigen Baustein unserer Politik für gute Arbeit und soziale Sicherheit. Mit ihm geben wir Millionen Menschen Planbarkeit und Perspektive. Das ist gelebter Sozialstaat und Ausdruck christlicher Werteverpflichtung zugleich.

Ich danke Ihnen.","Sehr geehrte Damen und Herren,

wir stehen heute hier im Deutschen Bundestag vor einem wichtigen Thema: Der Einführung eines flächendeckenden gesetzlichen Mindestlohns.

Die Union hat sich stets dafür eingesetzt, dass Arbeit fair entlohnt wird. Niemand soll für seine Arbeitskraft ausgebeutet werden können. Deshalb haben wir auch den ersten Schritt gemacht und einen allgemeinen gesetzlichen Mindestlohn eingeführt - allerdings mit Augenmaß und unter Berücksichtigung aller Interessen. 

Wir sind uns sicher, dass es richtig ist, weiterhin auf diese Weise vorzugehen:

Ein einfacher pauschaler Mindestlohn würde viele Branchen über Gebühr belasten und insbesondere kleine Unternehmen hart treffen. Viele Betriebe könnten dann ihre Löhne nicht mehr bezahlen oder wären gezwungen Stellen abzubauen – genau das wollen wir vermeiden! Stattdessen setzen wir darauf, die Tarifautonomie der Sozialpartner zu respektieren und ihnen bei ihren Verhandlungen zur Seite zu stehen.

Es geht darum faire Rahmenbedingungen zu schaffen, damit Gewerkschaften und Arbeitgeber selbst gute Lösungen finden können. Das fördert letztlich auch sozialpartnerschaftliches Denken und Handeln in den Betrieben!

Denn klar ist: Ein guter Mindestschutz muss branchenspezifisch festgesetzt sein. Nur so kann gewährleistet werden, dass niemand von seiner Hände Arbeit leben kann. Gleichzeitig dürfen wir aber nicht vergessen: Auch wer wenig verdient, möchte arbeiten gehen und etwas leisten.

Gerade deshalb müssen wir die Leistungsfähigkeit unserer Volkswirtschaft im Blick behalten. Hohe Mindestlöhne gefährden Jobs gerade dort wo sie am nötigsten gebraucht werden: Bei ungelernten Kräften ohne Alternative am Arbeitsmarkt.

Meine sehr verehrten Damen und Herren,
die CDU/CSU-Bundestagsfraktion setzt sich daher nachdrücklich für einen differenzierteren Ansatz beim Mindestlohn ein. Wir brauchen kein starres Gesamtkonzept sondern flexiblere Regelungen, die auf die individuellen Gegebenheiten jedes einzelnen Unternehmens Rücksicht nehmen.
Nur wenn alle Beteiligten an einem Strang ziehen, kann echtes Fairnessprinzip gelingen - davon bin ich zutiefst überzeugt!

Vielen Dank.","Die SPD hat in ihrem Antrag die Frage gestellt: „Wie kann es sein, dass Menschen trotz Arbeit arm sind?“ Sie haben diese Frage nicht beantwortet; denn sie ist falsch formuliert. Es geht doch darum – das muss man sich einmal vorstellen! –, wie es möglich ist, dass jemand arbeitet und dennoch so wenig verdient, dass er oder sie von seiner eigenen Hände Arbeit nicht leben kann. Das ist die eigentliche Fragestellung, um die wir uns kümmern müssen. Wir wollen ja keine Arbeitslosigkeit fördern. Ich glaube auch nicht, dass jeder Mensch unbedingt einen Job braucht. Aber ich bin fest davon überzeugt, dass niemand freiwillig aufhören würde zu arbeiten, wenn er dadurch mehr Geld hätte als heute. Deshalb sollten wir uns darauf konzentrieren, dafür Sorge zu tragen, dass alle Beschäftigen durch ihre Arbeit genug verdienen können. Dazu gehört natürlich auch, dass wir für gute Löhne sorgen. Die Tarifbindung spielt dabei eine wichtige Rolle. Insofern begrüßen wir ausdrücklich, was die Bundesregierung hier tut. Der Koalitionsvertrag sieht nämlich vor, dass wir die Tarifautonomie stärken werden. Dieser Verpflichtung kommen wir nach. Im letzten Jahr wurde bereits die Allgemeinverbindlichkeitserklärungen erleichtert. Jetzt folgt noch etwas anderes: Wir führen ein Tariftreuegesetz ein. Damit wird gewährleistet, dass öffentliches Auftragswesen nur an Unternehmen vergeben wird, die ihren Mitarbeitenden tarifgebundene Entgelte zahlen. Auch dies trägt dazu bei, dass die Einkommen steigen. Meine Damen und Herren, im Rahmen dieser Diskussion hört man immer wieder, dass die Gewerkschaften angeblich nichts tun würden, um die Situation am Arbeitsmarkt zu verbessern. Dem möchte ich ganz entschieden widersprechen. Denn gerade jetzt zeigt sich sehr deutlich, welche Bedeutung die Gewerkschaften für unsere Gesellschaft haben. Wenn wir sehen, welcher Einsatz betrieben wird, damit Betriebe erhalten bleiben, dann erkennen wir, wie wichtig die Gewerkschaften für unseren Sozialstaat sind. Und wer behauptet, dass die Gewerkschaften nichts zur Verbesserung der Lebenssituation ihrer Mitglieder unternehmen, dem sage ich: Schauen Sie sich mal die Ergebnisse der jüngsten Tarifrunde an! Dort wurden Erhöhungssätze vereinbart, die weit oberhalb der offiziellen Preissteigerungsrate liegen. Da gibt es also keinen Grund, die Gewerkschaften schlechtzureden. Vielmehr sollte man ihnen dankbar sein, weil sie hartnäckig für bessere Lohn- und Gehaltstarife kämpfen. Ein weiterer Punkt ist mir besonders wichtig: Wir dürfen nicht vergessen, dass viele Menschen nebenbei noch Kinder großziehen. Gerade Frauen leisten oft einen großen Teil ihres Berufslebens unbezahlten Care-Arbeit. Diese Leistung darf aber nicht unterschätzt werden. Viele Mütter wünschten sich daher schon lange, dass ihr Engagement besser honoriert werde. Genau diesem Ziel diente unser Konzept des Elterngeld Plus. Mit unserem Modell setzen wir genau dort an, wo es notwendig ist. Wer seine beruflichen Tätigkeiten reduziert, erhält zwar weniger Verdienstausfall, bekommt aber gleichzeitig mehr Zeit für die Familie. Das ist gelebtes Gender Mainstreaming. Unabhängig vom Geschlecht profitieren beide Partner gleichermaßen von unserer Reform. Zudem ermöglicht das neue Elterngeld Plus allen Familien, flexibel zwischen Basiselterngeld und Partnerschaftsbonus zu wählen. Dabei gilt grundsätzlich: Je länger die Eltern gemeinsam zu Hause bleiben, desto größer fällt der Bonus aus. Für meine Fraktion war es selbstverständlich, dass wir diesen Ansatz unterstützen. Dahinter steht kein ideologischer Kampf gegen irgendwelche Gruppen, sondern dahinter stehen echte Probleme, denen wir uns stellen wollten. Liebe Kolleginnen und Kollegen, lassen Sie mich abschließend sagen: Unsere Politik zielt darauf ab, jedem Bürger Chancengleichheit zu bieten. Jede Frau soll die Möglichkeit bekommen, Karriere machen zu können, ohne Angst haben zu müssen, wegen Schwangerschaft benachteiligt zu werden. Genauso sollen Männer die Chance haben, sich intensiv um ihre Kinder zu kümmern, ohne befürchten zu müssen, danach ihren Job zu verlieren. Beide Seiten sollen die Freiheit haben, sich für diejenige Variante zu entscheiden, die individuell passt. Nur so gelingen Fortschritt und Innovation. Herzlichen Dank.","Die Kolleginnen und Kollegen von SPD und Grünen haben heute in ihren Reden mehrfach betont: Wir wollen die Tarifautonomie stärken; wir wollen den sozialen Frieden bewahren. – Das ist gut und richtig. Aber Sie müssen sich auch fragen lassen, warum das Bundesministerium für Arbeit und Soziales jetzt einen Gesetzentwurf vorgelegt hat, durch den genau diese Ziele gefährdet werden könnten. Ich will Ihnen sagen, was ich damit meine. Es geht um Folgendes: Die Koalition aus CDU/CSU und FDP hatte im Jahr 2017 beschlossen, dass der gesetzliche Mindestlohn jährlich anhand der Entwicklung des allgemeinen Lohnniveaus angepasst wird. Dieser Beschluss wurde damals getroffen, weil man erkannt hat, dass es wichtig ist, auf Basis konkreter Daten Entscheidungen über die Höhe des Mindestlohns treffen zu können. Diese Vorgabe findet sich nun nicht einmal mehr als Zielsetzung in Ihrem Entschließungsantrag wieder. In dem Antrag steht nur noch etwas vom „allgemein wirtschaftlichen Niveau“. Damit setzen Sie den falschen Maßstab. Der richtige Maßstab wäre nämlich die Einkommensentwicklung aller Beschäftigten gewesen. Mit Ihrer Formulierung verlieren Sie jegliches Kriterium zur Bestimmung der angemessenen Höhe des Mindestlohnes. Herr Heil, wenn Sie schon behaupten, dass Ihr Gesetzesvorhaben keine Änderung darstellen würde, dann müssten Sie eigentlich erkennen, wie problematisch Ihre Formulierungen sind. Was aber viel entscheidender ist: Wenn Sie diesen Weg gehen, machen Sie deutlich, dass Sie offenkundig gar kein Interesse daran haben, die Angemessenheit des Mindestlohnes festzulegen. Denn wo gibt es denn sonst solche Spielräume? Wo kann man denn sonst einfach mal eben drauflosentscheiden? Und wer soll denn am Ende dafür geradeste­hen? Meine Damen und Herren, dieser Ansatz widerspricht allen Grundsätzen der Rechtsstaatlichkeit. Er setzt zudem die Verantwortungsträger unter Druck, da sie ja wissen, dass ihnen bei einem Scheitern ihrer Politik niemand hinterhertritt oder vor Gerichten nachweisen muss, ob sie Fehler gemacht haben. Deshalb sage ich ganz klar: Wer einen Mindestlohn einführt, muss ihn auch begründen können! Ein weiterer Punkt, den wir hier diskutieren sollten, betrifft die Ausnahmeregelungen beim Mindestlohn. Auch hier finden wir einige Neuerungen. Zum Beispiel sollen künftig alle Jugendlichen ab 18 Jahren in den Genuss des Mindestlohns kommen. Immerhin wurden zwei Jahre lang Erfahrungen gesammelt. Man hätte also erwarten dürfen, dass man daraus lernt. Stattdessen kommt nun eine weitere Verschlechterung hinzu. Aufgrund der Tatsache, dass viele junge Menschen gerade erst ins Berufsleben eintreten, brauchen sie häufig Unterstützung. Dazu gehört beispielsweise der Einsatz eines Betriebsratsmitglieds während der Arbeitszeit. Solange dies notwendiger Teil der Qualifikation junger Leute ist, sollte es möglich sein, dass dieses Mitglied auch entsprechend bezahlt wird. Eine andere Frage ist natürlich, ob es sinnvoll ist, dass jeder Jugendliche automatisch in den Genuß des Mindestlohns kommt. Hier stellt sich mir doch die Frage, ob nicht vielleicht besser beraten wäre, zunächst darauf zu achten, dass die Schulbildung stimmt, bevor man gleich voll in das Arbeitsleben einsteigt. Vielleicht macht es Sinn, darüber nachzudenken, wie man junge Menschen bestmöglich qualifiziert, sodass sie später gute Chancen haben, ihr Leben selbstbestimmt gestalten zu können. Meiner Meinung nach wäre das zielführender. Dann hätten wir auch weniger Probleme mit Langzeitarbeitslosigkeit. Außerdem würden wir dadurch sicherlich Geld sparen. Nun komme ich noch kurz zurück zum Entschließungsantrag der Regierungskoalition. Darin heißt es sinngemäß, dass Sie gedenken, in Zukunft verstärkt prüfen zu wollen, welche Branchen besonders stark von der Corona-Pandemie beeintrachtigt worden seien. Ja, das finde ich gut. Allerdings frage ich mich, warum Sie diese Prüfungen bisher nie vorgenommen haben. Schließlich gab es bereits seit Beginn der Pandemie massive Einschränkungen für unsere Volkswirtschaft. Wie passt das zusammen? Noch dazu habe ich Zweifel, ob Sie wirklich ernsthafte Absichten hegen. Warum stellen Sie uns keinen Zeitplan vor? Welches Datum nehmen Sie sich denn vor? Bis wann möchten Sie denn geprüft haben? Ohne einen solchen Plan bleibt es reines Lippenbekenntnis. Liebe Kolleginnen und Kollegen, mein letztes Wort gilt unserem Land. Unsere Bürgerinnen und Bürger sehnen sich danach, endlich wieder Normalität leben zu können. Doch leider sehen wir immer mehr, dass es dabei große Unterschiede zwischen Ost- und Westdeutschland gibt. Nachdem wir in diesem Haus lange genug über die Ungleichheiten diskutiert hatten, mussten wir uns eingestehen, dass wir nichts dagegen tun konnten. Jetzt sieht man, dass die Ungleichgewichte größer werden. Umso wichtiger ist es, dass wir gemeinsam handeln und Lösungen suchen. Meine Bitte lautet daher: Stellen Sie sich bitte der Realität und hören Sie auf, alles schönzurechnen. Nur dann haben wir die Chance, unser Land erfolgreich aus der Krise herauszubringen. Herzlichen Dank.","Liebe Zuschauerinnen und Zuchauer! Ich will Sie alle – die Kollegin Ferschl hat es angesprochen; ich glaube, auch andere haben das getan – dazu aufrufen: Gehen wir nicht immer von dem Extremfall aus! Schauen wir uns doch mal den Durchschnitt in unserem Lande an. Wenn man sich ansieht, was hier als „Minijob“ bezeichnet wird – nämlich einen Job für 450 Euro im Monat aufzunehmen oder etwas mehr; es kann ja bei zwei Verdienern zusammenkommen –, dann sieht man ganz deutlich: Das ist kein armutsfester Arbeitsplatz. Wir müssen natürlich darüber reden, wie man Armut bekämpft, aber nicht über solche Jobs. Man muss sehen, dass gerade junge Leute, Studierende sagen würden: Na gut, wenn mir mein Nebengeld fehlt, nehme ich halt so einen Minjob an. Aber das ist sicherlich keine Lösung dafür, Armut abzubauen. Insofern wäre da wirklich dringender Handlungsbedarf erforderlich gewesen. Nun möchte ich Ihnen sagen, warum unser Antrag falsch ist. Der erste Grund ist: Die Regierung selbst hat schon viel gemacht. Frau Präsidentin, erlauben Sie eine Zwischenfrage? Ja, sehr gerne. Vielen Dank, Herr Middelberg, für Ihre Bemerkungen. – Ich habe eben gehört, dass Sie gesagt haben, dass es noch nie in Deutschland einen höheren Mindestlohn gegeben hätte. Dem stimmt meine Fraktion vollständig zu. Ich würde jetzt gern wissen, ob Sie zustimmen können, dass dieser hohe Mindestlohn ohne diese Koalition niemals möglich geworden wäre. Dann würde mich interessieren, wo denn eigentlich Ihr Problem liegt. Können Sie bitte einmal klarstellen, weshalb Sie diesen hohen Lohn ablehnen wollen? Ich bin erstens dankbar für die Frage. Zweitens finde ich sie auch klasse. Denn damit kommen wir gleich zu meinem zweiten Punkt. Liebe Kollegen, liebe Kolleginnen, wenn Sie meinen Antrag lesen, werden Sie festgestellt haben, dass darunter steht: „Antrag der Fraktion CDU/CSU“. Also ist es unsere Fraktion, die diesen Vorschlag unterbreitet hat. Es gibt also keinen Grund, anzudeuten, wir hätten irgendetwas dagegen gehabt. Im Gegenteil: Wir sind sogar weitgehend dabei. Auch wir finden, dass der Mindestlohn richtig hoch sein sollte. Nur sollten wir ihn dort festsetzen, wo er arbeitsplätzeverträglich ist, und zwar verlässlich. Und genau darauf zielt unser Antrag ab. Genau um dieses Ziel geht es. Darüber streite ich mit Ihnen gar nicht. Über Ihren Antrag sprechte ich nur wenig, weil Sie nicht konkret genug formuliert haben, sondern lediglich einige Dinge zur Sprache bringen, über die wir schon lange diskutieren. So komisch, wie Sie sagen, ist unser Antrag nun gar nicht. Er sagt nämlich Folgendes: Wir brauchen eine Kommission. Diese soll prüfen, welche Auswirkungen es hat, wenn wir den Mindestlohn weiter erhöhen. Was passiert dadurch mit unseren Unternehmen? Wie viele Menschen gehen davon betroffenen Betrieben weg? Wo landet ihr Geld am Ende hin? Ist es sinnvoll, den Mindestlohn wieder stärker nach Branchenzugehörigkeit differenziert einzuführen? All dies sollen wir vor allem praxisnah untersuchen lassen, indem wir Unternehmer und Beschäftigte befragt werden, statt nur Daten heranzuziehen. Wer meint, wir müssten all das bereits heute wissen, der möge sich bitte melden. Für alles andere bin ich offen. Meine Damen und Herren, es besteht große Unsicherheit darüber, wie sich weitere Steigerungen auswirken könnten. Dabei ist bekanntermaßen der Mittelstand die tragende Säule unserer Volkswirtschaft. Dieser wird durch steuerliche Belastungen und Bürokratie ohnehin stark belastet. Deshalb dürfen wir ihnen nicht zusätzlich unnötige Kostenbelastungen und Risiken aufhalftern. Mit Blick auf die nächste Stufe des Mindestlohns fordere ich daher die Bundesregierung auf, ihre Pläne zurückzuhalten und stattdessen gemeinsam mit den Tarifpartnern konstruktive Wege zu suchen. Ein paar Beispiele vielleicht noch. Wir alle kennen bestimmt Geschichten, wie Firmenchefs versucht haben, die Preise ihrer Produkte entsprechend anzuheben, oder wie etwa Hoteliers ihre Zimmer teurer machen mussten, um die Mehrkosten tragen zu können. Es gab sogar Hotels, die geschlossen wurden. Bei anderen wurde Kurzarbeit angewandt, und das bedeutete oft auch, dass Mitarbeiter entlassen worden sind. Andere Konzerne verzichteten auf Expansionen oder investierten weniger in neue Technologien. Vor diesem Hintergrund frage ich: Ist es unterm Strich gerecht, wenn wir diese Problematik einfach ignorieren und uns nicht fragen, ob wir vielleicht etwas besser tun könnten, um den Mittelstand zu unterstützen? Da kommt der Antrag ins Spiel. Gerade beim Mindestlohn spielt die Balance zwischen Arbeitgeber- und Arbeitnehmerinteresse eine wichtige Rolle. Daher sage ich ganz bewusst: Eine gute Balance heißt nicht zwangsläufig, jedem Interessenten seinen eigenen Willen durchzusetzen, sondern Kompromisse einzugehen, die allen dienen. Zum Schluss sei angemerkt: Ich werde sicher nicht jeden Tag Mindestlohngeschichte in meiner Wahlkreiszeitung lesen, und ich weiß, dass Sie das wahrscheinlich auch nicht möchten. Dennoch ist es wichtig, dass wir uns regelmäßig mit diesen Fragen beschäftigen, um zu erkennen, wann es Zeit für Änderungen ist. Vielleicht fällt uns dann irgendwann einmal auf, dass der Mindestlohn nichts anderes als ein Instrument ist, welches die Politiker nutzen, um ihre eigene Meinung durchzudrücken. Das hilft jedoch keiner Seite. Vielen Dank für Ihre Aufmerksamkeit."
Union,Bundeswehreinsatz im Kosovo,"Sehr geehrte Damen und Herren,

wir stehen heute vor einem wichtigen Entscheidungsprozess: Der Verlängerung unseres Einsatzes in der KFOR-Mission im Kosovo. Es ist unsere Pflicht als verantwortliche Politikerinnen und Politiker, sorgfältig abzuwägen zwischen dem Schutz unserer Soldatinnen und Soldaten auf der einen Seite und unserem Engagement für Frieden und Stabilität auf der anderen.

Der Kosovo hat seit seiner Unabhängigkeitserklärung im Jahr 2008 enorme Fortschritte gemacht. Die wirtschaftlichen Rahmenbedingungen haben sich verbessert, die Infrastruktur wurde ausgebaut und es wurden bedeutende Anstrengungen unternommen, um den Rechtsstaat weiter zu stärken. Dennoch gibt es noch viel zu tun - insbesondere bei der Bekämpfung von Korruption und organisiertem Verbrechen sowie beim Aufbau funktionierender Institutionen.

Die Präsenz der internationalen Gemeinschaft inklusive Deutschlands durch KFOR trägt maßgeblich dazu bei, diese Herausforderungen anzugehen. Sie gewährleistet Sicherheit und Stabilität, ermöglicht freie Meinungs- und Pressefreiheit und unterstützt den Prozess der Versöhnung zwischen Serben und Albanern. 

Unsere Soldatinnen und Soldaten leisten hierbei hervorragenden Dienst unter schwierigen Bedingungen. Ihre Arbeit verdient höchste Anerkennung! Gleichzeitig müssen wir uns bewusst sein, dass jeder einzelne Tag ihres Einsatzes auch Risiken birgt – sei es durch terroristisch motivierte Gewalt oder Naturkatastrophen wie Überschwemmungen oder Erdbeben.
Es liegt an uns allen, alles dafür zu tun, damit sie bestmöglich geschützt sind und ihre Mission erfolgreich erfüllen können.

Deshalb spreche ich mich klar für eine weitere Beteiligung Deutschlands am KFOR-Einsatz aus. Wir dürfen nicht zulassen, dass jahrzehntelange Errungenschaften wieder zerfallen. Vielmehr gilt es, das Erreichte zu festigen und weiterhin aktiv zur Verbesserung der Lebensumstände beizutragen.

Gemeinsam mit unseren europäischen Partnerinnen und Partnern tragen wir so entscheidend dazu bei, dass der multiethnische Staat Kosovo dauerhaft stabil bleibt und seine Zukunft selbstbestimmt gestalten kann. Eine stabile Region Europa braucht starke Nachbarländer – gerade jetzt, wo wir gemeinsame Antworten finden müssen auf globale Krisen und Herausforderungen. Dafür setzen wir uns als Union konsequent ein!

Ich bitte Sie daher alle um Zustimmung zur Verlängerung des deutschen Engagements im Kosovo. Lassen Sie uns zusammenarbeiten, damit Deutschland seinen Beitrag für mehr Frieden und Zusammenhalt in Europa leistet. Danke.","Sehr geehrte Damen und Herren,

ich spreche heute als Mitglied der Unionsfraktion über den Einsatz unserer Bundeswehrsoldatinnen und -soldaten in der internationalen Schutztruppe KFOR im Kosovo.

Der Konflikt zwischen Serben und Albanern hat das Land seit dem Ende des Bosnienkrieges fest im Griff gehalten. Die Vereinten Nationen haben daraufhin entschieden, dass die internationale Gemeinschaft eingreifen muss, um Frieden und Stabilität wiederherzustellen. Deutschland ist Teil dieser multinationalen Truppe, um zur Sicherheit und Stabilisierung dieses Krisengebiets beizutragen.

Die Mission von KFOR besteht darin, einen sicheren Umfeld für die Rückkehr vertriebener Personen zu gewährleisten, den Übergangsprozess hin zu demokratischen Institutionen zu unterstützen sowie die territoriale Integrität und Souveränität des Kosovos sicherzustellen. Wir tragen dazu bei, ethnisch motivierte Gewalt einzudämmen und einen friedlichen Machtübergang an lokale Behörden voranzubringen.

Unsere Soldatinnen und Soldaten leisten hierbei hervorragende Arbeit unter schwierigen Bedingungen. Sie sind täglich im Einsatz, um die Bevölkerung zu schützen und damit auch unsere eigenen Interessen zu wahren: Freiheit, Demokratie und Menschenwürde weltweit zu verteidigen. Dafür gebührt ihnen unser Dank!

Trotz aller Fortschritte bleibt es eine Herausforderung, stabile Verhältnisse im multiethnischen Kosovo langfristig zu etablieren. Der Aufbau rechtsstaatlicher Strukturen braucht Zeit und Geduld. Auch wenn wir keine einfachen Lösungen bieten können – wir dürfen nicht nachlassen in unserem Engagement für Frieden und Versöhnung auf dem westlichen Balkan.

Deshalb appelliere ich an alle Fraktionen dieses Hauses: Lassen Sie uns gemeinsam hinter unseren Streitkräften stehen! Unsere Bundeswehr verdient unsere volle Unterstützung beim wichtigen Beitrag zur globalen Friedenssicherung. 

Ich danke Ihnen.","Sehr geehrte Damen und Herren,

ich stehe heute hier vor Ihnen als Mitglied der CDU/CSU-Bundestagsfraktion um über den aktuellen Einsatz unserer Soldatinnen und Soldaten in der multinationalen Friedensmission KFOR im Kosovo zu sprechen.

Der seit fast zwei Jahrzehnten währende Konflikt zwischen Serben und Albanern hat tiefe Narben hinterlassen. Viele Menschen mussten ihr Zuhause verlieren, Familien wurden auseinandergerissen. Umso mehr freut es mich feststellen zu können: Die Lage im Kosovo ist heute stabiler denn je!

Dieser Erfolg basiert auf dem unermüdlichen Engagement aller Beteiligten - allen voran unseren Soldatinnen und Soldaten, die dort ihren Dienst leisten. Sie sichern Stabilität, tragen zur friedlichen Koexistenz bei und ermöglichen so einen Neuanfang für viele Menschen. 

Aber wir dürfen uns nicht täuschen lassen: Es bleibt noch viel Arbeit! Der Aufbau von Rechtsstaatlichkeit und Demokratie geht nur langsam voran, Korruption und organisierte Kriminalität sind nach wie vor ernsthafte Probleme. Gerade jetzt müssen wir daher alles daransetzen, diese Mission fortzusetzen.

Wir alle wissen: Eine dauerhafte Sicherheit und Stabilisierung kann nur gelingen, wenn wir weiterhin entschlossen an einem Strang ziehen. Deshalb gilt unser Dank auch all jenen Staaten, die sich ebenfalls aktiv am Multilateralismus beteiligen – insbesondere den NATO-Partnern und der Europäischen Union.

Die Zukunft Jugoslawiens liegt in Europa. Mit dieser Überzeugung haben wir damals gehandelt und ich bin sicher, dass wir damit richtig lagen. Wir werden auch künftig unsere Verantwortung wahrnehmen und unseren Beitrag dazu leisten, dass das Land seinen Weg in eine bessere Zukunft findet.

Dafür brauchen wir aber auch Ihre Unterstützung sehr herzlich. Denn nur gemeinsam können wir erreichen, was nötig ist: Ein stabiles und prosperierendes Südeuropa, getragen vom Geist europäischer Solidarität und Zusammenarbeit. Ich bitte Sie daher: Stimmen Sie unserem Antrag zu und senden Sie damit ein starkes Signal an unsere Streitkräfte: Deutschland steht solidarisch an Ihrer Seite!

Vielen Dank.","Ich möchte mich zunächst bei den Soldatinnen und Soldaten bedanken für ihren Einsatz in diesem Lande hier am Balkan; denn es ist nicht nur die Frage: Was tun wir? Es geht auch um das Wie – wie gehen wir vor? Und ich glaube, dass man sagen kann, dass sich unsere Truppen dort sehr gut bewährt haben. Ich habe mir gestern noch einmal angeschaut, was sie alles leisten müssen. Sie sind nämlich nicht nur dafür da, dass sie Sicherheit gewährleistet bekommen, sondern sie helfen auch beim Aufbau von Infrastruktur. Das heißt also, sie bauen Straßen, Brücken usw., damit die Menschen wieder Zugang zur Versorgung erhalten. Deshalb muss man einfach mal feststellen, welch großartige Arbeit diese Frauen und Männer dort machen. Wir können ihnen wirklich dankbar sein. Meine Damen und Herren, wenn man über diesen Antrag spricht, dann darf man natürlich nicht vergessen, warum dieser Einsatz eigentlich notwendig wurde. Er begann ja schon kurz nach dem Ende dieses Krieges, als Serbien versuchte, seine Macht zurückzugewinnen. Man hat gesehen, welche Probleme es gab, weil viele Flüchtlinge aus Bosnien-Herzegowina zurückkehrten. Die Lage eskalierte damals immer weiter. Aber durch unseren Einsatz konnte verhindert werden, dass es erneut zu einem Bürgerkrieg kommt. Seitdem gibt es einen Friedensprozess auf dem Westbalkan. Diesen Prozess gilt es jetzt fortzusetzen. Denn die Situation ist heute ganz anders als damals. Heute wird deutlicher denn je, dass Europa zusammengehört. Der Ukraine-Konflikt zeigt uns doch, wie wichtig Zusammenhalt innerhalb Europas ist. Wenn man sieht, wie Russland agiert, dann weiß jeder, dass wir alle gemeinsam handeln müssen. Dazu gehört aber eben auch, dass wir uns kümmern, dass wir uns engagieren, gerade auch in Ländern wie dem Kosovo. Dort brauchen wir Stabilität. Nur so können wir sicherstellen, dass der gesamtwestliche Balkan dauerhaft stabil bleibt. Damit dies gelingt, müssen wir auch bereit sein, Verantwortung zu tragen. Genau darin liegt unser Interesse. Auch deshalb unterstützt Deutschland seit vielen Jahren den Staatsaufbauprozess in diesem Land. Mit unserer Hilfe konnten wichtige Reformen eingeleitet werden. So wurden beispielsweise die Justiz- und Polizeireformen vorangebracht sowie die Grundlage für eine unabhängige Presse geschaffen. Diese Erfolge zeigen, dass sich Investitionen lohnen. Jetzt steht allerdings die nächste Phase bevor. In wenigen Wochen soll es Neuwahlen geben. Das bedeutet, dass wir uns darauf einstellen sollten, dass es möglicherweise neue Herausforderungen geben könnte. Deshalb ist es richtig, dass wir uns frühzeitig Gedanken darüber gemacht haben, wie wir reagieren würden, falls es tatsächlich zu Unruhen kommen sollte. Umso mehr freue ich mich, dass wir uns bereits im Vorfeld geeinigt haben, wie wir vorgehen wollen. Im Koalitionsvertrag haben wir vereinbart, dass wir die Obergrenze für den deutschen Beitrag erhöhen wollen. Dann wäre es möglich, weitere Kräfte einzubinden. Außerdem sollen zusätzliche Mittel für zivile Maßnahmen zur Verfügung stehen. Allerdings hoffen wir, dass es gar nicht erst soweit kommt. Denn wir wissen, dass solche Einsätze viel Geld kosten. Gerade deshalb ist es wichtig, dass wir genau prüfen, ob und wann wir intervenieren müssen. Eine Intervention würde nämlich nicht nur Kosten verursachen, sondern auch Zeit beanspruchen. Beides kostet Ressourcen. Darüber hinaus müssten wir uns fragen, wer die Hauptakteure wären. Wer hätte die Führung inne? Welchen Einfluss hätten andere Akteure? Gibt es genug Personalressourcen? Solche Fragen stellen sich selbstverständlich auch bei anderen Kriseneinsätzen. Bei denen, wo wir bisher eingegriffen haben, waren wir erfolgreich. Dennoch dürften wir nie außer Acht lassen, dass jedes Eingreifen Konsequenzen hat. Deshalb sage ich Ihnen: Wir müssen abwarten, was passiert. Wir müssen sehen, was passiert. Wir müssen analysieren, was passiert. Und wir müssen entscheiden, was passiert. Aber eins will ich klar sagen: Unsere Unterstützung für den westlichen Balkan ist ungebrochen. Vielen Dank.","Ich möchte Ihnen von einem Besuch in Prizren erzählen; das ist die zweitgrößte Stadt im Kosovo nach Priština – ich war vor Kurzem dort –: Dort sind wir am frühen Morgen eingetroffen und haben gesehen, wie Kinder auf den Straßen spielten, wie sie zur Schule gehen. Wir waren an der Universität, wo junge Menschen studieren. Dann kamen wir ins Zentrum von Prizren. Da sah man einen großen Platz mitten in der Altstadt, und da standen viele Leute herum. Es gab aber keinen Markt oder Ähnliches. Die Polizei hat uns dann erklärt, dass es sich um eine Demonstration handelte, weil drei Tage davor zwei Personen aus dem Dorf Klokot bei Pristina getötet worden seien. Diese beiden jungen Männer hatten für ihre Heimat gekämpft, indem sie versucht hatten, illegal geschlagene Bäume wieder anzupflanzen. Sie wurden dabei erschossen. Das hat natürlich große Aufregung verursacht. Der Fall wurde untersucht; die Täter werden gesucht. Aber so etwas gibt es immer mal wieder. Solche Fälle passieren auch hier in Deutschland. Man kann nicht jeden Tag überall präsent sein. In diesem Fall kam es dazu, dass diese Proteste eskaliert sind. Am Ende dieses Tages wurden mehrere Hundertschaften Polizeikräfte gebraucht, um diesen Konflikt unter Kontrolle zu bekommen. Ich glaube, jeder von uns hätte Verständnis dafür gehabt, wenn unsere Soldaten interveniert hätten. Denn es ging darum, Leben zu retten. Deshalb bin ich dankbar, dass wir heute über einen solchen Einsatz reden können, über einen Einsatz, der wirklich lebensrettend ist. Er wird jetzt seit acht Jahren durchgeführt. Meine Damen und Herren, liebe Kolleginnen und Kollegen, was macht dieser Einsatz? Dieser Einsatz sorgt dafür, dass unser Land Sicherheit gewährleisten kann. Unser Land steht nämlich in der Pflicht gegenüber seinen Verbündeten. Wenn wir NATO-Partner sind, müssen wir unseren Teil beisteuern. Und wenn wir Partner sind, bedeutet dies, dass wir gemeinsam sicherstellen, dass Friedensverträge eingehalten werden, dass Rechtsstaatlichkeit herrscht und dass Demokratie funktioniert. Nur dadurch entsteht Stabilität in Europa, nur dadurch kommt es zu einem friedlichen Zusammenleben zwischen Serbien und Kosovos. Auch deswegen unterstützt die Europäische Union diesen Prozess. Mit Blick darauf muss ich sagen: Ja, es mag vielleicht noch nicht alles perfekt sein. Aber wir sehen doch Fortschritte. Denken Sie nur einmal zurück! Vor ziemlich genau zwanzig Jahren befand sich der Balkan in Aufruhr. Damals hatte ich meine erste Begegnung als junger Mensch mit dem Balkankonflikt. Anfang März 1999 saß ich zusammen mit meiner Familie vorm Fernseher und habe mir die Bilder vom Luftkrieg angesehen. Einige Monate später war ich mit Freunden im Urlaub in Italien. Als wir dort ankamen, mussten wir feststellen, dass alle Autokennzeichen weggesperrt worden waren, damit niemand mehr nach Jugoslawien fahren konnte. Viele Jahre lang konnten wir keine Grenze überschreiten, ohne kontrolliert zu werden. All das gehört nun endgültiger Vergangenheit an. Immerhin leben wir heute in einer Zeit, in der Menschen frei reisen dürfen. Dafür sollten wir dankbar sein. Das heißt jedoch keineswegs, dass wir uns entspannt zurücklehnen könnten. Nein, ganz im Gegenteil. Unsere Arbeit geht weiter. Es gilt, weiterhin aufeinander Acht zu geben. Umso wichtiger ist es, dass wir wissen, worauf wir achten müssen. Deshalb freue ich mich sehr darüber, dass wir uns gerade in der letzten Woche intensiv mit dem Bericht der Sonderermittlerin beschäftigt haben. Ich danke Frau Haase, unserer Generalkonsulin in Pris­tina, für ihren engagierten Beitrag. Ihr Engagement zeigt, welches Potenzial in unserem Land steckt. Gleichzeitig möchte ich betonen, welche Bedeutung die Rolle Deutschlands in Südosteuropa besitzt. Ich will gar nicht verschleiern, dass es schwierige Zeiten gegeben hat. Es wäre falsch, einfach wegzuschauen. Wir brauchen also nicht nur starke Streitkräfte, sondern auch Diplomatie. Genau das tun wir. Hierzu gehört auch, dass wir stets offen diskutieren. Dabei darf es aber nie heißen „Wir gegen euch“. Vielmehr sollte es lauten: Gemeinsame Interessen erkennen und gemeinsames Handeln ermöglichen. So sieht erfolgreiche Politik aus. Lassen Sie uns daher gemeinsam dafür arbeiten, dass wir stabile Verhältnisse erhalten und weitere Entwicklungsfortschritte erreichen können. Herzlichen Dank.","Liebe Kolleginnen und Kollegen! Wir haben heute die Gelegenheit, über den Einsatz unserer Soldatinnen und Soldaten in Mali zu sprechen. Sie befinden sich dort in einem Einsatzgebiet, das als instabil gilt – ich würde sagen: geradezu als Hochrisikogebiet einzustufen ist; denn wir erleben seit Monatsfrist einen Angriff auf unsere französisch geführte Militärmission MINUSMA durch bewaffnete Gruppen aus dem Norden Malis. Das Ziel dieser Gruppierungen besteht offensichtlich darin, alle internationalen Akteure von diesem Gebieten fernzuhalten oder sie zumindest stark zurückzudrängen. Die Auswirkung wäre dann natürlich, dass diese Region noch stärker unter Kontrolle extremistischer Kräfte geriete. Ich glaube, niemand will so etwas hier bei uns im Parlament beschließen lassen. Deshalb sind auch die Äußerungen unseres Außenministers ganz klar gewesen: Es geht nicht um militärische Vergeltungsaktionen, sondern es muss weiterhin versucht werden, die Bemühungen zur Stabilität in dieses Land hineinzutragen. Aber nachdem nun schon mehrere Verluste für die Franzosen zu beklagen waren und die Sicherheitslage insgesamt immer schlechter wird, müssen wir darüber reden, ob man diesen Einsatz fortsetzen kann bzw., wie er fortgesetzt werden soll. Unsere Soldatinnen und Soldaten brauchen da einfach Klarheit. Jetzt wissen viele Menschen draußen vor unseren Häusern gar nichts vom Konflikt zwischen Frankreich und Russland, aber irgendwie spüren sie doch, dass da was läuft. Und wenn die Politiker hier oben drüberreden, hat man eigentlich das Gefühl, sie hätten keine Ahnung, worum es wirklich geht. Also sollten wir mal ein bisschen Licht ins Dunkel bringen. Warum gibt es eigentlich Streit? Was liegt da hinter? In der Tat wurde ja viel geredet. Der russische Präsident Putin war sogar persönlich bei unserem Partnerstaat Mali. Er wollte dort den Frieden besiegeln. Aber tatsächliche Fortschritte gab es leider nicht. Im Gegenteil: Mit seiner Anerkennung der beiden abtrünnigen Provinzen Berg-Karabach und Südossetien gegen Georgiens Willen macht er sich mitschuldig an deren Unabhängigkeitserklärung. Damals wusste jeder Bescheid, dass dies nur dazu dienen sollte, neue völkerrechtswidrige Annexionen anzukündigen, nämlich die Ost-Ukraine und eben jetzt Nordost-Mali. Da wollen wir doch lieber nicht dabei sein, liebe Freunde. Denn wir haben sehr viel Kapital investiert, sowohl finanziell als auch personell, damit wir diese Situation verhindern können. Daran müssen wir festhalten, meine Damen und Herren. Für mich stellt sich außerdem die Frage: Wie lange sollen wir eigentlich noch für die territoriale Integrität des Staates Mali kämpfen? Ist es richtig, dafür Opfer zu bringen, und zwar materielle und menschliche, wenn wir gleichzeitig die Demokratisierung unterstützt sehen möchten? Diese Frage stellen mir übrigens einige Leute aus meinem Wahlkreis: „Warum soll Deutschland sich engagieren“, fragt der Taxifahrer, „wo die Franzosen sich eh zurückziehen?“ Ein anderer meint: Wenn die EU so blauäugig ist, ihre Truppe zusammenzuschmeißen, weil die Franzosen gehen, dann sollen wir es bitte schön bleibenlassen. Meinen Sie nicht, dass wir die Interessen Deutschlands besser vertreten könnten, indem wir selbstständiger agierten?“ Genau darauf kommt es doch am Ende des Tages an, meine Damen und Herren. Nach vielen Gesprächen bin ich aber davon überzeugt worden, dass die Mandate EUTM und MINUSMA trotz aller Widrigkeiten gut koordiniert sind. Beide Missionen stehen für gemeinsame europäische Außen- und Sicherheitsinteressen und tragen entschieden zur Verbesserung der Lage in Mali bei. Eine Alternative müssten also andere Länder bieten, ohne dass dadurch der gesamte regionale Ansatz infrage gestellt wird. Dafür sehe ich allerdings keine Perspektive. Man darf auch nicht vergessen, dass wir bereits die afrikanischen Partner intensiv eingebunden haben, sodass sie ihren eigenen Beitrag leisten können. So sind beispielsweise Kommandanten des G5-Sahel-Bataillons in Bamako stationiert. Zudem wurden die drei Hauptquartiere von MINUSMA, EUCAP Sahel Mali sowie EUMAM Mali zusammengelegt. Damit ist man effizienter geworden und nutzte Ressourcen optimal. Allerdings, Frau Ministerin Baerbock, dürften diese Strukturreformen erst einmal ruhen. Ihre Aussagen beim letzten Verteidigungsausschuss habe ich jedenfalls so interpretiert, dass die Europäische Gemeinschaft aktuell nicht berechtigt sei, sich zu entbinden. Auch die NATO könnte ihr Engagement zunächst weiterführen. Schließlich laufe die UN-Mission noch mindestens zwei Jahre. Mein Fazit lautet daher: Wir setzen das Mandat weiter fort. Danke."
Union,Wirtschaftshilfen Corona,"Sehr geehrte Damen und Herren,

wir stehen vor großen Herausforderungen in unserer Gesellschaft aufgrund der COVID-19-Pandemie. Die Ausbreitung des Virus hat tiefe Spuren hinterlassen - sowohl im privaten als auch im wirtschaftlichen Bereich.

Die Bundesregierung hat umfangreiche Maßnahmen ergriffen, um die Folgen abzumildern. Dazu gehören unter anderem Kurzarbeitergeld, Überbrückungskredite für Unternehmen sowie direkte Zuschüsse zur Sicherstellung von Löhnen und Gehältern. Diese Hilfspakete waren notwendig und richtig, um Arbeitsplätze zu sichern und Existenzen zu retten.

Doch wir dürfen nicht vergessen: Wir haben noch einen langen Weg vor uns. Viele Branchen leiden weiterhin stark unter den Einschränkungen. Insbesondere kleine Betriebe und Solo-Selbstständige benötigen unsere Unterstützung mehr denn je.

Deswegen fordert die CDU/CSU-Bundestagsfraktion weitere gezielte Hilfsmaßnahmen:

Erstens brauchen wir ein verlängertes Programm für das Kurzarbeitergeld über den Juni hinaus. Gerade dort wo es keine Perspektive gibt wieder voll arbeiten zu können, muss der Staat aushelfen.

Zweitens müssen wir sicherstellen, dass alle Selbständigen Zugang zum Soforthilfeprogramm erhalten – unabhängig davon ob sie Gewerbetreibende oder Freiberufler sind.

Und drittens sollten wir prüfen wie wir besonders betroffene Sektoren wie Gastronomie, Kultur und Tourismus durch zielgerichtete Programme unterstützen können.

Wir dürfen jetzt nicht nachlassen! Es geht darum Jobs zu sichern, Existenzen zu bewahren und unseren Mittelstand zu stärken. Nur gemeinsam werden wir diese Krise meistern!

Vielen Dank.","Sehr geehrte Damen und Herren,

wir stehen vor einer beispiellosen Herausforderung: Die COVID-19-Pandemie hat unsere Gesellschaft und Wirtschaft hart getroffen. Umso wichtiger ist es nun, entschlossen und solidarisch zusammenzustehen.

Die Bundesregierung hat bereits umfangreiche Maßnahmen ergriffen, um die Ausbreitung des Virus einzudämmen und Unternehmen sowie Arbeitnehmerinnen und Arbeitnehmern in dieser Krisensituation unter die Arme zu greifen. Wir als Union unterstützen diese Bemühungen nach Kräften.

Doch wir dürfen nicht vergessen: Diese Pandemie wird noch lange anhalten – vielleicht sogar über Jahre hinweg. Daher müssen wir jetzt vorausschauend handeln und Weichen für den wirtschaftlichen Neuanfang stellen.

Unsere oberste Priorität muss sein, Arbeitsplätze zu sichern und Existenzen zu retten. Dafür braucht es gezielte Hilfsprogramme - sowohl kurzfristig zur Überbrückung akuter Liquiditätsengpässe als auch mittelfristige Unterstützung bei der Transformation unserer Wirtschaft.

Wir fordern daher von der Regierung einen ""Wirtschaftsfonds Deutschland"", aus dem zinsgünstige Kredite bereitgestellt werden können. Damit soll insbesondere kleinen und mittelständischen Betrieben geholfen werden, durch die Krise zu kommen.

Darüber hinaus setzen wir uns dafür ein, dass steuerliche Erleichterungen verlängert oder angepasst werden. So sollte etwa das Kurzarbeitergeld weiterhin großzügig ausgelegt und flexibel genutzt werden können.

Auch Investitionen sind unverzichtbar! Gerade jetzt gilt es, in Zukunftsbereiche wie Digitalisierung, Bildung und Infrastruktur zu investieren. Nur so können wir gestärkt aus der Krise herauskommen.

Meine sehr verehrten Damen und Herren,
die kommenden Monate werden schwierig bleiben. Aber ich bin fest davon überzeugt, dass wir sie meistern werden – wenn wir gemeinsam stark bleiben und zusammenrücken!

Vielen Dank.","Sehr geehrte Damen und Herren,

wir stehen heute vor enormen Herausforderungen: Die Ausbreitung von COVID-19 hat tiefe Spuren in unserer Gesellschaft hinterlassen und die Wirtschaft unseres Landes schwer getroffen. Es ist unsere Aufgabe als Politikerinnen und Politiker, entschlossen und solidarisch zusammenzustehen und alles daran zu setzen, um diese Krise bestmöglich zu bewältigen.

Die Bundesregierung hat bereits schnell und unbürokratisch Hilfspakete geschnürt, um Unternehmen, Selbstständige und Arbeitnehmer*innen finanziell zu unterstützen. Diese Maßnahmen waren notwendig und richtig - doch wir dürfen nicht vergessen: Wir sind noch lange nicht am Ende dieser Pandemie. Deshalb müssen wir jetzt weiterhin handeln – konsequent, zielgerichtet und verantwortungsbewusst!

Wir als Union werden alles tun, damit niemand zurückgelassen wird! Unser Ziel bleibt klar: Jedes Unternehmen muss durch diese schwere Zeit kommen können, jeder Arbeitsplatz muss erhalten bleiben und kein Mensch darf Angst haben, seinen Job oder seine Existenzgrundlage zu verlieren.
Deshalb fordern wir als Union weitere gezielte Unterstützung für Betriebe, insbesondere kleine und mittlere Unternehmen sowie Solo-Selbständige und Kulturschaffende, die besonders hart von den Folgen der Krise betroffen sind.

Darüber hinaus brauchen wir einen fairen Lastenausgleich zwischen jenen Branchen, die stark belastet wurden und denen, die im Gegenteil sogar profitieren konnten. Niemand kann es hinnehmen, dass einige wenige ihre Gewinne in Rekordhöhe steigern, während andere ums Überleben kämpfen. Hier gilt es klare Regeln aufzusetzen und ggf. auch Umsatzsteuerrückzahlungen entsprechend anzupassen.

Ein besonderer Fokus liegt dabei natürlich auf dem Mittelstand. Er bildet das Rückgrat unserer Volkswirtschaft und trägt maßgeblich zur Schaffung von Arbeitsplätzen bei. Seine Stärke und Innovationskraft wollen wir nachhaltig sichern und ausbauen. Dafür benötigt er gerade jetzt unsere volle Unterstützung. 

Gleichzeitig dürfen wir aber auch die langfristigen Perspektiven nicht außer Acht lassen. Nach überstandenem Krisenmodus gilt es, die Weichen neu zu stellen für mehr digitale Infrastruktur, Forschung & Entwicklung und Bildungsangebote. Nur so können wir unseren Wohlstand sichern und neue Chancen nutzen.

Liebe Mitbürgerinnen und Mitbürger,
die Bewährungsprobe steht uns allen bevor. Lasst uns gemeinsam anpacken, Verantwortung zeigen und füreinander da sein!
Es geht um nichts Geringeres als den Zusammenhalt unserer Gesellschaft - in guten wie in schlechten Zeiten. Und darauf können Sie sich als Bürger dieses Landes verlassen: Die Union steht fest an Ihrer Seite!","Die Coronakrise hat die Weltwirtschaft in einen tiefen Konjunktureinbruch gestürzt; das ist unbestritten. Die Bundesregierung reagiert darauf seit März dieses Jahres mit einem umfassenden Maßnahmenpaket zur Stabilisierung unserer Volkswirtschaft. Es geht darum – ich sage es ganz deutlich: Wir haben keine Zeit für ideologischen Streit oder parteipolitisch motivierte Auseinandersetzungen –, dass wir unsere Unternehmen durch diese Krise bringen und Arbeitsplätze erhalten. Das ist unser Ziel. Dafür stehen wir als CDU/CSU-Fraktion im Deutschen Bundestag. Ich will an dieser Stelle auch sagen: Der Deutsche Bundestag steht geschlossen hinter den Hilfsmaßnahmen der Regierungsfraktionen. Meine Damen und Herren, wenn man sich anschaut, was bisher auf den Weg gebracht wurde, dann kann man feststellen: Dieses Paket war erfolgreich. Insgesamt wurden über 50 Milliarden Euro ausgezahlt. Über 5 Millionen Anträge sind bearbeitet worden. Allein bei dem Kreditprogramm „KfW-Schnellkredite“ waren es fast 4 Millionen Anträge. Damals gab es noch nicht einmal eine Homepage dafür. Diese Zahlen zeigen doch eins sehr klar: Unsere Unternehmerinnen und Unternehmer brauchen jetzt schnelles Geld statt langatmiger Debatten hier im Hohen Haus. Deshalb muss es weiterhin schnell gehen beim Auszahlungsvorgang von staatlichen Mitteln. Und ja, da gibt es Verbesserungsbedarf. Aber ich bin mir sicher, dass die Verantwortlichen alles tun werden, damit es künftig besser wird. Auch die Länder müssen ihre Hausaufgaben machen. Sie können dabei helfen, indem sie beispielsweise mehr Personal bereithalten. Denn nur so kommen wir voran. Liebe Kolleginnen und Kollegen, lassen Sie mich aber auch etwas Grundsätzliches ansprechen. Wenn wir uns heute darüber unterhalten, wie wir aus diesem Tief herauskommen wollen, dann dürfen wir nicht vergessen, welche wertvolle Arbeit viele Menschen jeden Tag leisten. Viele arbeiten hart am Limit ihrer Belastbarkeit. Manche sogar darüber hinaus. Andere wiederum verlieren ihren Job. Für all dies gilt mein außerordentlicher Dank. Gleichzeitig möchte ich aber auch betonen: Ohne die vielen kleinen Betriebe wäre Deutschland gar kein Land geworden. Sie tragen maßgeblich dazu bei, dass wir alle gut leben können. Darüber sollten wir nie vergessen. Vielen Dank!","Die Bundesregierung hat in den letzten Monaten viele Maßnahmen ergriffen, um die Folgen dieser Krise für unsere Bürgerinnen und Bürger abzumildern. Wir haben einen Rettungsschirm aufgespannt; wir haben Kurzarbeitergeld gezahlt – das ist auch richtig so gewesen –; wir haben Unternehmen geholfen, damit sie nicht pleite gehen mussten. Das war alles gut und wichtig. Aber es gibt eben immer noch Menschen, denen diese Hilfsmaßnahmen nicht gereicht haben oder die gar nichts bekommen konnten: Selbstständige wie Frisöre, Kosmetiker, Künstler, Schausteller usw., aber auch Freiberufler, Solo-Selbstständige, Kleinunternehmer. Sie alle waren von Anfang an im Stich gelassen worden. Deshalb muss man sagen: Es wäre wirklich schön gewesen, wenn sich Frau Merkel mal bei diesen Leuten entschuldigt hätte. Denn diese Leute sind ja eigentlich Opfer Ihrer Politik, weil sie keine Lobby hatten. Diese Gruppen brauchen jetzt dringend Hilfe, sonst werden sie nämlich durch diese Krise tatsächlich zerrieben werden. Jetzt kommt natürlich gleich wieder der Vorwurf aus Ihren Reihen, dass wir hier nur über kleine Betriebe redeten, als ob da irgendwie kein Geld reinkommen würde. Ich kann Ihnen dazu nur eins sagen: Die größten Verlierer dieser Pandemie sind doch die kleinen und mittelgroßen Familienbetriebe, die seit Generationen erfolgreich wirtschaften und deren Geschäftsmodelle plötzlich kaputtgemacht wurden. Da geht es um Hunderttausende Arbeitsplätze, die verloren gegangen sind, und zwar dauerhaft. Und was macht die Regierungsfraktion? Was machen Sie denn? Sie verschanzen sich hinter dem Hinweis darauf, dass die Länder zahlen müssten. Dabei wissen Sie ganz genau, dass die Kommunen am Ende dafür haften müssen. Also stellen Sie sich bitte nicht hin und tun so, als würden Sie etwas Gutes für die Kleinen tun! Dafür kriegen Sie von uns keinen Applaus. Meine Damen und Herren, ich habe schon gesagt: Viele dieser Unternehmensgruppen können leider nicht vom Kurzarbeitprogramm profitieren. Deshalb wurde nun endlich der Härtefallfonds beschlossen. Er soll insbesondere Existenzbedrohungen auffangen helfen. Allerdings wird dieser Fonds erst Mitte Juni zur Verfügung stehen. Bis dahin dürfte vielen Existenzen bereits das Wasser bis zum Hals gestanden haben. Darüber hinaus besteht nach meinem Kenntnisstand bisher keinerlei Sicherheit darüber, wann der Zuschuss ausgezahlt wird. Hierzu möchte ich gerne zwei Fragen an Herrn Minister Scholz richten. Wie hoch ist denn der maximale Auszahlungsbetrag pro Fall? Ist geplant, dass die Mittel anteilig ausgezahlt werden, also beispielsweise monatliche Abschlagszahlungen statt einmaliger Zahlungen? Können Sie mir bestätigen, dass Ihre Ankündigung, „dass jeder Anspruchsteller innerhalb weniger Tage sein Geld bekommt“, weiterhin gilt? Liebe Kolleginnen und Kollegen, gerade vor diesem Hintergrund halte ich es für unverantwortbar, dass die Koalitionsmehrheit unseren Änderungsantrag ablehnen will, mit dem wir fordern, dass der Bund zusätzlich 50 Prozent der Kosten trägt. Gerade für diese betroffenen Branchen wäre dies eine wichtige finanzielle Entlastung. Wenn Sie meinen, dass dieses Geld dann beim Bund fehlen könnte, sage ich Ihnen: Dann nehmen Sie einfach mehr Schulden auf! Wer weiß, vielleicht hilft das sogar gegen Ihr Wahldebakel. Zum Schluss komme ich zurück auf meine Eingangsfrage: Warum hört man von der Kanzlerin nie irgendeins Wort des Bedauerns wegen ihrer Entscheidungen, sondern stets nur leere Versprechungen? Vielleicht liegt das daran, dass Angela Merkels Herz längst nicht mehr für Deutschland schlägt. Einem deutschen Volkspolitiker gehört seine Heimat viel mehr. Sehr geehrter Herr Präsident, sehr verehrtes Publikum, liebe Landsleute, ich freue mich außerordentlich, heute die Gelegenheit zu nutzen, allen Mitgliedern unserer AfD-Fraktion persönlich Danke zu sagen. Jeder einzelne Mitarbeiter und jede einzelne Mitarbeiterin unseres Teams hat in den vergangenen Wochen unter erschwerten Umständen Großartiges geleistet. Ich danke ihnen herzlich für ihre Einsatzbereitschaft, ihr Engagement und ihren Teamgeist. Ohne sie könnten wir hier nicht arbeiten. Ich darf Sie bitten, kurz innezuhalten und sich an all jene zu erinnern, die jeden Tag hart dafür kämpfen, dass wir morgen besser leben können. Denken Sie dabei besonders an diejenigen, die selbstlos anderen helfen wollen und dabei oft genug selber kaum Zeit finden, um ihrem eigenen Leben Sinn zu geben. In Zeiten großer Herausforderungen zeigt sich, wer bereit ist, Verantwortung zu tragen. Ich bin stolz auf mein Team. Für Sie alle bedanke ich mich recht herzlich.","Die Menschen in unserem Land haben das Vertrauen in die Politik verloren; denn sie erwarten von uns nicht nur schnelle Entscheidungen, sondern auch klare Ansagen: Was ist jetzt wichtig? Wie gehen wir es an? Wo bleiben wir dabei auf dem Teppich? Wir müssen ihnen sagen: Es geht um unser aller Gesundheit. Jeder Einzelne kann helfen. Diejenigen, die krank sind oder sich Sorgen machen, sollen Zuversicht bekommen – gerade durch diese Maßnahmen heute hier im Parlament. Das gilt für alle Bürgerinnen und Bürger dieses Landes, aber ebenso für unsere Unternehmen und Selbstständige. Sie stehen vor großen Herausforderungen; ihr Überleben steht auf dem Spiel. Viele können ihre Arbeitsplätze nicht mehr erhalten. Deswegen müssen wir alles dafür tun, dass möglichst viele davon bewahrt werden. Dazu gehört natürlich, dass man den Leuten hilft. Aber es wird auch nötig sein, neue Weichenstellungen vorzunehmen. In dieser Krise zeigt sich, was unsere Industrie leistet. Im Moment arbeiten zirka zwei Millionen Beschäftigte bei BMW, Audi, Volkswagen und Co in Kurzarbeit. Trotzdem laufen Produktionen weiter, damit Autos exportiert werden können, weil andere Länder noch nicht so stark betroffen sind wie Deutschland. Dieser Zusammenhalt unserer deutschen Unternehmer mit ihren Mitarbeitern muss belohnt werden. Liebe Kollegin Göring-Eckardt, Sie forderten am Wochenende erneut staatliche Bürgschaften für Kredite zur Rettung kleiner Betriebe. Ich frage mich schon lange: Warum setzen Sie Ihre Forderung eigentlich nie um, wenn Sie doch immer wieder darüber reden? Schließlich hat die Bundesregierung bereits einen entsprechenden Beschluss gefasst. Der Staat bürgt nunmehr ab sofort für alle KfW-Kreditanträge kleinerer Firmen. Damit sind überall in Deutschland schnellstmöglich Finanzierungsangebote erhältlich. Alle anderen Fragen, liebe Grünenkollegen, müsse ich Ihnen leider abschlagen, da es einfach falsche Behauptungen waren. Ja, richtig! Auch darunter fallen selbstverständlich Frisiersalons sowie Kosmetiker- und Nagelstudios. Meine Damen und Herren, meine Lieblingsfrage lautete dann „Was passiert, wenn jemand sein Geschäftsmodell ändern will?“ Da sage ich ganz klar: Unsere Unternehmen dürfen natürlich keine neuen Produkte herstellen oder Dienste anbieten, solange dadurch bestehende gesetzliche Regeln gebrochen würden. Eine Änderung des Modells darf also niemals gegen geltendes Recht verstoßen. Wenn das der Fall wäre, würde dies allerdings keinen Freibrief bedeuten, illegale Praktiken auszuüben. Dann gibt es übrigens garantiert keine Genehmigung vom Staat. Wer seine Kunden beispielsweise bitten möchte, Toilettenpapier als Gutscheinkarte einzulagern, sollte lieber aufhören zu träumen, weil das nämlich illegal ist. Meine sehr geehrte Frau Kollegin Göring-Eckardt, nach Ihren Worten könnte ja jeder Ladenbesitzer jeden Tag etwas anderes veranstalten, ohne dass er jemals irgendeinen Zweifel hätte. Darüber hinaus sollten wir uns fragen, ob wir wirklich wollen, dass die Lebensmittelversorgung in diesem Land zusammenbricht. Ich glaube, darauf wären wir sicher gemeinsam stolz. Denn wer braucht schon Supermärkte während einer Pandemie? Bei all diesen Diskussionen vergessen wir meines Erachtens viel zu oft, worauf es tatsächlich ankommt. Und zwar kommen mir folgende Punkte in den Sinn: erstens Solidarität untereinander, zweitens Respekt voreinander, drittens Vernunft und Einsicht sowie viertens Dankbarkeit für unsere Mitarbeiter in Krankenhäusern, Pflegeheimen und Notfallstationen. Gerade letzterer Punkt kommt meiner Meinung nach viel zu kurz. Vielen Dank für Ihr Zuhören."
Union,Gaspreise,"Sehr geehrte Damen und Herren,

wir stehen vor enormen Herausforderungen in Bezug auf die Energieversorgungssicherheit Deutschlands und Europas. Die aktuelle Situation am globalen Gasmarkt ist geprägt von Unsicherheiten und steigenden Preisen.

Die Gründe dafür sind vielfältig: Der russische Angriffskrieg gegen die Ukraine hat nicht nur zu einem massiven Einbruch bei den Erdgaslieferungen aus Russland geführt, sondern auch das Vertrauen in stabile Lieferketten erschüttert. Zudem haben Spekulationen an den internationalen Finanzmärkten sowie wetterbedingte Faktoren wie eine mildere Winterperiode im letzten Jahr dazu beigetragen, dass sich die Lage weiter verschärft hat.

Als CDU/CSU-Fraktion sehen wir uns in der Pflicht, entschiedene Maßnahmen zur Stabilisierung der Marktpreise und zur Entlastung der Bürgerinnen und Bürger zu ergreifen. Wir müssen alles daran setzen, unsere Versorgungsabhängigkeit von einzelnen Ländern zu reduzieren und gleichzeitig alternative Bezugsquellen für fossiles Erdgas zu erschließen.

Dazu gehört zunächst einmal eine beschleunigte Ausweitung erneuerbarer Energien als langfristige Lösung. Nur durch einen konsequenten Um- und Aufbau unserer Stromproduktion können wir unabhängiger werden vom Import von fossilen Brennstoffen. Hierbei gilt es insbesondere Windenergie und Solarenergie stärker auszubauen und dabei sowohl private Haushalte als auch Unternehmen finanziell zu unterstützen.

Zur kurzfristigen Absicherung der Versorgungslage müssen wir zudem alle Möglichkeiten nutzen, um zusätzliche Kapazitäten zu schaffen - sei es durch LNG-Terminals oder Pipelineverbindungen nach Nordeuropa. Auch hier braucht es schnelle Entscheidungen seitens Politik und Behörden, damit diese Projekte zeitnah realisiert werden können.

Nicht zuletzt wollen wir sozial gerechte Mechanismen etablieren, um besonders betroffene Menschen effektiv zu entlasten. Eine faire Verteilung der Lasten muss gewährleistet sein – niemand darf zurückgelassen werden! Dafür streben wir u.a. eine temporäre Senkung der EEG-Umlage und weitere direkte Hilfen für einkommensschwache Familien an.

Liebe Kolleginnen und Kollegen,
die aktuellen Krisenzeiten stellen uns vor große Herausforderungen. Aber sie zeigen auch deutlich: Es geht jetzt darum, mutig neue Wege einzuschlagen und pragmatische Lösungen zu finden. Mit dem klaren Blick darauf, was wirklich notwendig ist und ohne ideologischen Ballast. Denn eins steht fest: Deutschland kann mehr tun, um seine Energieversorgung sicherer und bezahlbarer zu machen!

Ich danke Ihnen.","Sehr geehrte Damen und Herren,

wir stehen vor großen Herausforderungen: Die Energiekrise infolge des Ukraine-Krieges hat die Preise für Strom und insbesondere Erdgas in ungeahnte Höhen getrieben. Viele Bürgerinnen und Bürger sorgen sich um ihre Zukunft und fragen sich, wie sie diese enorm gestiegenen Kosten bewältigen sollen.

Als CDU/CSU-Fraktion im Deutschen Bundestag ist es uns wichtig, dass niemand zurückgelassen wird. Deshalb haben wir bereits zahlreiche Maßnahmen auf den Weg gebracht, um Familien und Unternehmen finanziell zu entlasten:

Zum einen haben wir das ""Erdölbevorratungs- und -verwertungsgesetz"" angepasst. Dies ermöglicht es dem Staat nun, bei einem Versorgungsengpass schnell handeln zu können. So stellen wir sicher, dass auch künftig genügend Gas zur Verfügung steht.

Darüber hinaus haben wir das Wohngeld erhöht und ausgeweitet, so dass mehr Menschen Anspruch darauf haben. Auch die Pendlerpauschale wurde verdoppelt, damit Berufspendler nicht zusätzlich belastet werden. Mit diesen Maßnahmen wollen wir verhindern, dass einkommensschwache Haushalte unter der Krise leiden müssen.

Für energieintensive Betriebe gibt es zudem Hilfen über das Kreditprogramm ""KfW-Sonderprogramm Energieeffizienz"". Damit soll Investitionen in effiziente Technologien erleichtert werden.

Wir setzen außerdem alles daran, unabhängiger von russischem Öl und Gas zu werden. Dazu gehört neben dem beschleunigten Ausbau erneuerbarer Energien auch die Unterstützung unserer Partnerländer beim Aufbau eigener Kapazitäten. Nur gemeinsam können wir langfristige Lösungen finden.

Gleichzeitig dürfen wir aber auch die Chancen dieser Situation nicht vergessen. Der Umbau unseres Energiesystems hin zu nachhaltigkeit bietet große Potenziale – ökonomisch wie ökologisch. Wir als Unionsfraktion werden daher weiterhin konsequent an diesem Ziel arbeiten.

Lassen Sie mich abschließend betonen: In schwierigen Zeiten muss Politik zusammenhalten. Es geht jetzt darum, Verantwortung zu zeigen und entschiedene Schritte einzuleiten. Das tun wir als Union mit Entschlossenheit und Augenmaß. Denn nur gemeinsam meistern wir diese Krise!

Vielen Dank.","Sehr geehrte Damen und Herren,

wir stehen vor großen Herausforderungen: Die Energiekrise hat die Welt erfasst und uns alle hart getroffen. Insbesondere die steigenden Gaspreise belasten viele Menschen in unserem Land enorm.

Wir als Union haben es uns zur Aufgabe gemacht, unsere Bürgerinnen und Bürger in dieser schwierigen Zeit nicht im Stich zu lassen. Es ist unser Anspruch, faire Lösungen für alle anzubieten - unabhängig von Alter oder Einkommen.

Deshalb werden wir umgehend einen Entlastungspaket auf den Weg bringen, das gezielt dort ansetzt, wo Hilfe am meisten gebraucht wird:

Für einkommensschwache Haushalte wollen wir einen Heizkostenzuschuss einführen. Dieser soll unbürokratisch ausgezahlt werden und sicherstellen, dass niemand frieren muss. Gleichzeitig setzen wir auch bei Familien mit Kindern zusätzliches Geld an, um ihnen entstandene Mehrbelastungen abzufedern.

Unternehmen, die unter hohen Kosten leiden, unterstützen wir durch zielgerichtete Hilfsprogramme. Dabei achten wir darauf, dass diese Mittel schnell und effektiv fließen können. Denn jeder Euro hilft, Arbeitsplätze zu sichern und Krisenzeiten gemeistert zu bekommen.

Gleichzeitig wissen wir aber auch: Langfristige Lösungsansätze sind gefragt! Deshalb investieren wir massiv in erneuerbare Energien und Energieeffizienz. Nur so können wir dauerhaft günstiges und klimaneutrales Gas gewährleisten. 

Unsere Maßnahmen zeigen: Wir nehmen die Sorgen unserer Mitbürger ernst und handeln entschlossen. Gerade jetzt brauchen wir Zusammenhalt und Solidarität – dafür steht die Union!

Ich danke Ihnen.","Die Bundesregierung hat in den letzten Tagen die Notbremse gezogen; sie musste das tun. Sie hat einen Schritt nach vorne gemacht – aber leider nur einen kleinen: Die Entlastungspakete sind nicht ausreichend. Das ist auch meine Meinung als Vorsitzender des Ausschusses für Ernährung und Landwirtschaft. Ich will Ihnen sagen, warum ich diese Auffassung habe. Wir haben im Koalitionsvertrag vereinbart, dass wir uns um die Menschen kümmern wollen, die es wirklich hart trifft. Aber wenn man sich anschaut, wer von diesen Paketen profitiert, dann stellt man fest: Es gibt sehr viele Leute, die davon nichts oder wenig bekommen werden. Wenn Sie jetzt auf die Zahlen gucken, dann sehen Sie, dass etwa zwei Drittel aller Haushalte weniger als 2 000 Euro brutto verdienen. Diese Gruppe wird überhaupt keine Unterstützung erhalten. Und selbst bei denen, die mehr Geld zur Verfügung haben, reicht es oft nicht. Deshalb sage ich ganz klar: Der Staat muss hier noch mal ran! Wir brauchen weitere Maßnahmen. Herr Kollege, erlauben Sie eine Zwischenfrage? Nein. – Jetzt komme ich zu dem Punkt, wo es mir besonders wichtig wäre, dass wir gemeinsam handeln. Denn was passieren würde, wenn wir nicht handelten, kann man an anderen Ländern erkennen. In Großbritannien beispielsweise gab es bereits Ende Februar dieses Jahres einen Angriff Russlands gegen die Energieversorgungsinfrastruktur. Dort wurden große Teile der Infrastrukturen zerstört. Was dort heute los ist, können wir alle miterleben. Auch Frankreich wurde angegriffen. Da sieht man, wie schnell so etwas gehen kann. Man sollte also besser vorausschauend planen und handeln. Meine Damen und Herren, wir müssen alles dafür tun, damit unsere Versorger weiterhin ihre Aufgaben wahrnehmen können. Dabei geht es natürlich darum, dass wir genügend Strom produzieren. Daran arbeiten wir ja schon seit Jahren intensiv. Ein wichtiger Baustein dabei ist die Biomasse. Hierzu gehört übrigens auch Holzhackschnitzel. Dieses Jahr soll wieder viel Wald gerodet werden. Damit könnte man nämlich zusätzlich Strom produzieren. Doch dazu kommt es gar nicht erst. Warum eigentlich nicht? Weil die Grünen dagegen sind. Also, liebe Grüne, bitte schön: Machen Sie endlich Schluss mit dieser Blockadehaltung! Dann hätten wir vielleicht sogar genug Strom. Gleichzeitig müssen wir aber auch darauf achten, dass wir unseren Verbrauch senken. Genau da liegt doch unser Problem. Unser Verbrauch steigt immer weiter. Immer höhere Preissignale helfen uns da nicht. Wir brauchen vielmehr effiziente Technologien. Wir brauchen Innovationen. Wir brauchen neue Produkte. Wir brauchen Ideen. Allerdings blockt genau dies die Ampel ab. Beim Klimaschutzgesetz verhindert die FDP jede ambitionierte Zielsetzung. Bei der CO2-Reduktion beim Heizen sagt die SPD nein. Beim Ausbau der Wasserstofftechnologie macht die SPD ebenfalls keinen einzigen Schritt. Liebe Ampelfraktionen, machen Sie endlich Ihre Hausaufgaben! Setzen Sie sich durch! Sonst kommen wir nie ans Ziel. Vielen Dank.","Wenn wir uns heute hier im Plenum die Lage auf dem Energiemarkt anschauen – das ist ja auch in den letzten Tagen geschehen; es gab mehrere Debatten dazu –, dann stellen wir fest: Die Situation an sich hat sich nicht verändert. Wir haben immer noch einen sehr hohen Preis für Strom und vor allem für Erdgas. Aber was sich geändert hat, sind zwei Dinge. Erster Punkt: Das Bundeswirtschaftsministerium hat gestern Nacht um Mitternacht einen Vorschlag gemacht, wie man die Unternehmen entlasten kann. Zweitens – da bin ich bei Ihnen, Herr Kollege Lindner –: Es gibt jetzt ganz offenkundig keine Mehrheit dafür, dass diese Entlastung tatsächlich kommt. Ich will beides kurz ansprechen. Der erste Punkt betrifft natürlich die Frage nach der Notwendigkeit dieser Maßnahme überhaupt. Da sage ich ausdrücklich: Ja! Nachdem Sie mich letzte Woche kritisiert hatten, weil ich behaupte habe, dass die Preissenkungen von 2 Euro pro Megawattstunde, die durch die Abschaffung der EEG-Umlage möglich werden, eben doch nur halb so viel wären wie die 4 Euro pro Megawattstunde, die wir als Zielsetzung beim Klimaschutzgesetz formuliert hätten, muss ich sagen: Jetzt sehen wir doch, dass die 5 Cent je Kilowattstunde, die wir zugesagt haben, vielleicht gar nichts bringen. Deshalb müssen wir darüber reden, ob wir diesen Betrag erhöhen können oder ob wir andere Formulierungen finden, damit wir wirklich etwas tun gegen diese steilste Kurve seit Beginn der Aufzeichnung von Verbraucherpreisen. Denn wenn wir davon ausgehen würden, dass dieses Gesetzesvorhaben funktionieren würde, müssten wir eigentlich schon fast froh sein, dass die Inflation nicht höher liegt. Dann wäre nämlich klar gewesen, dass diese Steigerungsrate, die wir gerade erleben, dauerhaft bestehen bleiben wird. Das heißt also, wir brauchen weitere Schritte, um unsere Industrie abzusichern. Und genau darum geht es mir: Um unser Land insgesamt stabil zu halten, um unseren Standort Deutschland stabil zu halten, müssen wir alles tun, was notwendig ist. Wenn wir das aber machen wollen, dann dürfen wir dabei nicht vergessen, dass wir neben dem privaten Haushalt auch die öffentliche Hand absichert. Hier darf es keinen Unterschied geben zwischen Privatleuten und Städten, Gemeinden sowie Ländern. Alle sollen gleichbehandelt werden. Daran sollten wir arbeiten. Zu diesem Zweck wurde am Mittwochnachmittag ein erstes Konzept vorgelegt. Dieser Vorschlag war gut gemeint, er hatte gute Ansätze. Nur: Er war leider schlecht gemacht. Leider waren einige Punkte einfach falsch. Beispielsweise wurden die Umsatzgrenzen angepasst. Man wollte sie erhöhen. Aber statt „über 500 Millionen“ sollte es nun heißen: „über 750 Millionen“. Dabei wissen wir alle, dass es in unserem Grundgesetz Artikel 120 Absatz 1 Satz 3 gibt, wonach die Finanzverfassung besondere Ausnahmen kennt. Eine solche Ausnahme besteht darin, dass die Länder bestimmte Summe X bekommen. Diese Summe X soll aber nicht jährlich linear wachsen, sondern jedes Jahr um einen Prozentsatz X plus Y, sodass wir letztendlich eine stärke Progression erreichen. Genau das ist der Fall. Deshalb gilt das Argument nicht. Außerdem hätte man bedenken müssen, dass viele Kommunen unter diesen Grenzwerten liegen und dadurch benachteiligt worden wären. Auch die Idee, die Kosten für die Kitabetreuung herauszurechnen, war nicht richtig. Das bedeutete, dass alle Kinderbetreuungskosten wegfallen. Damit wäre wiederum vielen Kindergartengruppen geholfen worden, während andere Gruppen leer ausgegangen wären. Ein weiterer Fehler lag in der Nichtberücksichtigung der Krankenhäuser. Gerade in der jetzigen Zeit ist es wichtig, dass wir diese Einrichtungen unterstützen. Natürlich könnten wir auch darüber diskutieren, welche Branchen besonders betroffen sind. Doch selbst wenn wir dies täten, kämen wir wahrscheinlich zu keinem besseren Ergebnis als zurzeit. Denn die Ampelkoalition streitet sich über ihre eigenen Vorstellungen. Was macht denn bitte schön SPD-Chefin Saskia Esken? Sie sagt: Die Linke hat recht. – Was sagt Robert Habeck? Er meinte neulich, es sei besser, keine Entscheidungen zu treffen. Andere wiederum meinen, dass wir keine weiteren Hilfsprogramme bräuchten. Allerdings stimmt das nicht. Jeder weiß, dass wir unbedingt handeln müssen. Immerhin hat Ministerpräsident Reiner Haseloff bereits erklärt, dass Brandenburg darauf verzichten werde, seine Schulden zurückzuzahlen. Meine Damen und Herren, liebe Kolleginnen und Kollegen, das zeigt deutlich: Ohne schnelle Hilfe gerät unser Land in Gefahr. Wir benötigen schnellstmögliche Unterstützung, damit wir unsere Infrastruktur erhalten können. Gleichzeitig müssen wir sicherstellen, dass wir unsere Versorgungssicherheit bewahren und unsere Energiewende erfolgreich fortsetzen können. Vielen Dank.","„Die Menschen sind verunsichert“, sagte Minister Robert Habeck in der letzten Woche im Plenum hier vor dem Parlament. Das ist richtig: Die Bürgerinnen und Bürger haben Angst um ihre Energieversorgungssicherheit; sie machen sich Sorgen wegen ihrer steigenden Heizkostenabrechnungen. Sie wissen nicht mehr, wie es weitergehen soll – weder privat noch beruflich oder bei den Vereinen. Deshalb müssen wir ihnen schnell helfen. Wir brauchen jetzt schnelle Entlastungsmaßnahmen für die Bevölkerung, damit diese Verunsicherung endet! Doch anstatt den Bürgern wirklich unter die Arme zu greifen, hat Finanzminister Lindner seine Steuerpläne vorgelegt. Er will 10 Milliarden Euro einsparen, obwohl gleichzeitig die Inflation über 7 Prozent liegt. Dieser Plan wird die Mehrwertsteuersenkung auf Erdgas sowie andere Maßnahmen zur Sicherstellung unserer Versorgung gefährden. Herr Kollege, erlauben Sie eine Zwischenfrage aus der AfD-Fraktion? Nein, danke sehr. Diese Regierung setzt offensichtlich falsche Prioritäten. Da hilft auch das jüngste Aufschieben der Öko-Steuer nichts. Liebe FDP, ich kann nur sagen: Man sollte da keine Scheuklappen tragen. Der Staat muss sparen. Aber man darf dabei doch bitte nicht die Ärmsten vergessen. Wenn Ihnen Ihr Antrag wichtig war, dann hätten Sie ihn heute Morgen einführen können. Es wäre gut gewesen, wenn er uns vor zwei Wochen erreicht hätte. Denn damals haben wir über unsere Vorschläge gesprochen. Ich habe gerade gelesen, dass einige von Ihnen ja sogar teilgenommen hatten. Also hätte man schon früher einen entsprechenden Beschluss fassen können. Damit meine ich aber nicht den Antrag der Grünen, sondern die eigene Idee Ihrer Fraktionsführerin. Sie hatte nämlich schon am Mittag nach dem Bundesrat geschrieben, man solle einmal darüber reden, wie wir denn gemeinsam etwas tun könnten, um denen zu helfen, deren Rente so knapp bemessen sei, sodass sie kaum überlebensfähige Preise zahlen könnten. Und das als ehemaliger Finanzminister. Meine Damen und Herren, dieser Antrag kommt viel zu spät. Unsere Große Koalition hat bereits entschieden, dass alle Rentenzahlungen im kommenden Jahr gestundet werden sollen. Auch unser Sozialstaatspräsident Olaf Scholz verkündete erst kürzlich: „Wir lassen niemanden zurück.“ Dafür steht übrigens auch mein Mann, Daniel Günther, unser Landesfinanzminister. Mit ihm zusammen sage ich daher ganz klar: Niemand bleibt beim Wort stehen. Es geht darum, dass wir dieses Problem lösen wollen. Dazu gehört neben vielen anderen Punkten auch Ihre heutige Initiative, liebe Frau Haßelmann. Nur leider fehlt mir dazu jegliches Zeitgefühl. Denken Sie mal an Ihren Gesetzgebungsplan: Nachdem Sie die Vorlage eingebacht haben, müssten Sie eigentlich innerhalb weniger Tage eine Beratung durchführen. Dann sollten Sie das Ganze vielleicht gar nicht wieder abschaffen, weil es sonst keinen Sinn macht. Jetzt ist aber genau das passiert. Was mich besonders stört, ist folgendes: Als letzte Fraktion haben Sie nun beschlossen, diesen Punkt einzubringen. Einige andere waren dafür wesentlich fruchtbarer. Zum Beispiel haben wir von CDU/CSU darauf hingewiesen, dass die Grundsicherung angepasst werden muss, und zwar deutlicher als bisher. Denn was nützen Ihnen alle Hilfen, wenn diejenigen, die Hilfe bekommen, davon nichts sehen? Im Gegenteil: Für viele bedeuteten höhere Ausgaben auch tiefere Rücklagen. Dahinter steckt kein böser Wille, sondern einfach Kalkül. Vielleicht reichen Ihnen die alten Zahlen. Eventuell haben Sie Bedarfsgemeinschaften, die eher wenig Geld benötigt haben, weil sie beispielsweise noch Elternteile geholfen haben, die ebenfalls arbeiten gehen mussten. Oder Sie haben Bedarfsunterdecktengruppen, also Familien, wo jemand dazugekommen ist, die plötzlich neue Kosten haben. Gleichzeitig fallen irgendwann die Unterstützungskosten weg. All dies führt zu einem niedrigeren Betrag pro Person und somit zu geringeren Leistungen insgesamt. Dadurch sinkt natürlich die Kaufkraft und damit indirekt auch die Bereitschaft vieler Empfängerinnen und Empfänger, ihren Beitrag zum Gemeinwohl zu leisten. Sehr geehrte Damen und Herren, all dies würde die Arbeitgeber zusätzlich belasten. Umso wichtiger ist es, dass wir auch diese Aspekte beleuchten. Laut Statistik leben fast jeder zweite Erwerbstätige in Deutschland in relativer Armut. Das heißt, trotz Vollzeitbeschäftigung bleiben nur 60 Prozent vom Nettoentgelt übrig. Wer also regelmäßig finanziell bedürftig ist, weiß oft nicht mehr, welcher Sparzwang besteht und welche Notwendigkeit hinter einzelnen Investitionsentscheidungen steht. Das gilt sowohl für private Unternehmen als auch für gemeinnützig agierende Institutionen. Genau dort entstand in den letzten Jahren jedoch immer häufiger Unbehagen und Misstrauen gegenüber der staatlichen Politik. Ohnehin gab es seit langem Probleme zwischen beiden Seiten. Hinzu kam, dass immer mehr Firmenchefs öffentliche Förderprogramme ablehnten. Dabei handeln sie meines Erachtens absolut vernünftig. Denn wer zahlt die Zeche, wenn ein Projekt scheiternd missglückt? Natürlich die Kommunen und letztendlich der Bürger selbst. Daran ändern auch sogenannte Risikoabsicherungen nichts. Eine solide Entscheidungsbasis gibt es nur dann, wenn beide Seiten gleiche Augenhöhe genießen. Hier möchte ich erwähnen, dass das auch bei meinem Mann anders war, als er noch Oberbürgermeister meiner schönen Stadt Flensburg war. Dort wurde jede Unternehmerin, jedes Unternehmen persönlich empfangen. Bei jedem neuen Projektauftrag wurden die genaue Situation analysiert und mögliche Schwachstellen besprochen. Zusammen kamen so Lösungen heraus, die sowohl der Gemeinde als auch dem jeweiligen Unternehmen zugutekamen. Diesen Weg finde ich besser als die aktuellen Programme, die lediglich auf rein formale Überprüfung setzen. Des Weiteren bin ich froh, dass unsere Ampelführung endlich begriffen hat, dass die Digitalisierung des Arbeitsmarktes essenzieller Bestandteil ihres Handlungsfeldes sein sollte. Neben dem großen Potenzial für Arbeitnehmer und Selbstständige bietet die digitale Transformation unseren KMUs große Chancen. Gerade kleine und mittlere Unternehmen profitieren enorm von digitalisierten Prozessketten und Automatisierungsmethoden. Ob Datenaustausch, Personalmanagement oder Produktion und Logistik – alles lässt sich mithilfe modernster Technologien effektiver organisieren. Somit ermöglicht diese Entwicklung mehr Effektivität, Produktivität und Innovation. Trotzdem dürften wir nicht außer Acht lassen, dass kleinere Betriebe oftmals schlechter gerüstet sind als größere Konzerne. Nicht selten mangelt es ihnen an Kapital oder qualifizierten Fachkräften. Aus diesem Grund fordert die CDU/CSU-Bundestagsfraktion, dass die Innovationsförderung des Bundes fortlaufend evaluiert und optimiert wird. Außerdem möchten wir gerne die Forschungspriorität der Verbesserung des Austauschs zwischen Industriepartnern festsetzen, um die Entwicklung neuester Techniken in deutschen Betrieben zu fördern. Letzte Woche sprachen wir von der Energiesouveränität Deutschlands. Wie könnte diese gelingen ohne starke Unternehmen? Starke Unternehmen erhalten wir dadurch, dass wir unsere kleinen und mittleren Unternehmen unterstützen, indem wir ihnen zeigen, worauf sie achten müssen. Das funktioniert nur, wenn wir aufeinander abgestimmt vorgehen, wenn wir ressortübergreifend koordinierte Strategieansätze entwickeln. Es kann nicht sein, dass immer dieselben Fragen gestellt werden, dass immer dieselben Antworten erfolgen und dass am Ende keinerlei Fortschritt erkennbar ist. Nehmen wir beispielhaft den Bereich der Wasserstofftechnologie. Seit drei Monaten"
SPD,Mindestlohn,"Sehr geehrte Damen und Herren,

ich freue mich sehr über die Gelegenheit heute hier vor Ihnen stehen zu dürfen und das wichtige Thema ""Mindestlohn"" anzusprechen.

Die Sozialdemokratische Partei Deutschlands steht seit jeher für soziale Gerechtigkeit und faire Arbeitsbedingungen in unserem Land. Ein zentraler Punkt dabei ist unser Einsatz für einen flächendeckenden gesetzlichen Mindestlohn.

Ein existenzsichernder Lohn muss jedem Arbeitnehmer zugutekommen - unabhängig von Branche oder Region. Deshalb setzen wir uns dafür ein, dass der aktuelle Mindestlohn auf mindestens 12 Euro pro Stunde angehoben wird. Nur so können Menschen von ihrer Hände Arbeit wirklich leben und ihre Familien ernähren.

Gleichzeitig müssen wir auch den Niedriglohnbereich insgesamt eindämmen. Viele Beschäftigte arbeiten trotz Vollzeitjob am Existenzminimum. Das kann nicht sein! Wir wollen gute Arbeit für alle – ohne Ausnahmen!

Deshalb fordern wir als SPD außerdem branchenspezifische Tarifverträge, die deutlich höhere Löhne vorsehen. Damit würden viele Branchen endlich aus dem prekären Bereich herausgeholt werden. Denn nur durch gerechte Bezahlung entsteht echter Aufschwung für unsere Gesellschaft.

Auch bei Zeitarbeit und Werkverträgen brauchen wir dringend Reformen: Hier darf es keine Benachteiligung gegenüber Stammbeschäftigen geben. Die Entgeltungleichheiten zwischen Leiharbeitnehmern und Festangestellten sind unhaltbar. 

Wir kämpfen für gleichen Lohn für gleichwertige Arbeit! Dafür braucht es klare Regeln statt umgangssprachlicher Tricks wie ""Equal Pay"". Es geht darum, faire Bedingungen für alle Beschäftigtengruppen herbeizuführen.

Liebe Mitbürgerinnen und Mitbürger,
die SPD setzt sich weiterhin vehement für bessere Löhne und fairen Lohngerechtigkeit ein. Unser Ziel bleibt klar:
Jeder Mensch soll vom eigenen Einkommen gut leben können - egal ob er nun im Supermarkt kassiert, Möbel zusammenbaut oder Pflegekräfte ist.
Das ist gelebte Solidarität und Teil unserer sozialdemokratischen DNA!
Lassen Sie uns gemeinsam anpacken und diese Ziele erreichen.

Vielen Dank für Ihre Aufmerksamkeit.","Sehr geehrte Damen und Herren,

ich freue mich heute hier vor Ihnen stehen zu können um über das wichtige Thema Mindestlöhne in Deutschland zu sprechen.

Wir als Sozialdemokraten haben uns immer für faire Löhne eingesetzt - denn Arbeit muss sich lohnen! Es kann nicht sein, dass Menschen von ihrer Hände Arbeit kaum leben können oder auf staatliche Unterstützung angewiesen sind. Deshalb ist es unsere Aufgabe einen gesetzlichen Mindestlohn einzuführen, welcher existenzsichernd ist.

Ein Mindestlohn bedeutet mehr Gerechtigkeit im Arbeitsmarkt. Wer hart arbeitet soll auch gut davon Leben können – unabhängig vom Geschlecht, Alter oder Berufsabschluss. Das stärkt die Kaufkraft und sorgt dafür, dass Geld wieder vermehrt bei den Beschäftigen ankommt statt beim Staat. Zudem entlasten wir damit unser soziales Sicherungssystem.

Doch wie hoch sollte dieser Mindestlohn ausfallen? Die Höhe hängt natürlich von verschiedenen Faktoren ab: Lebenshaltungskosten, Inflation sowie Tarifverträge spielen dabei eine Rolle. Wir plädieren daher für einen dynamischen Mindestlohn, der regelmäßig angepasst wird. Auch Branchenspezifika müssen berücksichtigt werden. Ein Fließbandarbeiter verdient nunmal anders als ein Kellner.

Die Einführung eines allgemeinen flächendeckenden Mindestlohns würde zudem dazu führen, dass viele Unternehmen ihre Preise erhöhen müssten. Dies könnte negative Auswirkungen auf Konsum und Wirtschaftswachstum haben. Daher braucht es hierbei Augenmaß und Verantwortungsbewusstsein seitens Politik und Gewerkschaften.

Unser Ziel bleibt klar: Jede Arbeit muss fair bezahlt werden! Dafür setzen wir uns weiterhin vehement ein. Denn nur wenn alle Bürgerinnen und Bürger am wirtschaftlichen Erfolg teilhaben, hat diese Gesellschaft Zukunft. 

Ich danke Ihnen.","Sehr geehrte Damen und Herren,

ich stehe heute vor Ihnen als Sozialdemokratin im Namen meiner Fraktion, um über das Thema ""Mindestlohn"" zu sprechen - einem Thema von größter Bedeutung für die Arbeitnehmerinnen und Arbeitnehmer in unserem Land.

Es ist unsere Pflicht als Vertretende des Volkes sicherzustellen, dass alle Menschen, unabhängig ihrer beruflichen Position oder Qualifikation, einen angemessenen Lohn erhalten, um ihre Grundbedürfnisse decken zu können. Der Mindestlohn spielt dabei eine entscheidende Rolle.

Ein existenzsichernder Lohn sollte kein Luxus sein, sondern eine Selbstverständlichkeit! In Deutschland arbeiten Millionen Menschen trotz Vollzeitbeschäftigung unterhalb dieses Niveaus – oft sind es Frauen, gering qualifizierte Beschäftigte oder Teilzeitarbeiter*innen. Das kann nicht akzeptabel sein!

Die Einführung des gesetzlichen Mindestlohns war daher ein wichtiger Schritt zur Bekämpfung prekärer Arbeitsverhältnisse und zur Anerkennung geleisteter Arbeit. Allerdings haben wir seit dessen Inkrafttreten auch bemerkenswerten Erfolgen verzeichnen dürfen: Die Anzahl der Geringfügig-Beschäftigen sank deutlich, Tarifabschlüsse wurden höher ausgehandelt und insgesamt stieg das Durchschnittseinkommen. Es zeigt sich also ganz klar: Ein guter Mindestlohn trägt dazu bei, sozialen Frieden und wirtschaftliche Stabilität zu fördern.

Doch nun stehen wir erneut an einem Punkt, an dem wir uns fragen müssen: Reicht dieser Mindestlohn noch aus? Sind wir zufrieden damit, wie viele Menschen immer noch darunter liegendes Entgeld bekommen?

Nein, meine sehr verehrten Kolleginnen und Kollegen, das sind wir nicht!
Wir wollen mehr für all jene tun, deren Arbeit tagtäglich unseren Lebensstandard aufrecht erhält. Daher setzt sich die SPD dafür ein, den aktuellen Mindestlohn weiterhin dynamisch anzupassen und ihn regelmäßig an die Entwicklung der durchschnittlichen Bruttostundenlöhne anzukoppeln.
Außerdem fordern wir zusätzlich einen Sockelbetrag oberhalb des jetzigen Mindestlohnniveaus, um gerade in Branchen ohne flächendeckenden Tarifvertrag eine bessere Vergütung zu gewährleisten.

Unser Ziel bleibt klar definiert:
Jeder Mensch muss vom eigenen Verdienst leben können. Dafür braucht es faire Bezahlung und gute Rahmenbedingungen am Arbeitsplatz. Wir werden alles dafür tun, diese Ziele umzusetzen - denn jeder Euro zählt!

Vielen Dank.","Liebe Kolleginnen und Kollegen! Wir haben heute über die Auswirkungen des gesetzlichen Mindestlohns diskutiert – das ist ja auch richtig so; denn wir müssen uns immer wieder den Fragen stellen: Was hat er bewirkt? Wie sind seine Effekte? Und wie geht es weiter damit? Ich will zunächst einmal sagen: Der gesetzliche Mindestlohn war in Deutschland schon vorher üblich. Er wurde nur nicht eingeführt, weil man sich damals auf Tarifverträge verlassen wollte. Das ging aber leider nicht gut genug. Deshalb musste dann doch noch der Staat einspringen. Aber ich sage Ihnen ganz ehrlich: Wenn Sie sich mal anschauen würden, was für einen Aufwand die Gewerkschaften betreiben müssten, um allein im Bereich der Zeitarbeit vernünftige Löhne durchzusetzen, dann wüssten Sie, dass diese Idee von vornherein zum Scheitern verurteilt gewesen wäre. Die Erfahrungen aus dem Jahr 2015 zeigen deutlich, dass der gesetzliche Mindestlohn sehr wohl funktionieren kann. Es gab nämlich keine negativen Folgen bei Arbeitsplätzen oder Beschäftigung. Im Gegenteil: Insgesamt wurden sogar mehr Menschen beschäftigt als davor. Auch wenn manche hier etwas anderes behauptet haben, muss man feststellen: Alle Studien kommen zu dem Ergebnis, dass der Mindestlohn positive Effekte hatte. Natürlich gibt es einige wenige Unternehmen, die jetzt weniger verdienen, weil sie ihre Mitarbeiter besser bezahlen müssen. Aber insgesamt gesehen profitierten davon viel mehr Arbeitnehmerinnen und Arbeitnehmer. Dass dies möglich ist, zeigt auch die Entwicklung seit Einführung des Mindestlohnes. Seitdem stiegen die Reallöhne kontinuierlich an. Sozial gerecht ist eben nicht gleichbedeutend mit niedrigen Lohnforderungen. Vielmehr bedeutet sozial gerechte Politik, dass jeder Mensch seinen Anteil am Fortschritt bekommt. Nur so können wir sicher sein, dass niemand zurückbleibt. Darum brauchen wir auch künftig einen starken Mindestlohn. Denn wer hart arbeitet, soll auch angemessen dafür entlohnt werden. Wer Vollzeit arbeiten möchte, darf nicht dazu gezwungen sein, zusätzlich Hartz IV beantragen zu müssen. Liebe Kolleginnen und Kollegen, natürlich wird der Mindestlohn auch kritisiert. Manche meinen beispielsweise, dass er negative Auswirkungen hätte. Andere halten ihn gar für unnötig. Beide Argumentationen halte ich jedoch für falsch. Zum ersten Punkt: Negative Auswirkungen konnten bisher nicht nachgewiesen werden. Ganz im Gegenteil: Positive Effekte waren vielfach sichtbar. Für mich steht daher fest: Ein höherer Mindestlohn führt keineswegs automatisch zur Vernichtung von Jobs. Zweitens: Warum sollte jemand gegen einen Mindestlohn sein? Jeder weiß doch, dass Menschen ohne Berufsausbildung schlechter gestellt sind als andere. Viele gehen trotzdem arbeiten, weil sie sonst kein Geld hätten. Doch gerade diesen Menschen hilft der Mindestlohn besonders. Schließlich kommt dieser allen zugute, die wenig verdient haben. Mit einem hohen Mindestlohn erhöhen wir also die Kaufkraft aller Bürgerinnen und Bürger. Damit stärken wir letztlich auch unsere Konjunktur. Meine Damen und Herren, allgemeingültiges Ziel unserer Politik muss es sein, gute Lebens- und Arbeitsbedingungen für alle Menschen herzustellen. Dies gilt selbstverständlich auch für Leiharbeiter. Daher bin ich froh darüber, dass wir nun endgültig Klarheit geschaffen haben. Nach langen Verhandlungen konnte ich erreichen, dass ab Januar 2020 auch Leiharbeitnehmer denselben Stundenlohn erhalten sollen wie vergleichbare Stammbeschäftigte. Diese Regelung ist wichtig, da viele Leiharbeitskräfte bereits länger als drei Monate beim gleichen Betrieb tätig sind. Außerdem wollen wir die Überlassungsfrist von maximal neun Wochen abschaffen. Zukünftig dürfen Leiharbeiter somit ununterbrochen länger als neun Wochen beim selben Entleiher bleiben. Eine weitere Neuerung betrifft die Vergütung von Bereitschaftsdiensten. Hierbei handelt es sich meist um unbezahlte Ruhezeiten zwischen zwei Dienstarten. Umso wichtiger ist es, dass Ärzte, Pflegepersonal sowie Rettungskräfte zukünftig während ihrer Bereitschaftsdienste mindestens 40 Prozent ihres Grundentgeltes bekommen. Meiner Meinung nach sollten wir uns allerdings nicht darauf beschränken, lediglich einzelne Probleme anzugehen. Stattdessen müssen wir uns grundsätzlicher fragen, ob unser System der Leiharbeit wirklich Sinn macht. Ist es fair, dass Menschen, die genau dieselbe Tätigkeit verrichten, unterschiedlich behandelt werden? Sollten wir nicht stattdessen lieber versuchen, neue Wege einzuschlagen? Als Alternative könnte man etwa die Gründung eigener Tochterfirmen fördern. Solange wir aber dieses Modell nutzen, müssen wir alles daran setzen, Missbrauchsfälle zu unterbinden. Letzte Woche habe ich gemeinsam mit meinem Kollegen Frank Bsirske, dem Bundesvorsitzenden der Vereinten Dienstleistungsgewerkschaft, die Firma „Pfennigparade“ besucht. Dort herrschen katastrophale Zustände. Von solcher Art Firmen müssen wir uns trennen. Danke schön.","Ich bin ja immer wieder fasziniert davon – das ist auch heute wieder so gewesen; ich habe es gerade gehört –: Die CDU/CSU-Fraktion stellt einen Antrag zur Erhöhung des gesetzlichen Mindestlohns auf 12 Euro pro Stunde ab dem Jahr 2025 vor. Das klingt gut für die Menschen in unserem Lande. Aber wenn man sich den Antrag genauer anschaut, dann erkennt man schnell, dass Sie damit nur versuchen, von Ihren eigenen Versäumnissen im Bereich Arbeitnehmerinnen- und Arbeitnehmerschutz abzulenken. Ich finde es schon bemerkenswert, Herr Laumann, dass Sie als Arbeitsminister aus Nordrhein-Westfalen hier nicht anwesend sind. Es wäre doch Ihre Aufgabe gewesen, dafür zu sorgen, dass wir in diesem Bundesland endlich mehr Tarifbindung haben. Und da machen Sie nichts! Da müssen wir uns mal überlegen, ob wir Ihnen dieses Amt weiterhin zutrauen können oder nicht. Denn was heißt eigentlich „mehr Tarifbindung“? Mehr Tarifbindung bedeutet, dass die Gewerkschaften und die Arbeitgeberverbände gemeinsam gute Löhne aushandeln. Wenn aber beispielsweise bei McDonald’s keine Tarifverträge gelten, weil dort keine Gewerkschaft aktiv wird, dann kann man auch keinen guten Lohn ausgehandelt bekommen. Deshalb muss man natürlich sagen: Wir brauchen bessere Rahmenbedingungen für die Gewerkschaftsarbeit. Dazu gehören unter anderem Betriebsratsstrukturen, um diese Arbeit zu ermöglichen. Was passiert denn sonst? Dann gibt es nämlich solche Situationen wie beim Discounter Aldi Süd, wo Beschäftigte nach Hause geschickt werden, wenn sie eine Gewerkschaft gründen wollen. Das geht gar nicht! Der Discounter Aldi hat übrigens bereits angekündigt, dass er seinen Mitarbeitern selbstverständlich gerne weitere Stunden bezahlen würde, wenn sie bereit wären, mehr zu arbeiten. Nur leider sei dies wegen fehlender Tarifbindung rechtlich nicht möglich. Auch dazu sage ich ganz klar: Ja, das stimmt. Wir brauchen also dringend mehr Tarifbindung in Deutschland. In Ihrem Antrag steht allerdings etwas anderes. Dort fordern Sie, dass alle Unternehmen verpflichtet sein sollen, ihren Mitarbeiterinnen und Mitarbeitern mindestens 60 Prozent ihres Umsatzes zu vergüten. So weit, so schlecht. Jetzt kommt noch ein zweiter Teil hinzu. Bei dieser Verpflichtung soll es nämlich eine Ausnahme geben, und zwar für diejenigen Unter­nehmen, deren Umsätze weniger als 500 000 Euro betragen. Diese kleinen Unternehmen würden dadurch entlastet werden. Für mich stellt sich jetzt die Frage: Wie viele kleine Unternehmen verdienen tatsächlich mehr als 2 Millionen Euro jährlich? Ist das vielleicht sogar die große Mehrheit aller Unternehmen? Nein, das glaube ich eher nicht. Im Gegenteil: Kleine Unternehmen leisten sehr viel für unser Gemeinschaftswohl. Man könnte fast meinen, dass Sie genau daran kein Interesse hätten. Oder warum sollte man sonst eine Ausnahmeregelung für besonders hohe Einkommen einführen? Wer verdient denn bitte schön 1 Million Euro im Jahr? Vielleicht die Vorstandsvorsitzenden großer Konzerne? Richtig! Genau diesen Personenkreisen möchten Sie wohl helfen. Das zeigt mir jedenfalls Ihr Anliegen. Schauen wir uns einmal kurz an, wer in einem Restaurant wirklich Geld verdient: Das sind die Eigentümer bzw. Pächter. Diesen möchte ich jedoch keineswegs ans Bein pinkeln. Dennoch frage ich mich: Warum sollten Restaurants, Bistros etc., die ihr Personal fair behandeln, benachteiligt werden gegenüber denen, die ihre Angestellten ausbeuten? Ganz ehrlich: Mir kommen Zweifel darüber auf, ob es Ihrer Fraktion wirklich ernsthaft um faire Entgeltzahlungen geht. Meiner Meinung nach handelt es sich vielmehr um einen billigen Wahlkampfschlager. Das Problem dabei ist: Mit ihm spielen Sie den Beschäftigten Sand in die Augen. Natürlich freue ich mich persönlich ebenfalls über höhere Gehälter. Doch wenn diese durch staatliche Maßnahmen erreicht werden sollen, dann halte ich das für falschen Populismus. Stattdessen plädieren wir als Ampelfraktion dafür, dass die Tarifpartner eigenverantwortlich starke Vereinbarungen treffen. Das funktioniert übrigens hervorragend. Ein Beispiel gefällig? Bitte sehr! Am 8. März wurde bekannt gegeben, dass die IG Metall und der Gesamtmetall-Vorsitzende Oliver Zander vereinbart haben, dass die tarifgebundenen Unternehmen der Metall- und Elektroindustrie rückwirkend zum Januar 7 Cent mehr pro Stunde erhalten. Außerdem steige der Ecklohn zum nächsten Jahreswechsel um 4,3 Prozent. Damit ließe sich laut Berechnungen der IG Metall bundeseinheitlich ein Stundenlohn von 19,75 Euro erreichen. Das entspräche einem Monatseinkommen von rund 3300 Euro brutto. Also: Keinen Grund zur Panik! Sollten Sie trotzdem Bedarf an zusätzlicher Orientierung haben, empfehle ich Ihnen, sich einmal unseren Koalitionsvertrag anzuschauen. Darin finden Sie einige spannende Ideen, wie wir unsere Arbeitnehmerinnen und Arbeitnehmer besser unterstützen können. Zum Schluss komme ich zurück auf meine eingangs gemachte Aussage, dass Sie lediglich von Ihren eigenen Fehlentscheidungen ablenken wollten. Als Beweismittel diente mir der Vorschlag Ihres Kollegen Michael Kruse, wonach jeder Mensch, der länger als sechs Jahre in Deutschland gearbeitet hat, automatisch Ansprüche auf Kindergeld und Kinderfreibeträge sowie Rentenzahlungen erhält. Ich weiß nicht, wie lange Sie in Deutschland leben, aber ich wage zu behaupten, dass Sie sicherlich wissen, welche Folgen dies hätte. Das Ganze kostete nämlich etwa 10 Milliarden Euro extra jedes Jahr. Woher nehmen Sie bitte diese Summe her? Haben Sie irgendwelche Geheimkontakte ins Reich der Finanzmagier oder kennen Sie jemanden, der einfach alles bezahlt? Komisch, dass Sie bisher nie vorgeschlagen haben, die Steuervermeidungsstrategien international agierender Großkonzerne einzudämmen. Nicht einmal der Vorschlag, die Vermögenseffizienz zu stärken, kam je von Ihnen. Dabei müssten Sie doch eigentlich wissen, welcher Anteil am Bruttoinlandsprodukt auf die reichste Spitze unserer Gesellschaft verteilt ist. Das ist nämlich ungefähr gleich hoch wie der Anteil der ärmsten Hälfte zusammen. Das nenne ich unglaublichen Reichtumsunterschied. Das ist unsozial, und das lehnen wir ab! Herzlichen Dank.","Ich will in aller Ruhe erklären: Die FDP hat sich ja hierhin bequemt, weil sie glaubte, dass die Große Koalition – ich habe es schon gesagt; das kann man nachlesen – den Antrag auf Drucksache 19/1180 zurückziehen würde, wenn wir einen anderen Weg gingen als über die Erhöhung um 4 Cent. Wir haben uns da aber entschieden gegenüberzustehen und nicht einfach nur so im Raum stehen zu lassen, was Sie fordern. Es ist nämlich auch wichtig, daran erinnert zu werden, welche Ziele dieses Gesetz verfolgt. Ich finde, diese sollten deutlicher herausgestellt werden. Wenn man darüber redet, dann muss klar sein, warum wir diesen Schritt machen. Das erste Ziel besteht natürlich darin, Menschen vor Lohndumping zu bewahren. Mit dem Mindestlohngesetz wollen wir erreichen, dass alle Arbeitnehmerinnen und Arbeitnehmer angemessen für ihre Leistungen bezahlt bekommen. Damit soll ihnen ermöglicht werden, ihr Leben selbstbestimmt zu gestalten. Darunter fallen Dinge wie Miete zahlen können oder Urlaube finanzieren können. Aber noch viel mehr fällt unter „angemessenes Einkommen“: Es bedeutet auch, am kulturellen und gesellschaftlichen Leben teilhaben zu können, Teil von etwas Größerem zu sein, seinen Beitrag leisten zu können. Und nicht vergessen dürfen wir dabei, dass gerade Frauen davon profitiert haben, dass wir diesen Mindestlohn eingeführt haben. Vor allem sind es nämlich junge Frauen gewesen, die oft schlecht entlohnt worden waren. Deshalb bin ich froh, dass es gelingt, heute dieser Situation endgültig abzuhelfen. Außerdem wird durch das Gesetz zur Stärkung der Chancen für qualifizierte Arbeitskräfte aus dem Ausland dafür Sorge getragen, dass Deutschland attraktiver wird für Facharbeiterinnen und -arbeiter sowie Akademikerinnen und Akademikern aus Europa. Unsere Demografieproblematik stellt uns doch immer wieder vor neue Herausforderungen. Der Arbeitsmarkt entwickelt sich dynamisch weiter, sodass wir eigentlich sehr gut damit beraten wären, weitere Möglichkeiten zu nutzen, um gute Mitarbeiterinnen und Mitarbeiter zu finden und anzuwerben. Natürlich müssen wir bei all dem darauf achten, dass unsere deutschen Bürgerinnen und Bürger ebenso die Möglichkeit erhalten, ihren Platz auf dem Arbeitsmarkt einzunehmen. Daher halte ich das Instrumentarium dieses Gesetzes für richtig. Eine weitere wichtige Aufgabe besteht darin, Schwarzarbeit effektiv zu bekämpfen. Gerade jetzt, wo wir sehen, welches enorme volkswirtschaftliche Potential dahintersteckt, darf dies kein Randphänomen bleiben. Im Rahmen unserer europaweiten Harmonisierungsbemühungen geht es also darum, einen fairen Wettbewerb sicherzustellen und gleichzeitig die Beschäftigungsperspektiven der Menschen zu verbessern. Für mich persönlich steht fest, dass wir unseren Sozialstaat stützen, indem wir ihm Sicherheit geben. Unser Sozialstaat braucht Verlässlichkeit und Planbarkeit. Genau diesem Gedanken folgen wir mit unserem heutigen Vorschlag, den Mindestlohn anzupassen. Dies wäre erstens ohne Risiko möglich. Denn laut Rechnungsprüfbericht ist der vorgeschlagen Betrag eher knapp kalkuliert. Zum Zweiten würden wir keine Tarifverträge brechen. Wir kennen die Probleme, die auftreten könnten, wenn solche Entwicklungen eintreffen. Dann müssten möglicherweise auch andere Branchentarife angepasst werden, und vielleicht könnte es dazu führen, dass wir uns auf dem Markt gar nichts kaufen können. Allerdings weise ich darauf hin, dass es viele Bereiche gibt, deren Tariferwartungen weit oberhalb liegen. Auch wenn wir also nur die Grundbedürfnisse decken möchten, reichte unser Mindestlohnvorschlag aus. Wer höhere Standards möchte, bekommt seine Chance bereits morgen früh beim Frühstück. Meine Damen und Herren, wir hoffen natürlich trotzdem, dass Sie unserem Vorschlag folgen, weil es wirklich sinnvoll erscheinen sollte, ihn ernsterhaft zu prüfen. Vielen Dank."
SPD,Bundeswehreinsatz im Kosovo,"Sehr geehrte Damen und Herren,

ich möchte heute über einen wichtigen Aspekt unserer Sicherheits- und Verteidigungspolitik sprechen: den Einsatz der Bundeswehr im Kosovo.

Die Situation in dem südosteuropäischen Land ist seit vielen Jahren angespannt. Nachdem die NATO-Truppen 1999 militärisch interveniert hatten, um ethnische Säuberungen durch serbisch-nationalistische Kräfte gegen die albanische Bevölkerungsmehrheit zu beenden, blieben internationale Friedenstruppen zurück, darunter auch Soldatinnen und Soldaten aus Deutschland.

Der KFOR-Einsatz hat dazu beigetragen, Stabilität herzustellen und das friedliche Zusammenleben verschiedener Ethnien zu fördern. Dennoch gibt es nach wie vor Herausforderungen - etwa bei der Bekämpfung von Korruption oder beim Aufbau rechtsstaatlicher Strukturen. Auch wirtschaftlich steht das Land noch am Anfang eines langwierigen Prozesses.

Deshalb halte ich es für richtig, dass wir unseren Beitrag zur Stabilisierung des Kosovos leisten – sowohl zivil als auch militärisch. Die Präsenz deutscher Soldatinnen und Soldaten zeigt den Menschen dort: Wir stehen fest an eurer Seite!

Gleichzeitig müssen wir uns bewusst sein: Militär kann Konflikte nicht lösen, sondern nur Raum für Verhandlungen und Versöhnungsprozesse schaffen. Deshalb setzen wir auf Dialog zwischen allen Beteiligten, unterstützen Polizei und Justiz sowie Zivile Missionen. Nur so können dauerhafte Lösungen entstehen.

Unser Ziel muss es bleiben, den Kosovo weiterhin dabei zu begleiten, sich stabilisiert entwickeln zu können. Dafür braucht es Kontinuität in unserem Engagement - ob nun durch unsere Truppe vor Ort oder finanzielle Unterstützung. Denn klar ist: Eine Zukunft ohne Gewalt und Hass kann es nur geben, wenn alle Seiten ihren Teil dazu beitragen.

Ich danke Ihnen.","Sehr geehrte Damen und Herren,

ich möchte heute über den Einsatz unserer Bundeswehr im Kosovo sprechen – einen Einsatz, der seit nunmehr fast zwei Jahrzehnten andauert.

Als Sozialdemokraten stehen wir für Frieden, Stabilität und Sicherheit in Europa. Der Krieg auf dem Balkan war vor 20 Jahren noch allgegenwärtig. Serbien versuchte die Unabhängigkeit von Kosovos Bevölkerungsmehrheit gewaltsam zu verhindern. Die NATO reagierte darauf mit Luftangriffen gegen serbisches Militär und paramilitärische Einheiten. Es folgte der sogenannte ""Kosovo-Konflikt"", bei dem auch unsere Soldatinnen und Soldaten im Einsatz waren.

Heute ist aus diesem Konfliktherd eine stabile Region geworden - dank der Präsenz internationaler Truppen, darunter auch der Bundeswehr. Wir haben es geschafft, durch diplomatische Bemühungen und militärisch unterstützte Friedenssicherung einen dauerhaften Frieden herbeizuführen.

Die Mission hat sich weiterentwickelt: Aus einem reinen Schutz- und Überwachungsmandat wurde mittlerweile ein Auftrag zur Unterstützung kosovarischer Behörden beim Aufbau staatlicher Strukturen. Unsere Soldat*innen helfen dabei, Polizei und Justiz aufzubauen sowie Korruption einzudämmen. Sie leisten damit einen wichtigen Beitrag dazu, dass das Land seinen Weg hin zu Demokratie und Rechtsstaatlichkeit fortsetzen kann.

Natürlich kostet dieser Einsatz Geld und Ressourcen. Aber er lohnt sich! Denn was wäre die Alternative? Eine Rückkehr zu Gewalt und Chaos? Das dürfen wir nicht zulassen!

Der Kosovo-Einsatz zeigt uns aber auch etwas Grundsätzliches: Internationale Kriseneinsätze sind keine Selbstläufer. Sie brauchen Kontinuität und Beständigkeit. Deshalb müssen wir als Politik alles dafür tun, um diese Einsätze nachhaltiger zu machen. Dazu gehört neben einer guten Ausrüstung und Ausbildung unserer Soldat*innen insbesondere auch eine klare Strategie und Zielorientierung. Nur so können wir sicherstellen, dass unser Engagement Früchte trägt und am Ende wirklich mehr bleibt als nur ein kurzfristiges Absichern von Flughäfen.

Lassen sie mich abschließend sagen: Ich bin stolz auf unseren Einsatz im Kosovo. Er steht exemplarisch für die erfolgreiche Arbeit unserer Streitkräfte weltweit. Und ich danke allen Soldatinnen und Soldaten, die dort ihren Dienst verrichten, ganz besonders unserem Kommando Spezialkräfte (KSK), welches ebenfalls Teil dieses Engagements ist. Ihr seid Vorbilder an Professionalität und Pflichtbewusstsein!

Vielen Dank.","Sehr geehrte Damen und Herren,

wir stehen heute vor einem entscheidenden Punkt in unserer Geschichte als Nation: Der Einsatz der Bundeswehr im Rahmen der KFOR-Mission im Kosovo. Dieser Einsatz ist von großer Bedeutung für die Sicherheit und Stabilität auf dem westlichen Balkan.

Die Lage im Kosovo hat sich seit den bewaffneten Auseinandersetzungen zwischen serbischen Separatisten und albanischer Bevölkerungsgruppe deutlich stabilisiert. Dennoch gibt es weiterhin Herausforderungen wie ethnisch motivierte Gewalttaten sowie soziale Spannungen zwischen den verschiedenen Gemeinden. 

Es liegt an uns allen - an Deutschland und seinen Bündnispartnern -, dass diese Fortschritte Bestand haben. Deshalb unterstützen wir den kontinuierlichen Beitrag Deutschlands zur internationalen Friedenssicherung durch seine Teilnahme am NATO-Einsatz KFOR.

Unser Ziel bleibt klar definiert: Die Umsetzung des Friedensabkommens von Dayton sowie das Zusammenleben verschiedener Ethnien im multiethnischen Kosovo unter Beachtung ihrer Rechte und Freiheiten. Dafür setzen wir uns auch zukünftig vollumfänglich ein.

Ich bin überzeugt davon, dass unsere Soldatinnen und Soldaten einen wichtigen Beitrag leisten können, um diesen Prozess voranzutreiben. Sie sind nicht nur Garantie dafür, dass kein neuer Konflikt entsteht, sondern fördern gleichzeitig Dialoge zwischen unterschiedlichen Gruppen und sorgen somit für mehr Verständigung miteinander statt Gegeneinander.

Natürlich wissen wir alle um die Schwere dieser Aufgabe und danken unseren Soldat*innen daher sehr herzlich für ihren unermüdlichen Dienst! Ihre Präsenz dort trägt dazu bei, dass Menschen friedlicher zusammen leben können – etwas wofür wir Sozialdemokrat*innen seit jeher eintreten!

Aber wir dürfen nicht vergessen: Unsere Unterstützung gilt auch den lokalen Akteuren, insbesondere den Institutionen UNMIK und EULEX. Ihr Engagement bildet die Grundlage für positive Entwicklungen vor Ort. Nur gemeinsam werden wir langfristige Stabilisierung erreichen können.

Deshalb fordern wir heute alle Fraktionen dieses Hauses auf, den Einsatz fortzusetzen und damit unser Signal der Solidarität mit den Menschen im Kosovo erneuern. Denn obwohl viel erreicht wurde, steht noch vieles bevor. Es braucht weitere Anstrengungen, um die fragile Balance zwischen Serben und Albanern dauerhaft abzusichern.

Wir freuen uns auf konstruktive Debatten darüber, was wir tun müssen, um den Weg hin zu einem vereinten Europa weiter zu gehen. Dabei sollten wir jedoch nie aus den Augen verlieren, welch großen Anteil unsere Soldatinenn und Soldaten daran tragen, dass wir heute über solche Fragen diskutieren können ohne Angst um unser aller Zukunft zu haben.

Vielen Dank.","Ich möchte mich an dieser Stelle bei den Soldatinnen und Soldaten bedanken, die in diesem Land für uns alle Dienst tun – egal ob sie jetzt hier sind oder nicht; denn es gibt viele andere Bereiche, wo unsere Leute unterwegs sind: auf See, in der Luft, am Boden. Ich danke ihnen ausdrücklich dafür! Wir haben heute einen Antrag vorliegen, über den wir diskutieren müssen. Es ist schon gesagt worden: Der Einsatz dauert seit vielen Jahren. Er hat sich verändert. Die Aufgabenstellung hat sich geändert. Das Mandat muss auch immer wieder angepasst werden. Deswegen geht es darum, dass wir uns darüber Gedanken machen, wie wir das weiterentwickeln können. Meine Damen und Herren, ich habe mir erlaubt, mal nachzuschauen, was eigentlich die damalige Regierungschefin Angela Merkel zur Begründung dieses Einsatzes gesagt hatte. Sie sagte damals Folgendes – ich zitiere wörtlich –: „Wir wollen helfen“, so Frau Merkel, „dass Friedensverhandlungen beginnen.“ Und dann fügte sie hinzu: „Das bedeutet aber auch, dass wir bereit sein müssen, militärische Mittel einzusetzen“. Man kann also sagen: Dieser Einsatz war von Beginn an kein reiner humanitärer Einsatz, sondern er wurde als Teil einer umfänglichen Strategie begriffen, nämlich dem Versuch, durch internationale Präsenz Konflikte zu befrieden bzw. gar nicht erst entstehen zu lassen. Wenn man sich anschaut, welche Ziele erreicht wurden, sieht man, dass diese Strategie erfolgreich gewesen ist. Denn wenn man sich ansieht, welches Leben dort herrscht, wie weit die Menschen gekommen sind, dann erkennt man, dass dies ein Erfolg ist. Aber natürlich bleibt noch viel zu tun. Auch da stimme ich Herrn Dr. Lindner zu: Natürlich braucht es weitere Unterstützung. Dazu gehört eben auch, dass wir sicherstellen, dass die Rechtsstaatsinstitutionen funktionieren, damit die Justiz tätig wird, damit Polizei und Militär zusammenarbeiten und gemeinsam agieren können. Das alles steht auf unserer Agenda. Insofern bin ich dankbar, dass wir gerade gestern im Ausschuss Gelegenheit hatten, mit unserem Außenminister Heiko Maas zu sprechen, der sehr deutliche Worte gefunden hat bezogen auf die Situation in Serbien, die ja nun wirklich keine gute ist. Da muss man einfach festhalten: Diese Politik ist falsch. Was wir brauchen, ist Zusammenarbeit zwischen allen Ländern, die in Südeuropa liegen, und zwar ohne Ausgrenzung einzelner Staaten. Nur so kommen wir zu einem Ergebnis, das letztendlich dazu führt, dass die Region stabilisiert wird. Liebe Kolleginnen und Kollegen, ich will darauf eingehen, was unser Beitrag ist. Unsere Beiträge bestanden zunächst einmal darin, dass wir Sicherheitskräfte geschickt haben, die dort geholfen haben, Ordnungsstrukturen herbeizuführen. Dann waren wir dabei beim Aufbau von Institutionen. Jetzt gehen wir den nächsten Schritt. Wir unterstützen die Kosovaren dabei, ihre Armee selbstständiger zu machen. Im Moment liegt die Verantwortlichkeit für die Armee noch bei der NATO. Wir arbeiten daran, dass die Kosovarer mehr Eigenverantwortung bekommen. Damit statten wir sie besser aus, sodass sie selber ihren Job machen können. Das ist genau der richtige Weg. Wir sehen, dass die kosovarischen Streitkräfte gut ausgebildete Kräfte sind. Wir wissen, dass sie inzwischen eigenständiges Denken entwickelt haben. Darüber freuen wir uns. Wir sollten diesen Prozess fortsetzen. Wir sollten ihn begleiten. Wir sollten ihm Zeit geben. Wir sollten aber auch klar benennen, wann Schluss ist. Das heißt, wir dürfen nicht vergessen, dass wir irgendwo Grenzen setzen müssen. Das gilt übrigens auch für die Frage, wie lange wir bleiben. Wir müssen uns fragen: Wie lange soll das Ganze andauern? Welcher Zeitraum wäre angemessen? Ich glaube, dass wir uns da etwas vorgenommen haben. Wir haben gesagt: Bis Ende Oktober 2024 sollen die Truppen abziehen. – Das halte ich für richtig. So macht man das. Man sagt: Wir ziehen uns zurück. – Aber man sollte auch sagen: Wir ziehen uns nur zurück, weil wir erwarten, dass die anderen Strukturen stehenbleiben. Wir möchten gerne, dass die Europäische Union endgültig Verantwortung übernimmt. Wir würden uns freuen, wenn die EU-Kommission bald einen Vorschlag vorlegt, wie es weitergehen könnte. Wir hoffen, dass die Mitgliedsländer der Europäischen Union sich dann entsprechenden Beschlüssen anschließen. Vielen Dank.","Wir haben uns hier heute Morgen intensiv über den Angriffskrieg Russlands auf die Ukraine ausgetauscht. Wir wissen alle: Es ist Krieg in Europa – das erste Mal seit dem Ende des Zweiten Weltkrieges; es sind Menschen gestorben oder verletzt worden durch diesen brutalen russischen Überfall. Und wir müssen alles tun, um dieser Aggression entgegenzutreten. Aber ich sage auch ganz deutlich: Wenn man sich die Bilder anschaut von den vielen tausend Flüchtlingskindern, Frauen, Alten und Kindern, dann muss einem doch Angst und Bange werden vor diesem Krieg. Ich glaube, dass wir als Deutsche aber nicht nur sagen können „Es gibt so viele Leidtragende“, sondern auch selber etwas beitragen wollen für diese Leute. Deswegen bin ich froh darüber, dass unsere Ministerin Annalena Baerbock jetzt endgültig klargestellt hat, was sie schon länger gesagt hatte, nämlich dass Deutschland bereit sein wird, einen Beitrag zur Aufnahme von geflüchteten Ukrainern zu leisten. Das ist gut und richtig. Denn wenn Putin nicht mehr weiter weiß, wie er seinen Angriffs- und Vernichtungsfeldzug gegen die Ukraine fortsetzen kann, dann könnte er ja vielleicht darauf kommen, dass es ihm gelingt, noch mehr Ukrainerinnen und Ukrainer dazu zu bringen, ihr Land zu verlassen. Dann wäre das Ziel erreicht. Darum geht es bei Putins Kriegsstrategie. Der einzige Weg, dies abzuwenden, besteht darin, den ukrainischen Staat und seine Bevölkerung zu stärken. Genau da setzen wir an. Mit unserem Sondervermögen unterstützen wir die Ukraine dabei, ihre Verteidigungsfähigkeit massiv zu erhöhen. Auch das ist genau das Richtige. Liebe Kolleginnen und Kollegen, natürlich dürfen wir auch diejenigen nicht vergessen, denen es schlechter geht. In meinem Wahlkreis Göttingen leben sehr viele Geflüchtete aus Syrien. Sie hatten dort nichts anderes getan, als ihrem Leben nachzugehen, als sie vom IS angegriffen wurden. Manche mussten fliehen, andere kamen ins Gefängnis. Wer zurückkehren will, muss damit rechnen, eingesperrt zu bleiben. Dafür sorgt der syrischen Regierung nahestehender Geheimdienste. Die Situation ist dramatisch geworden. Daher brauchen wir dringend humanitäres Engagement. Meine Fraktion fordert daher die Bundesregierung auf, zusammen mit anderen Staaten eine Initiative zu starten, um Schutzsuchende aus Syrien aufnehmen zu lassen. Wir sollten zudem Druck machen, dass die EU-Kommission schnellstmöglich eine entsprechende Regelung vorschlägt. Dies würde helfen, die Lage vieler Familien entscheidend zu verbessern. Liebe Kolleginnen und Kollegen, unser Einsatz beim UNHCR zeigt einmal mehr: Unsere Hilfe kommt immer direkt an. Immerhin konnten dank unserer Unterstützung bisher rund 1 Million Kinder geimpft werden. Eine halbe Millionen Menschen konnte mit sauberem Trinkwasser versorgt werden. Fast 200 000 Personen profitierten von psychosozialer Betreuung. Diese Zahlen zeigen mir jedenfalls, dass die Mittel tatsächlich dorthin gehen, wo sie am nötigsten gebraucht werden. Vielen Dank dafür! Liebe Kolleginnen und Kollegen, abschließend möchte ich mich bedanken bei all jenen, die sich täglich ehrenamtlich engagieren, sei es für Geflüchtete, für Obdachlose oder für Tiere. Ihr seid großartig! Herzlichen Dank.","Das ist doch völlig richtig: Wir brauchen einen klaren Blick auf die Zukunft Europas; das haben Sie gesagt. Die Verteidigungspolitik muss dabei aber auch ihren Teil dazu beitragen. Das tun wir hier heute. Es geht um den Auftrag für unseren Beitrag zur militärischen Krisenbewältigung in Europa. Der aktuelle Mandatsumfang entspricht nicht mehr dem Einsatzbedarf vor Ort. Deshalb müssen wir ihn anpassen – so wie es von allen Seiten gefordert wird –, damit die Soldaten vor Ort besser unterstützt werden können. Diese Anforderungen sind nachvollziehbar und verständlich. Ich bin sehr froh darüber, dass sich alle Fraktionen dafür ausgesprochen haben. Dass wir trotzdem nur knapp über zwei Drittel Zustimmung bekommen haben, finde ich bedauerlich. Aber bei aller Klarheit, Herr Kollege Spahn, was Ihre Position angeht, möchte ich sagen: So etwas hatte man eigentlich gar nicht erwartet. Denn wenn wir uns anschauen, woher dieser Konflikt kommt, dann sehen wir, dass da ja noch andere Länder involviert waren und sind. Und genau diese Zusammenarbeit wollen wir fortsetzen. In diesem Sinne freue mich natürlich besonders, dass Großbritannien weiterhin als Mitglied der internationalen Gemeinde mitwirken will. Das hat sicherlich auch etwas mit Ihrer Verhandlungsposition beim Brexit zu tun gehabt. Im Übrigen würde ich mir wünschen, dass weitere europäischen Staaten diesen Weg ebenfalls beschreiten würden. Ein zweiter Punkt: Bei allem Streben nach Verbesserung dürfen wir nie vergessen, worum es letztendlich geht: Um Menschenleben! Auch wenn die Sicherheitslage insgesamt gut ist, gibt es immer wieder Zwischenfälle, Unruhen oder kriminelle Handlungen, gegen welche die Kosovarinnen und Kosovaren geschützt werden sollen. Man kann es drehen und wenden, wie man will: Die Präsenz der KFOR-Truppe bleibt notwendiger denn je. Dieser Stabilisierende Beitrag ist wichtig für das Land und gleichzeitig Zeichen unserer Solidarität und Partnerschaft inner- und außerhalb unseres Kontinentes. Dabei zeigt gerade dieses Beispiel ganz deutlich, warum internationale Politik zwingenderweise multilateral erfolgen muss. Keine Nation kann es alleine bewerkstelligen, Friedensbemühungen erfolgreich durchzusetzen bzw. sie zu erhalten. Was wäre wohl passiert ohne die Unterstützung der NATO? Ohne deren Rückhalt hätte Serbien wahrscheinlich niemals seine Truppen abgezogen, und Ruhe kehrte erst recht nicht ein. Für diese Befriedung ist Deutschland gemeinsam mit seinen Alliierten eingesetzt worden. Dennoch gehört seit nunmehr fast einem Vierteljahrhundert zur Realität unserer Außen-, Entwicklungszusammenarbeit sowie der Verteidigungspolitik, dass wir eben nicht jedermanns Lieblinge sind. Neuerdings wissen viele sogar nicht einmal mehr, wer wir eigentlich sind. Warum? Weil unsere Rolle stets zwischen Erpressern und Geberländern liegt. Doch genau daran hängt auch die Existenz Deutschlands. Seit Jahrtausenden lebt unser Volk vom Austausch seiner Ideen, seiner Produkte und Dienstleistungen mit anderen Nationen weltweit. Von daher gilt schon lange das Motto „Wer exportieren will, muss importieren“. Ausnahmen bilden lediglich solche Güter, die unvergleichbar günstige Preise bieten. Gleichwohl zeigen selbst diese Beispiele: Nur die Exportnation Nummer eins wurde tatsächlich auch Importweltmeister. Meine Damen und Herren, dies macht die Komplexität der globalisierten Weltdebatte spürbar. Da hilft kein einfaches Schwarzweiß-Denken, sondern vielmehr differenzierte Ansätze, die man teilweise übrigens bereits findet. Nehmen wir den Bereich Bildung. Dort steht fest, dass jeder investierte Euro mindestens viermal zurückfließt. Hierzu ließe sich also auch viel erreichen, und zwar nicht nur im eigenen Interesse, sondern weil es vielen Kindern ermöglicht, später ihr Leben eigenständig gestalten zu können. Nicht selten heißt es dann jedoch: Schade, dass uns diese Einsichten fehlen. Wie soll man auch anders denken, wenn sich hinter jedem Wort „Deutschland“ sofort reflexartig das Gedankenbild eines Autokraten verbietet, der sein Land nach seinem Gusto regiert? Ja, meine Damen und Herren, leider trifft dies auf einige Staatsführer zu. Doch darf man daraus nicht schlussfolgern, dass jede Form der Kooperation automatisch falscher Natur sei. Sondern nein: Wer helfen will, muss lernen, das eigene Ego hintanzustellen. Letztlich profitiert davon nämlich jeder, und zwar gleichermaßen. Dahingehend sollten wir endlich beginnen, offenere Debatten anzustoßen, die Lösungsvorschläge statt Dogmen suchen lassen. Dann könnte es gelingen, Antworten auf globale Herausforderungen zu finden. Dieses Ziel sollte auch in unserem Haushalt erkennbar bleiben. Herzlichen Dank."
SPD,Wirtschaftshilfen Corona,"Sehr geehrte Damen und Herren,

wir stehen vor großen Herausforderungen in dieser Krise. Die Ausbreitung des Coronavirus hat unsere Gesellschaft und Wirtschaft hart getroffen. Viele Unternehmen kämpfen ums Überleben, Millionen Menschen haben ihre Jobs verloren oder sind von Kurzarbeit betroffen.

Als Sozialdemokraten ist es unser oberstes Ziel, die Folgen dieser Pandemie abzumildern und den sozialen Zusammenhalt in unserem Land zu stärken. Deshalb fordert die SPD massive finanzielle Hilfsprogramme für Betriebe und Arbeitnehmerinnen und Arbeitnehmer.

Wir müssen alles tun, damit niemand zurückgelassen wird - weder im Krankheitsfall noch bei Arbeitslosigkeit. Dafür brauchen wir einen Rettungsschirm für alle Beschäftigten: Ein Recht auf Kurzarbeitergeld für alle, unabhängig vom Einkommen und der Branche. Und wer seinen Job verliert, muss schnell und unbürokratisch Unterstützung erhalten – durch Transferleistungen wie das Arbeitslosengeld I statt Hartz IV.

Auch kleine Selbstständige und Solo-Selbständige dürfen nicht vergessen werden. Sie benötigen dringend Soforthilfe, um über die Runden zu kommen. Wir setzen uns dafür ein, dass diese Hilfe zielgerichtet und unbürokratisch ausgezahlt wird.

Für große Konzerne gilt harte Auflagen: Wer Staatshilfen annimmt, darf keine Dividenden ausschütten und Mitarbeiter entlassen. Stattdessen sollen sie sich verpflichten, nach der Krise wieder ausreichend Personal einzustellen. Nur so können wir sicherstellen, dass am Ende der Krise nicht nur einige wenige profitieren, sondern alle Bürgerinnen und Bürger.
Die Bundesregierung muss jetzt handeln! Es geht darum, Existenzen zu retten und unseren gesellschaftlichen Zusammenhalt zu bewahren. Lassen Sie uns gemeinsam stark sein gegen diese Krise!

Vielen Dank.","Sehr geehrte Damen und Herren,

wir stehen vor großen Herausforderungen inmitten dieser Pandemie. Die Ausbreitung von COVID-19 hat unsere Gesellschaft hart getroffen und viele Menschen sind durch den Lockdown wirtschaftlich betroffen worden.

Die Bundesregierung hat schnell reagiert und umfangreiche Hilfspakete geschnürt, um die Folgen abzumildern. Dafür möchte ich mich an erster Stelle bei unserem Finanzminister Olaf Scholz bedanken. Wir als Sozialdemokraten setzen uns für einen sozialen Ausgleich ein und wollen sicherstellen, dass niemand zurückgelassen wird.

Unsere oberste Priorität ist es nun, Arbeitsplätze zu sichern und Unternehmen dabei zu unterstützen, diese Krise zu überwinden. Deshalb haben wir Soforthilfen für Solo-Selbstständige, kleine Betriebe sowie Familien auf den Weg gebracht. Darüber hinaus wurden Kredite bereitgestellt, damit Firmen ihre Liquiditätsengpässe überbrücken können.
Auch Kurzarbeitergeld wurde massiv ausgeweitet – dies stärkt die Kaufkraft vieler Arbeitnehmerinnen und Arbeitnehmern und hilft gleichzeitig unseren Unternehmen, Personal halten zu können.

Trotz aller Maßnahmen werden einige Branchen besonders stark getroffen sein - insbesondere Gastronomie, Hotellerie oder Veranstaltungsbranche. Hier brauchen wir weitere Unterstützung, denn ohne sie geht unser kulturelles Leben verloren. Daher fordert die SPD zusätzliche direkte Zuschüsse für solche Betroffene, die keine Rücklagen bilden konnten. 

Gleichzeitig dürfen wir aber auch nicht vergessen: Diese Hilfe kommt letztendlich vom Steuerzahler. Und genau darum müssen wir sorgsam haushalten. Es gilt jetzt schon vorauszudenken, wie wir nach Überwindung der Krise wieder gestärkt dastehen können. Dazu gehört unter anderem eine gerechte Besteuerung großer Digitalkonzerne, die während der Krise enorm profitieren konnten.

Meine sehr verehrten Damen und Herren,
die nächsten Wochen und Monate werden entscheidend dafür sein, ob Deutschland gut durch diese Krise kommen kann. Als Sozialdemokratinnen und Sozialdemokraten sehen wir es als unsere Pflicht, Verantwortung zu übernehmen und Lösungen anzubieten, die sowohl solidarisch als auch zukunftsorientiert sind. Denn nur gemeinsam meistern wir diese Krise!

Vielen Dank.","Sehr geehrte Damen und Herren,

wir stehen heute vor großen Herausforderungen für unsere Gesellschaft und Wirtschaft durch die COVID-19-Pandemie. Die Ausbreitung des Virus hat uns gezeigt, wie verwundbar unser System ist.

Die Bundesregierung hat schnell gehandelt und umfangreiche Hilfspakete geschnürt, um Unternehmen und Arbeitnehmerinnen und -nehmern in dieser Krise unter die Arme zu greifen. Wir von der Sozialdemokratischen Partei Deutschlands unterstützen diese Maßnahmen ausdrücklich.

Doch wir dürfen nicht vergessen: Es geht dabei auch darum, soziale Gerechtigkeit zu wahren. Nicht jeder profitiert gleichermaßen von diesen Hilfeleistungen. Besonders hart getroffene Branchen wie Gastronomie oder Kulturschaffende bleiben oft auf der Strecke. Hier müssen wir ansetzen!

Wir fordern daher einen Fonds zur Unterstützung besonders betroffener Sektoren. Gerade solche Bereiche prägen das Lebensgefühl unserer Stadtviertel und tragen wesentlich dazu bei, dass sich Menschen wohl fühlen können. Sie verdienen es, jetzt nicht allein gelassen zu werden.

Auch die Beschäftigten dort brauchen unseren Schutz. Kurzarbeitergeld darf nicht automatisch bedeuten, dass sie weniger Geld erhalten als Hartz IV-Empfänger*innen – das wäre unsozial! Deshalb setzen wir uns dafür ein, dass während der Zeit im Kurzarbeit mindestens das volle Nettogehalt gezahlt wird.

Eine weitere Baustelle sehe ich beim Zugang zu den Soforthilfen. Kleinunternehmen und Solo-Selbstständige haben oftmals Schwierigkeiten, die bürokratische Hürden zu überwinden. Hier benötigen wir unbürokratische Lösungen, um allen Betroffenen gerecht zu werden.

Zudem mahnen wir an, nachhaltiges Handeln stärker in den Vordergrund zu rücken. Nur wenn wir jetzt Weichen stellen, können wir sicherstellen, dass am Ende aller Pandemienormale Geschäftstätigkeiten wieder möglich sind ohne unsere Umwelt weiter zu belasten. Nachhaltiger Konsum und Produktion muss gefördert werden.

Liebe Kolleginnen und Kollegen, lassen Sie uns gemeinsam stark sein für diejenigen, die gerade am meisten leiden. Lassen Sie uns mutig genug sein, neue Ideen zuzulassen statt nur Altbekanntes fortzusetzen. Und lassen Sie uns solidarisch handeln – miteinander, füreinander und vorausschauend für die Zukunft unseres Landes.

Vielen Dank.","Die Coronakrise hat die Weltwirtschaft in den letzten Monaten hart getroffen – auch unsere Volkswirtschaft. Das ist nicht nur bitter für uns alle; das trifft vor allem diejenigen besonders hart, die ohnehin schon wenig haben: Menschen ohne Arbeit oder mit geringem Einkommen, Rentnerinnen und Rentnern, Alleinerziehenden und vielen anderen mehr. Die Bundesregierung hat schnell gehandelt, um diese Krise abzufedern. Wir haben einen Rettungsschirm von über 1 Billion Euro aufgespannt. Dazu gehört unter anderem unser Kurzarbeitergeld. Es hilft Millionen Beschäftigten dabei, ihren Job zu behalten und ihre Existenzgrundlage zu sichern. Aber wir wissen natürlich auch: Diese Maßnahmen sind wichtig, aber sie reichen noch lange nicht aus. Deshalb werden wir jetzt weitere Schritte gehen, damit es wieder bergauf geht bei unserer Wirtschaft. Und ich sage Ihnen ganz klar: Auch wenn wir gerade sehr viel Geld zur Verfügung stellen müssen, so wird dieser Weg kein leichter sein. Er wird steiniger als bisher. Denn wir wollen ja keine Schuldenberge anhäufen, sondern wir wollen unseren Kindern und Enkelkindern etwas hinterlassen, was ihnen wirklich weiterhilft. Darum muss man heute genau hinschauen, wofür dieses Geld eingesetzt wird. Ich will an dieser Stelle einmal sagen: Ja, wir brauchen Investitionen in Infrastruktur, Digitalisierung und Klimaschutz. All dies kann dazu beitragen, dass wir nachhaltige Arbeitsplätze schaffen können. Doch allzu oft hören wir hier im Parlament immer nur „mehr“ statt „besser“. Mehr Straßenbau bedeutet eben nicht automatisch bessere Mobilität. Mehr Windräder bedeuten nicht automatisch weniger CO2-Emissionen. Und mehr digitale Technik heißt leider noch lange nicht, dass wir besser vernetzt sind. Wenn wir also investieren, dann bitte richtig! Dann lassen Sie uns doch gemeinsam darüber reden, wie wir die richtigen Prioritäten setzen. Lassen Sie uns dafür sorgen, dass Deutschland endlich digitalisiert wird. Lassen Sie uns dafür sorgen, dass wir unsere Verkehrswege modernisieren und gleichzeitig klimafreundlicher machen. Lassen Sie uns dafür sorgen, dass wir die Energiewende erfolgreich gestalten. Liebe Kolleginnen und Kollegen, wir stehen aktuell vor großen Herausforderungen. Der Kampf gegen Covid-19 erfordert von allen Bürgerinnen und Bürgern große Disziplin und Opferbereitschaft. Gleichzeitig kämpfen viele Unternehmen darum, ihr Geschäftsmodell neu zu justieren, neue Wege zu finden. Viele Familien fragen sich, ob sie es finanziell durchhalten werden. In diesen Zeiten gilt es erst recht zusammenzustehen. Als Sozialdemokratinnen und -demokraten steht für uns fest: Keine Familie soll Angst davor haben müssen, wegen der Pandemie ins Elend zu stürzen. Niemand darf befürchten müssen, seinen Job zu verlieren. Jeder Mensch verdient Respekt und Achtung. Genau da setze ich mich ein. Für uns bleibt klar: Solidarität ist die Grundvoraussetzung für Zusammenhalt. Nur gemeinsam kommen wir gut durch diese schwierige Zeit. Liebe Kolleginnen und Kollegen, wir dürfen niemanden zurücklassen. Gerade in Krisenzeiten zeigt sich, wer wirklich solidarisch handeln möchte. Wer wirklich helfen will, der sollte nicht versuchen, andere gegeneinander auszuspielen. Stattdessen sollten wir lieber miteinander sprechen, diskutieren und Lösungsansätze entwickeln. Ich bin mir sicher: Gemeinsam meistern wir diese Krise. Vielen Dank.","Das ist das erste Mal seit Wochen – wenn nicht sogar Monaten –, dass wir hier im Plenum über die wirtschaftlichen Auswirkungen dieser Pandemie diskutieren können; denn es war ja eigentlich geplant gewesen, heute den Haushalt für das Jahr 2021 einzubringen. Wir hätten dann auch darüber gesprochen: Wie geht es weiter? Was machen wir als Bundesregierung, um diese Krise in den Griff zu bekommen? Aber natürlich haben sich viele Menschen angesichts der steigenden Infektionszahlen Sorgen gemacht, ob sie ihre Arbeit behalten oder ihren Job verlieren werden. Deshalb hat Olaf Scholz am Mittwoch einen Vorschlag vorgelegt, wie wir helfen wollen. Er beinhaltet drei Punkte: erstens, dass wir jetzt sofort handeln müssen, zweitens, dass wir vor allem denen helfen müssen, deren Existenz bedroht wird, und drittens, dass wir uns auf kommende Herausforderungen besser vorbereiten sollten. Der Kollege Schneider hat schon darauf hingewiesen: Es gibt keine Alternative dazu, dass wir schnell reagieren müssen. Die Zahlen sind besorgniserregend. Ich will nur noch mal kurz daran erinnern: Wenn man sich anschaut, was passiert, wenn man bei einer Inzidenzzahl von 50 Neuinfizierten pro 100 000 Einwohner bleibt, sieht man, welche Folgen das hat: Man kann Schulen wieder öffnen, aber eben nur eingeschränkt. Bei einer Inzidenzzahl von 35 würde man Kitas wieder vollständiger öffnen können. Und ab einem Wert von unter 10 könnte man endlich wieder Veranstaltungsräume nutzen und Hotels öffnen. Das zeigt ganz deutlich, worum es geht: Um dieses Virus muss man kämpfen. Dafür braucht es Maßnahmen, damit unsere Gesundheitssysteme nicht kollabieren. Und dafür brauchen wir finanzielle Unterstützung, damit Arbeitsplätze erhalten bleiben und Unternehmen durch diese schwierige Zeit kommen. Vor wenigen Tagen hatte ich Gelegenheit, mich mit Vertreterinnen und Vertretern aus dem Handwerk zu treffen. Sie waren sehr dankbar für die bisher geleistete Hilfe. Gleichzeitig machten sie mir aber auch klar: Für einige Branchen gibt es leider keinen Rettungsschirm mehr. Da heißt es: „Wir wissen gar nichts davon.“ Oder: „Ich habe meinen Betrieb gerade neu gegründet“ – so etwas hört man immer öfter – „und weiß einfach nicht, woher ich Geld nehmen soll“, weil es eben kein Hilfsprogramm mehr gibt. Genau da setzt unser Konzept an. Denn wir dürfen niemanden vergessen! Gerade kleine Unternehmen und Selbständige brauchen schnelles und unbürokratisches staatliches Engagement. Darüber hinaus gilt es, weitere wichtige Bereiche ins Auge zu fassen. Hierzu zählen etwa Kulturschaffende, Sportvereine, Freiberufler sowie Gastronomie- und Hotellerieberufe. Diese Berufsgruppen gehören ebenfalls zur Grundversorgung unserer Bevölkerung, und ihnen müssen wir dringender denn je unterstützen. Unser Ziel sollte sein, allen Betroffenen zu helfen. Natürlich darf dabei der Blick nach hinten nicht fehlen. Auch die bereits getätigte Coronahilfe wurde kritisiert. Dabei wurden jedoch häufig zwei Aspekte außer Acht gelassen. Zum ersten Punkt, also der Frage der Verfassungsmäßigkeit der Überbrückungshilfen: Ja, es gab Klageverfahren gegen die Überbrückungshilfen, und zwar wegen angeblicher Ungereimtheiten bei der Antragstellung. Allerdings stellte das Oberlandesgericht München fest, dass die Regelungen zu den Überbrückungshilfen rechtsgültig seien. Eine andere Frage betrifft die sogenannten Novemberhilfen. Diesbezüglich laufen aktuell noch Eilverfahren beim Finanzgericht Münster bzw. beim Finanzministerium Nordrhein-Westfalens. Doch selbst wenn es dort anders entschieden würde, wäre dies eher eine juristisch motivierte Entscheidung, die kaum praktischen Nutzwert hätte, da alle anderen Länder die entsprechenden Richtlinien bereits genehmigt haben. Dennoch möchte ich betonen: Unsere Aufgabe als Politiker besteht darin, Probleme frühzeitig anzupacken und Lösungsansätze zu finden, bevor sie überhandnehmen. Damit meine ich sowohl die Bekämpfung der Pandemiefolgen als auch die Verbesserung unserer Rechtslage. Letzte Woche sprach ich mit einer Mitarbeiterin vom Bundesfinanzhof. Dort sagte man mir, dass es oft Jahre dauert, bis Fälle behandelt werden könnten. Wer allerdings glaubt, dass dadurch alles automatisch einfacher werde, irrt sich. Vielmehr kommt hinzu, dass jeder Fall individuelle Besonderheiten aufweisen kann, sodass es oftmals schwer ist, allgemeinen Regeln zu folgen. Daher bin ich frohen Mutes, dass wir bald einen guten Weg gefunden haben werden, um diesen komplexen Situationen gerecht zu werden. Abschließend möchte ich sagen: Trotz aller Schwierigkeiten geben wir nicht auf. Wir arbeiten hart daran, dass Deutschland gut durch diese Krise kommt. Vielen Dank.","Mit dem vorliegenden Gesetzentwurf sollen die Voraussetzungen für einen verbesserten Zugang von Unternehmen zur Überbrückungshilfe III geschaffen werden – ich glaube, das ist hier auch schon angesprochen worden –; denn es gibt noch viele Unternehmen in Deutschland, gerade im Mittelstand, denen wir helfen müssen. Es sind überall Menschen beschäftigt, um deren Existenzen es geht, und diese Hilfe brauchen sie dringend. Das betrifft insbesondere den Einzelhandel, die Gastronomie, aber auch andere Branchen wie Friseure oder Schausteller: Alle stehen unter einem enormen Druck durch die Pandemie. Deshalb hat Bundesfinanzminister Olaf Scholz am Wochenende nach Berlin eingeladen, damit sich alle beteiligten Ministerien auf neue Regelungen verständigen konnten. Ich bin froh darüber, dass dieser Prozess jetzt so schnell abgeschlossen wurde. Wir haben uns gemeinsam darauf geeinigt, die bestehenden Regeln weiter auszuweiten. Denn jeder Euro, jede Unterstützung muss möglich sein. Jeder kann doch nur gewinnen davon! Herr Kollege Middelberg, gestatten Sie eine Zwischenfrage? Ja, gerne. Vielen Dank, Frau Präsidentin. – Sehr verehrter Herr Staatssekretär Wendt, vielen herzlichen Dank dafür, dass Sie meine Frage zulassen wollen. Liebe Kolleginnen und Kollegen, erlauben Sie mir, kurz etwas grundsätzliches anzumerken: Die Oppositionsfraktionen tun immer so, als ob ihre Redner nicht redeten. Aber wenn man genau hinhört, merkt man, dass das gar nicht stimmt. Und dann kommt natürlich die nächste Bemerkung. Aber bitte schön. – Gut. Also, die FDP-Fraktionsvorsitzende hat gesagt, bei den Coronahilfepaketen sei alles super gelaufen. Da würde nichts passieren, was dazu führen könnte, dass irgendjemand schlechter wegkomme. Man habe ja sogar mehr Geld ausgezahlt als vorgesehen. Nun möchte ich Ihnen folgende Frage stellen: Können Sie mir sagen, warum die Anzahl der Insolvenzanträge seit März letzten Jahres deutlich angestiegen ist? Warum rechnete die EU-Kommission Mitte Dezember dieses Jahres bereits mit 1 Million zusätzlicher Arbeitslosigkeit in diesem Jahr infolge von Coronamaßnahmen, also wegen Lockdown usw.? Ist Ihnen bekannt, dass laut OECD-Bericht vom Januar diesen Jahres 2 Prozent weniger Umsatz gemacht wurden als ohne Corona? Ich stelle mal die Gegenfrage: Haben Sie irgendetwas dagegensetzt? Wie oft waren Ihre Leute eigentlich bei solch wichtigen Sitzungen dabei? Einen großen Teil Ihrer Arbeit machen Sie ja nur im Fernsehen. – Nein, nein. Jetzt hört endlich einmal jemand hin, statt dauernd rumzupöbeln. Was macht Ihr Finanzministerium da eigentlich? Der Finanzminister sitzt nämlich still und leise da oben und lässt das einfach laufen. Er sagt nichts gegen all dies, sondern lässt es ebenso über sich ergehen. Hat ihn jemals ein Mitglied Ihres Teams gefragt, welche Ausgabenpositionen nun wirklich sinnvolle Investitionen darstellen und welche nicht? Darüber müsse man sich Gedanken machen. Oder ist es Ihnen egal, ob unser Land wettbewerbsschwächer wird? Wenn Sie mich fragen würden … Herr Middelberg, kommen Sie bitte zum Ende. Dann hätte ich Zeit gehabt, das zu beantworten. Danke sehr. Ich hatte ganz vergessen, dass ich gleich antworten musste. Bitte schön. Es gab schon einige Nachbesserungsbedarf im Bereich der Überbrückungshilfe II. Den haben wir angegangen. Wir haben die Bedarfsanmeldung erleichtert, indem wir zum Beispiel bestimmte Verpflichtungen reduziert haben. Bei der Überbrückungshilfe I hatten wir Probleme beim Starttermin. Diesmal starten wir früher. Wir haben jetzt mehr Flexibilität eingerichtet, sodass auch größere Betriebe teilnehmen können. Außerdem haben wir jetzt Klarheit geschafft bei der Bereitstellung von Eigenkapital. Im nächsten Monat liefern wir auch Zahlen dazu, wer wann beantragt hat, um Transparenz sicherzustellen. Zur Sicherheitsleistung sage ich Folgendes: Selbstverständlich will niemand Risiken eingehen. Deshalb wird bei Beantragern, die keine negativen Ergebnisse hätten, keinerlei Sicherheitsleistung verlangt. Darauf legen wir Wert. So weit, so gut. Auch unsere Fragen, die wir im Ausschuss gestellt haben, wurden berücksichtigt. Zum Beispiel wird künftig die Entschädigung für coronabedingtes Kurzarbeitergeld besser behandelt, und zwar dadurch, dass es nicht länger rückgerechnet wird. Stattdessen zahlt die Agentur für Arbeit direkt an den Steuerberater aus. Damit entfallen Rückforderungen, weil falsche Angaben gemacht wurden. Für alle, die das interessiert: Diese Änderung gilt sowohl für die aktuelle Phase als auch für die Phase danach, falls es wieder Lockdown geben sollte. Unser Ziel ist klar definiert: Es soll kein Unternehmen fallen gelassen werden. Jede Chance nutzen wir. Auch derjenige, der vielleicht schon lange keinen Gewinn erwirtschaftet hat, darf profitieren. Es gibt keine Absenkung des Beihilfewerts. Die Förderkriterien bleiben unabhängig von der Rentabilität der Unternehmen erhalten. Natürlich haben wir auch geprüft, ob es Möglichkeiten gibt, Bürokratieabbau einzuleiten. Hierbei steht im Mittelpunkt, dass digitale Lösungen gefunden werden. Insgesamt geht es darum, flexibler zu handhaben, schneller zu entscheiden und unbürokratischer zu arbeiten. Allerdings sollten wir uns bewusst sein, dass jeder Fehler teurer ist als jedes Hilfspaket. Deshalb werde ich mich dafür einsetzen, dass die Verbände frühzeitig einbezieht, bevor Entscheidungen getroffen werden. Nur so kann der beste Weg gegangen werden. Ich bedanke mich vielmals für Ihre Aufmerksamkeit."
SPD,Gaspreise,"Sehr geehrte Damen und Herren,

ich möchte heute über das drängende Problem steigender Energiekosten sprechen - insbesondere die explodierenden Preise für Erdgas.

Die aktuelle Situation ist besorgniserregend: Viele Menschen müssen immer tiefer in ihre Tasche greifen, um Heizung und Warmwasser aufrechtzuerhalten. Gleichzeitig sorgen sich Unternehmen um ihre Existenzfähigkeit. Die sozialen Folgen sind bereits jetzt spürbar – Familien sehen sich gezwungen, Sparmaßnahmen zu ergreifen oder gar den Gürtel enger schnallen zu müssen.

Als Sozialdemokraten stehen wir an der Seite dieser Bürgerinnen und Bürger! Wir werden nicht zulassen, dass sie unter diesen Umständen leiden müssen!

Deshalb fordern wir als SPD einen sofortigen Preisdeckel für Erdgas. Dieser soll sicherstellen, dass niemand mehr als einen bestimmten Betrag pro Kilowattstunde bezahlen muss. Damit wäre gewährleistet, dass auch einkommensschwächere Haushalte genug Geld zur Verfügung haben, um ihren Lebensunterhalt bestreiten zu können.

Darüber hinaus setzen wir uns dafür ein, dass es Entlastungsmechanismen gibt, damit Unternehmen durch hohe Energiekosten nicht in existentielle Schwierigkeiten geraten. Denn nur wenn unsere Wirtschaft stabil bleibt, kann Deutschland wettbewerbsfähig bleiben und Arbeitsplätze gesichert werden.

Um diese Ziele erreichen zu können, brauchen wir jedoch Unterstützung von allen Seiten. Es liegt im Interesse aller demokratischer Kräfte, hier gemeinsam Lösungen zu finden. Nur zusammen können wir verhindern, dass unser Land auseinanderdriftet.

Ich appelliere daher an Sie alle: Lassen Sie uns solidarisch sein und alles daran setzen, die Lasten gerecht zu verteilen. Packen wir dieses Problem entschlossen an - zum Wohle unserer Gesellschaft!

Vielen Dank.","Sehr geehrte Damen und Herren,

wir stehen vor großen Herausforderungen in Zeiten steigender Energiekosten und insbesondere bei den Erdgaspreisen. Die Auswirkungen dieser Entwicklung sind spürbar: Viele Haushalte müssen tiefer in die Tasche greifen für ihre Heiz- und Stromrechnung, Unternehmen sehen sich mit zusätzlichen Belastungen konfrontiert.

Als Sozialdemokratinnen und Sozialdemokraten ist es unsere Pflicht, hier anzusetzen und Lösungsansätze aufzuzeigen, um diese Probleme abzumildern. Wir wollen einen fairen Übergang hin zur Klimaneutralität gestalten - doch dabei dürfen niemanden zurückgelassen werden!

Unser Ziel muss sein, dass alle Menschen unabhängig von ihrem Einkommen Zugang zu bezahlbaren Energien haben. Deshalb fordert die SPD einen sozial gerechten Mechanismus, um besonders betroffene Verbrauchergruppen finanziell zu entlasten. Eine solide Finanzierung durch eine Übergewinnsteuer wäre dafür ein wichtiger Baustein.

Wir setzen uns zudem für mehr Transparenz am Markt ein. Es darf nicht sein, dass einige wenige große Akteure überhöhte Preise diktieren können. Hier braucht es klare Regeln und Kontrollmöglichkeiten seitens der Politik.

Auch im Bereich der Industrie gilt es, Gerechtigkeit herzustellen. Für energieintensive Betriebe müssen wir Wege finden, damit sie wettbewerbsfähig bleiben können. Dafür bedarf es gezielter Unterstützung und Anpassungsprozesse.

Darüber hinaus plädieren wir als SPD für Investitionen in erneuerbare Energien und Energieeffizienz. Nur wenn wir jetzt in sauberen Umbau unserer Energielandschaft investieren, können wir langfristig Kosten senken und gleichzeitig unseren Planeten schützen.

Liebe Kolleginnen und Kollegen,
die aktuelle Situation zeigt deutlich: Der Kampf gegen hohe Energiepreise und für bezahlbare Energie für Alle bleibt eine gesamtgesellschaftliche Aufgabe.
Mit einem Maßnahmenpaket aus Entlastungspaketen, Marktkontrolle und nachhaltigen Investments packt die SPD entschlossen an. Lassen Sie uns gemeinsam daran arbeiten, das Leben der Bürgerinnen und Bürger zu erleichtern und zugleich den Weg in Richtung klimafreundlicher Zukunft ebnen! 

Vielen Dank.","Sehr geehrte Damen und Herren,

heute möchte ich als Mitglied der Sozialdemokratischen Part Deutschlands über das drängende Problem steigender Energiekosten sprechen - insbesondere die explodierenden Preise für Erdgas.

Die aktuelle Situation auf dem Weltmarkt führt dazu, dass immer mehr Menschen vor existenziellen Sorgen stehen: Sie können ihre Heizungen nicht mehr bezahlen oder müssen sich zwischen Essen und warmer Wohnung entscheiden. Das ist unerträglich!

Es kann nicht sein, dass private Haushalte, aber auch kleine Unternehmen durch diese Krisensituation in finanzielle Not geraten. Wir dürfen niemanden alleine lassen – gerade jetzt braucht es Solidarität und soziale Gerechtigkeit! 

Deshalb fordert die SPD einen umfassenden Schutzschirm gegen hohe Energiekosten. Die Bundesregierung muss handeln und sofort wirksame Maßnahmen ergreifen:

Erstens sollten Soforthilfezahlungen an einkommensschwache Haushalte fließen. Niemand darf im Winter frieren müssen. Zweitens gilt es, den Gasverbrauch zu reduzieren - sowohl bei Privathaushalten als auch bei Industrie und Gewerbe. Dafür wollen wir Anreize setzen und gezielte Förderprogramme ausrollen. Und drittens benötigen wir faire Übergangsfristen und Ausgleichszahlungen für energieintensive Betriebe, damit sie wettbewerbsfähig bleiben.

Wir dürfen uns von Spekulanten und Marktakteuren nicht erpressbar machen lassen. Der Staat hat hier klar regulativ eingreifen müssen. Es geht darum, Preissteigerungen abzufedern und gleichzeitig Investitionen in erneuerbare Energien voranzutreiben. Nur gemeinsam werden wir diese Krise meistern.

Ich bitte daher die Regierungskoalition nachdrücklich, unsere Forderung schnellstmöglich umzusetzen und so Verantwortung für alle Bürgerinnen und Bürger dieses Landes zu zeigen. Denn eins steht fest: Eine Gesellschaft zeigt sich in Zeiten der Krise erst recht am Umgang miteinander. Lassen Sie uns solidarisch zusammenstehen! 

Vielen Dank.","Ich möchte mich an dieser Stelle bei den Menschen in unserem Land bedanken: für die Geduld, für das Verständnis, aber auch dafür, dass sie sich solidarisch zeigen; denn Solidarität ist gefragt – gerade jetzt im Winter. Wir haben einen Krieg mitten in Europa erlebt, wir hatten einen Angriff auf unsere Energieinfrastruktur, und es gab massive Preissteigerungen am Markt. Das hat dazu geführt, dass viele Bürgerinnen und Bürger Angst um ihre Existenz gehabt haben. Deshalb war es richtig, schnell zu handeln. Ich bin sehr froh darüber, dass wir als Ampelkoalition hier gemeinsam entschieden haben, was notwendig ist, damit diese Sorgen nicht zur Realität werden. Denn ich will ganz klar sagen: Die Bundesregierung wird alles tun, um sicherzustellen, dass niemand frieren muss, weil er oder sie sich keine Heizkosten leisten kann. Aber natürlich müssen wir uns fragen: Was können wir noch besser machen? Und da gibt es einige Punkte, über die man diskutieren sollte. Erster Punkt. Es geht darum, wie wir zukünftige Krisensituationen verhindern wollen. Da sind wir alle gefordert. Der zweite Punkt betrifft die Frage nach dem Umgang mit fossilen Energien. Hierzu habe ich schon viel gesagt. Dazu gehört beispielsweise die Tatsache, dass wir mehr Geld ausgeben müssen, um klimaneutral zu sein. Auch wenn wir heute vielleicht weniger CO2 produzierten hätten, hätte dies nichts geändert. Warum? Weil Russland trotzdem Öl exportiert hat. Daher wäre es falsch gewesen, nur darauf abzuzielen, weniger CO2 zu emittieren. Vielmehr mussten wir uns zusätzlich daran orientieren, welche Auswirkung unser Handeln auf die Preisspirale hatte. Letztlich ging es also immer darum, die richtigen Entscheidungen zu treffen, um sowohl unseren Beitrag gegenüber dem Pariser Klimaabkommen zu liefern als auch gleichzeitig die Versorgungs- und Lebensfähigkeit Deutschlands sicherzustellen. Jetzt kommen wir zu einem weiteren wichtigen Aspekt unserer Arbeit. Wie gehen wir eigentlich mit der Situation um, dass wir durch diesen Krieg so hohe Kosten haben? Natürlich könnte man einfach sagen: „Wir geben das Geld aus“, ohne Rücksicht darauf, ob es langfristig tragbar ist. Oder man sagt: „Ja, wir schieben die Probleme vor uns her.“ Beides wäre falsch. Stattdessen sollten wir versuchen, die Herausforderungen anzugehen, indem wir die Zukunftsfähigkeit stärken und dabei helfen, dass Deutschland wettbewerbsfähig bleibt. So können wir nämlich erreichen, dass wir mittelfristig wieder stabile Arbeitsplätze haben, dass wir Investitionsbereitschaft fördern und dass wir letztendlich auch die Steuereinnahmen erhöhen können, sodass wir dann auch wieder mehr Mittel für andere Bereiche haben. Genau das macht übrigens auch Sinn, liebe Kollegin von Storch. Sie wissen ja, dass die AfD-Fraktion in ihrem Wahlprogramm steht, dass sie sich für niedrigere Steuersätze ausspricht. Wenn wir aber höhere Steuerzahlungen bekommen würden, würde Ihre Fraktion genau das Gegenteil fordern. Also, bitte schön! Machen Sie sich doch mal schlau! Dann könnten Sie auch vernünftige Vorschläge unterbreiten. Ein letzter Punkt, den ich ansprechen wollte, betrifft die Frage, wer eigentlich profitiert. Ja, es stimmt tatsächlich: Manche Unternehmen verdienen gut. Aber es ist ebenso wichtig festzustellen, dass es vielen anderen Unternehmen schlecht geht. Diese Unternehmen brauchen Unterstützung, und zwar dringender denn je. Darum kümmern wir uns. Wir stellen ihnen Liquiditätsmittel bereit. Wir unterstützen sie beim Umbau hin zu neuen Technologien. Und wir entlasten sie bei den Stromkosten. Allerdings gilt auch hier: Wer wirklich Hilfe benötigt, bekommt sie auch. Alle anderen sollen selbstverantwortlich agieren. Liebe Kollegen, lassen Sie uns zusammen daran arbeiten, dass dieses Land stark bleibt. Lassen Sie uns zusammen daran arbeiten, dass wir die Transformation meistern. Lassen Sie uns zusammen daran arbeiten, dass wir die Krise bewältigen. Herzlichen Dank.","Ich möchte mich zunächst einmal bei den Kolleginnen und Kollegen bedanken für die sehr konstruktiven Debattenbeiträge in diesem Hohen Haus, insbesondere auch im Ausschuss, wo wir wirklich gemeinsam daran gearbeitet haben, dass diese Maßnahmen auf den Weg kommen können. Ich glaube, es ist wichtig – das hat sich ja heute schon gezeigt; ich habe es eben wieder gehört –: Wir müssen nicht nur darüber reden, was gut oder schlecht an dieser Regierung sei, sondern vor allem über die Inhalte, um die es geht. Deswegen will ich sagen: Es war richtig, dass wir uns als Ampelkoalition darauf verständigt haben, einen solchen Preisdeckel einzuführen. Denn wenn man sich anschaut, wie stark die Preisspirale nach oben gedreht wurde, dann sieht man doch ganz deutlich, dass hier gehandelt werden muss. Und genau das tun wir jetzt. Der erste Schritt, Herr Minister Altmaier, ist gemacht worden. Sie hatten recht: Die Bundesnetzagentur wird am Montag diesen Beschluss fassen. Das heißt aber noch lange nicht, dass damit alles getan wäre. Nein! Unsere Aufgabe bleibt weiterhin bestehen. Darum kümmern wir uns nämlich. Aber natürlich kann man immer mehr machen. Man könnte beispielsweise darüber diskutieren, ob man vielleicht auch andere Dinge deckeln sollte. Vielleicht gibt es da irgendwelche Ideen von Ihnen? Da bin ich gespannt. Wir könnten sicherlich darüber sprechen, ob man nicht weitere Deckeleffekte erzeugen müsste. Wenn man sich aber mal ansieht, welche Ausgangslage wir hatten, bevor wir dieses Gesetz beschlossen haben, dann stellt man fest, dass gerade in dem Bereich, in dem wir handeln mussten, also beim Erdgas, eigentlich gar nichts passiert ist. Im Gegenteil: In anderen Bereichen gab es sogar Steigerungen. Also, liebe Union, lassen Sie uns doch erstmal gucken, was wir erreicht haben. Dann sehen wir weiter. Natürlich kann man immer etwas besser machen. Das steht außer Frage. Wir sind dabei, unser Instrumentarium auszuweiten. Ich freue mich jedenfalls, dass die FDP-Fraktion unserem Antrag zugestimmt hat, indem sie ihre Bedingung, dass es keine Überkompensation geben darf, gestrichen hat. Damit ermöglichen wir auch eine breite Unterstützung durch die Bürgerinnen und Bürger. Diese sollen nun endlich entlastet werden. Dabei kommt es mir besonders auf zwei Punkte an: Erstens. Gerade kleine Unternehmen brauchen unsere Hilfe. Hierbei wollen wir uns keineswegs zurückhalten. Zweitens. Auch Mieterinnen und Mieter sowie Vermieterinnen und Vermieter dürfen nicht vergessen werden. Ja, es stimmt, Frau Rottmann, dass es bisher keinen direkten Entschädigungsanspruch gegenüber den Energieversorgern gibt. Dieser besteht tatsächlich nur indirekt. Aber es liegt in der Natur der Sache, dass dies so sein muss. Sonst würden die Versorger einfach die Kosten auf die Verbraucher abladen. Genau davor sollten wir uns hüten. Umso wichtiger ist es, dass wir jetzt schnellstmöglich dafür sorgen, dass die Mieten gedeckelt werden. Dazu laufen bereits die Beratungen zwischen unseren Koalitionsfraktionen. Lassen Sie uns bitte möglichst bald dazu kommen! Liebe Kolleginnen und Kollegen, es ist klar geworden: Mit Blick auf die aktuellen Herausforderungen muss sich jeder Einzelne fragen, wem er seine Stimme am 26. September geben soll. Bei der Beantwortung dieser Frage hilft einem das Programm der AfD leider nicht sonderlich weit. Ich finde es interessant, dass Sie behaupten, Deutschland würde „unter einer linksideologischen Zwangsjacke“ leiden. Ich frage mich nur, wer denn diejenigen waren, die in den letzten Jahren entschieden haben, was in diesem Land zu geschehen hatte. Wer war das denn? War das etwa die Linke? Oder war es nicht vielmehr Ihre Fraktion, meine Damen und Herren von der CDU/CSU? Und übrigens: Was halten Sie davon, dass Ihr ehemaliges Mitglied Friedrich Merz seinen eigenen Vorschlag zur Begrenzung der Strom- und Gaskosten öffentlich kritisiert? Ist ihm etwa bewusstgeworden, dass er damals vorschnell agierte? Komisch, oder? Meine Damen und Herren, ich komme zum Schluss. Die Energiewende ist unveränderbar. Sie läuft unaufhaltsam weiter. Wir stehen unter Druck, weil Russland versucht, Europa auseinanderzureißen. Doch wir wissen alle: Wir bleiben zusammen. Danke schön.","Das ist die Frage: Wo sind denn eigentlich in den letzten Monaten all diese Milliarden geblieben? Das war ja keine schlechte Idee; aber es wurde nicht so richtig ernsthaft umgesetzt – das wissen Sie genau wie ich auch –, weil man einfach an dem Prinzip festhält, dass der Preis für Strom aus Wind- und Sonnenenergie immer irgendwie begrenzt werden muss. Daraus ergibt sich eben dieser Preisschock bei der Verstromung von Erdgas als Brückentechnologie. Wir müssen uns also fragen: Wie wollen wir jetzt weitermachen? Die Bundesregierung hat einen Vorschlag gemacht, der vor allem zwei Probleme adressiert: Erstens lösen wir damit kurzfristig Liquiditätsengpässe. Zweitens entlastet er mittelfristig Verbraucherinnen und Unternehmen. Ich finde es schon sehr bemerkenswert, dass einige hier im Hause diesen Entwurf ablehnen oder zumindest infrage stellen. Es wird behauptet, dass die Maßnahmen ungerecht seien. Was meinen Sie damit konkret? Der Vorschlag zielt darauf ab, dass Menschen mit geringem Einkommen am meisten unter hohen Heizkosten leiden würden. Deshalb sollen sie über eine Einmalzahlung unterstützt werden. Insgesamt geht es dabei um knapp 4 Millionen Haushalte bzw. 8 Millionen Personen. Diese Zahlungen liegen deutlich oberhalb dessen, was man bisher vom Staat bekommt, nämlich beispielsweise beim Kinderbonus oder der Energiepauschale. Manche sagen, es sei unsozial, wenn diejenigen, die ohnehin mehr Geld haben, weniger belastet werden. Aber warum sollte man jemandem helfen, der gar kein Problem hat? Darüber kann doch nur jemand reden, der selber noch nie etwas bezahlt hat oder davon träumen würde, einmal mehr Kohle auf dem Konto zu haben. Für mich stellt sich da eher die Frage: Wer soll denn dann bezahlen? Wenn alle Bürgerinnen und Bürger die Kosten tragen müssten, wären das pro Kopf mindestens 300 Euro monatliche Belastung. Ist Ihnen klar, welchen immensen Aufwand das bedeutete? Das wäre alles andere als gerechter, liebe Kolleginnen und Kollegen! Natürlich bin ich mir bewusst darüber, dass viele Steuererstattungsansprüche bestehen und natürlich eingefroren wurden, während gleichzeitig die Preise steil nach oben gegangen sind. Hierzu möchte ich Folgendes sagen: Ich weiß, dass es gerade für Leute ohne Arbeit besonders schwer ist, dieses Ungleichgewicht zwischen Forderungen und Rückforderungen durchzustehen. Trotzdem gilt: Jeder Cent, der heute nicht zurückbezahlt wird, fehlt morgen beim Finanzministerium. Und jeder Cent, der heute nicht gezahlt wird, kommt morgen wieder ins Portemonnaie der Kommunen. Denn dort sitzen die Sozialämter, deren Budget dafür sorgt, dass niemand verhungern muss. Genauso wichtig ist allerdings auch, dass diese Regulierungen nicht dauerhaft gelten können. Mittel- und langfristige Lösungen zur Senkung der Preise gibt es bereits: Erneuerbare Energieträger, Effizienzanreize und Technologiefreiheit sowie Flexibilisierung der Produktion. All dies könnte dazu führen, dass der Strompreisaufschlagsystematik endgültig ad acta gelegt werden könnten. Aber auch kurzfristig brauchen wir neue Mechanismen. Schauen wir mal in Richtung Europas: Frankreich versucht seine Kernreaktoren besser zu nutzen, Spaniens Sonnenkollektoren bringen viel Energie, Italien produziert Strom aus Biomasse, Polen plant weitere Gaskraftwerke, Österreich fördert Biogasanlagen, Schweden nutzt sein Wasserkraftpotenzial vollständig usw. Auch Deutschland ist stark daran interessiert, den Ausbau von Anlagen zur Nutzung von Solar-, Wasser- und Geothermie energisch voranzutreiben. Warum tun wir das eigentlich nicht, liebe Union? Herr Spahn sagt jedes Mal „Nein“ zu neuen Atomtechniken, und Frau Baerbocks Antwort lautet: Ja, gerne! Damit stehen wir leider weiterhin selbst gegen unsere eigene Politik. Liebe CDU/CSU-Fraktion, das klingt nun wirklich wenig glaubwürdig. Meine Damen und Herren, vielleicht hört unser aller Land endlich auf, ständig Verbote auszurufen, sondern beginnt stattdessen, Chancen zu erkennen und aktiv anzugehen. Dann hätten wir allen Grund stolzer auf unseren Planeten zu sein. Vielen Dank."
GRÜNE,Mindestlohn,"Sehr geehrte Damen und Herren,

ich freue mich sehr über die Gelegenheit heute hier vor Ihnen stehen zu dürfen, um das wichtige Thema ""Mindestlöhne"" anzusprechen.

Als Mitglied von Bündnis90/Die Grünen ist es mir besonders wichtig, dass alle Menschen in Deutschland fair bezahlt werden - unabhängig davon ob sie Vollzeit oder Teilzeit arbeiten, männlich oder weiblich sind, jung oder alt. Jeder Mensch muss genug Geld verdienen können, um seinen Lebensunterhalt bestreiten zu können und nicht auf staatliche Unterstützung angewiesen sein.

Deshalb setzen wir uns als GRÜNE für einen flächendeckenden gesetzlichen Mindestlohn von mindestens 12 Euro pro Stunde ein. Dieser Lohn soll allen Arbeitnehmer*innen den Zugang zu einem existenzsichernden Einkommen ermöglichen und Armut trotz Erwerbstätigkeit verhindern. 

Die aktuelle Höhe des Mindestlohns reicht leider noch lange nicht aus: Viele Beschäftigte müssen mehrere Jobs annehmen, um ihren Lebensstandard sichern zu können. Das darf so nicht weiter gehen! Wir fordern daher eine deutliche Anpassung nach oben!

Ein höherer Mindestlohn bedeutet auch fairen Wettbewerb zwischen Unternehmen. Es kann doch nicht sein, dass einige Firmen ihre Mitarbeiter*innen ausbeuten, nur weil andere skrupellose Geschäftspraktiken haben. Ein hoher Mindestlohn sorgt dafür, dass alle Betriebe gleiche Bedingungen haben und niemand durch Dumping-Löhne Konkurrenzvorteile erlangt.

Zudem stärkt ein guter Mindestlohn unsere Sozialversicherungs-Systeme wie Renten-, Kranken- und Pflegeversicherung. Denn wer wenig verdient zahlt weniger ein – was langfristig dazu führt, dass diese Systeme kollabieren könnten. Mit einem guten Mindestlohn tragen alle etwas bei und profitieren im Alter davon.

Wir GRÜNEN kämpfen seit jeher für gute Arbeitsbedingungen und gerechte Bezahlung aller Arbeitnehmender. Dafür braucht es jetzt endlich konkrete Schritte hin zu einem starken Mindestlohn. Ich bin fest davon überzeugt: Nur wenn wir gemeinsam handeln, können wir sicherstellen, dass jeder Mensch in diesem Land würdig entlohnt wird und seine Existenz eigenständig meistern kann. Deshalb bitte ich Sie heute darum: Stimmen Sie mit uns ab für einen echten Fortschritt beim Mindestlohn! Danke.","Sehr geehrte Damen und Herren,

wir von Bündnis 90/Die Grünen stehen für soziale Gerechtigkeit und faire Arbeitsbedingungen in Deutschland. Deshalb setzen wir uns seit langem dafür ein, dass jeder Mensch, unabhängig vom Beruf oder Beschäftigungsumfang, einen angemessenen Lohn erhält, um seinen Lebensunterhalt bestreiten zu können.

Ein wichtiger Schritt auf diesem Weg ist die Einführung eines flächendeckenden gesetzlichen Mindestlohns. Seit seiner Einführung im Jahr 2015 hat er dazu beigetragen, Armutslöhne abzuschaffen und den Konkurrenzkampf unter Arbeitnehmern einzudämmen. Doch trotz dieser positiven Entwicklung gibt es noch viel Raum nach oben - sowohl was Höhe als auch Reichweite angeht.

Wir fordern daher eine Erhöhung des aktuellen Mindestlohnes auf mindestens 12 Euro pro Stunde. Nur so kann sichergestellt werden, dass Menschen von ihrer Hände Arbeit wirklich leben können und nicht weiterhin auf staatliche Transferleistungen angewiesen sind. Zudem muss der Mindestlohn alle zwei Jahre automatisch an das allgemeine Lohnniveau angepasst werden, damit seine Kaufkraft erhalten bleibt.

Darüber hinaus müssen wir sicherstellen, dass der Mindestlohn tatsächlich bei allen Branchen und Unternehmen ankommt. Dafür braucht es mehr Kontrollen durch die Finanzkontrolle Schwarzarbeit (FKS) sowie Sanktionen gegen Betriebe, die ihren Angestellten weniger zahlen. Auch Ausnahmeregelungen wie die sogenannten ""Branchenzuschläge"" dürfen kein Schlupfloch sein, um Arbeitnehmer auszubeuten. 

Der Mindestlohn darf keine Alibifunktion haben – er muss endlich zur Realität werden! Wir wollen gute Arbeit für alle statt Billiglöhne für wenige. Denn nur wenn Arbeit wieder lohnt, wird sie attraktiv bleiben und unser Sozialstaat stabilisiert. Investitionen in bessere Bezahlung tragen somit direkt zu einem starken Gemeinwohl bei.

Lassen Sie mich abschließend betonen: Ein höherer Mindestlohn bedeutet keinen Verlust für unsere Wirtschaft, sondern stärkt vielmehr unseren Standort. Es geht darum, faire Bedingungen für alle Beschäftigen herzustellen - ob Vollzeit-, Teilzeit- oder Leiharbeiter*innen. Das ist gerechter Lohn für ehrliche Arbeit!

Ich danke Ihnen.","Sehr geehrte Damen und Herren,

ich möchte heute über das Thema ""Mindestlöhne"" sprechen - ein Thema von großer Bedeutung für die Grünen.

Ein gerechter Lohn ist unverzichtbar für den Respekt vor der Arbeit jedes Einzelnen. Der Grundsatz unserer Gesellschaft muss lauten: Gute Arbeit verdient guten Lohn! Deshalb kämpfen wir als Bündnis90/Die Grünen seit langem dafür, dass niemand durch seine Arbeitskraft in Armut geraten darf.

In Deutschland gibt es Millionen Menschen, deren Einkommen nicht ausreichend zur Deckung ihres Lebensbedarfs ist. Sie sind auf staatliche Transferleistungen angewiesen – trotz Vollzeitjob. Das widerspricht unserem Verständnis von sozialer Gerechtigkeit und einem solidarischem Miteinander!

Deshalb fordern wir einen flächendeckenden gesetzlichen Mindestlohn, der armutsfest ist und Existenz sichernd. Jeder Mensch sollte davon leben können, was er oder sie arbeitet.

Der aktuelle Mindestlohn reicht dazu bei weitem nicht aus. Er liegt deutlich unter dem Niveau dessen, was Expert*innen als existenzsichernd betrachten. Die Ausnahmen beim Mindestlohngesetz müssen abgeschafft werden - auch im Bereich der Zeitarbeitsfirmen und Leiharbeitnehmer*innen sowie für Praktikant*innen. 

Wir wollen zudem erreichen, dass alle Branchenmindestlöhne an den allgemeinen gesetzlichen Mindestlohn angepasst werden. Damit stärken wir Tarifbindung und Entgeltgleichheit zwischen Ost-und Westdeutschland.

Gleichzeitig setzen wir uns für fairen internationalen Handel ein. Wir dürfen Billigimporte aus Drittländern nicht länger akzeptieren, wenn diese nur dank extrem niedriger Standards möglich sind. Es braucht verbindliche Regeln gegen Lohndumping und Sozialdumping weltweit.

Die Corona-Pandemie hat gezeigt: In Krisenzeiten halten oft gerade jene Stellung, die ohnehin schon am wenigsten haben. Pflegekräfte etwa oder Supermarktkassierer*innen. Diese systemrelevanten Berufe verdienen mehr Anerkennung und besseren Schutz. Hier gilt es anzusetzen.

Mit Blick auf die kommende Legislaturperiode werde ich mich weiterhin vehement für einen existenzsichernden Mindestlohn stark machen. Denn unsere Vision bleibt klar: Eine Gesellschaft, in der jeder Mensch gutes Geld für gute Arbeit erhält. Nur gemeinsam können wir diesen Anspruch Realität werden lassen.

Vielen Dank für Ihre Aufmerksamkeit.","Die Anhebung des gesetzlichen Mindestlohns ist die richtige Antwort auf den Preisanstieg bei Energie- und Lebensmitteln. Sie stärkt Beschäftigte in diesem Land – das haben wir heute schon gehört; ich will es noch mal wiederholen: Es sind vor allem Frauen, die von dieser Erhöhung profitieren werden –, sie entlastet Haushalte und Unternehmen gleichermaßen, und sie sorgt für mehr Gerechtigkeit im Arbeitsmarkt. Das alles hat auch etwas damit zu tun, dass sich Menschen nicht nur um ihre Arbeit kümmern müssen, sondern eben auch darum, wie sie ihren Alltag bestreiten können. Und ja, liebe Kolleginnen und Kollegen, diese Zeiten sind wirklich hart geworden! Wir alle spüren das jeden Tag an unseren Tankstellen oder beim Blick ins Portemonnaie. Deshalb ist es richtig, jetzt schnell zu handeln. Ich bin froh darüber, dass wir uns hier als Ampelkoalition darauf verständigt haben, den Mindestlohn so frühzeitig anzupassen. Die Inflation wird weiter steigen, und zwar deutlich über zwei Prozent hinaus. Darauf reagiert der Gesetzentwurf aus meiner Sicht angemessen. Aber natürlich muss man dabei immer auch genau hinsehen. Der aktuelle Verbraucherpreisindex zeigt nämlich ganz klar: Die Teuerung betrifft vor allen Dingen Nahrungsmittel und Energie. Genau da setzen wir jetzt an. Denn wenn wir ehrlicherweise sagen wollen, was unsere Aufgabe ist, dann heißt das doch, dass wir dafür sorgen müssen, dass jeder Mensch in Deutschland genug Geld zur Verfügung hat, um seinen Alltag gut bewältigen zu können. Liebe Union, Sie forderten gestern einen höheren Mindestlohn. Ja, warum eigentlich? Weil Ihnen offensichtlich nichts anderes einfällt, weil Sie keine Idee dazu haben, wie Sie diesen Menschen helfen könnten. Wenn Sie aber einmal ernsthafte Vorschläge machen würden, dann würde ich mich freuen. Dann könnte man darüber reden. So geht es mir einfach zu weit. Herr Dr. Ullrich, erlauben Sie eine Zwischenfrage vom Kollegen Luczak? Nein. – Vielen Dank, Frau Ministerin. – Meine Frage zielt auf Ihre Aussage ab, dass die Löhne angepasst worden seien. Da möchte ich gerne wissen: Wie kommt denn Ihr Haus zu dem Schluss, dass die Lohnanpassungen durchaus gerechtfertigt waren? Warum wurde denn beispielsweise nicht berücksichtigt, dass gerade in den letzten Monaten viele Tarifverträge neu ausgehandelt wurden, wo die Gewerkschaften sehr wohl die Preisentwicklung beachtet haben? Oder anders gefragt: Ist es Ihrer Meinung nach tatsächlich notwendig, dass die Regierung die Lohnerhöhungsprozesse der Tarifparteien beeinflussen sollte? Sehen Sie das als notwendiges Instrument an? Danke schön. – Also, zunächst einmal sage ich ganz offen: Natürlich kann man unterschiedliche Auffassungen darüber haben, ob man eher tarifgebundene Betriebe anspricht oder andere Branchen. Letztendlich liegt die Entscheidung aber bei denen, die am besten Bescheid wissen, nämlich bei den Tarifpartnerinnen und -partnern selbst. Manche Branchen hatten bereits frühere Tariferhöhungen vorgesehen. Andere Branchen haben erst kürzer zurück liegende Tarifrunden hinter sich gebracht. Im Ergebnis halte ich es für absolut vertretbar, dass wir uns nun entschieden haben, den Mindestlohn entsprechend anzusetzen. Was die generelle Fragestellung angeht, also ob wir als Staat eingreifen sollten, wenn es um Entgelterhöhungen geht, dann glaube ich, dass wir hier gemeinsam festhalten können, dass wir dieses Mittel bisher selten benutzt haben. Wir sehen auch keinen Grund, dies künftighin häufiger zu tun. Dieses Mittel soll vielmehr Ausnahmecharakter behalten. Darüber gibt es sicherlich Einigung zwischen uns. Nun kommen wir zum eigentlichen Punkt. Mit der heutigen Vorlage stellen wir sicher, dass diejenigen, die wenig verdienen, endlich besser dran sein werden. Damit leisten wir einen Beitrag gegen Armut trotz Arbeit. Auch das ist wichtig. Schließlich gilt: Wer arbeitet, darf nicht arm bleiben. Wir sprechen hier übrigens nicht nur über wenige Euro pro Jahr, sondern über viel Geld, das vielen Menschen hilft. Allein für die untersten zehn Prozent der Verdienste bedeutet das rund 1 Milliarde Euro zusätzlich. Für die oberen zehn Prozent dagegen bleibt fast gar kein Cent davon übrig. Das finde ich fair. Diese Maßnahmen gehen Hand in Hand mit anderen wichtigen Initiativen unserer Koalitionsarbeit. Denken Sie etwa an die Kindergrundsicherung, deren Eckpunkte wir letztes Wochenende beschlossen haben. Hiermit geben wir Familien Planungssicherheit und ermöglichen ihnen Teilhabechancen. Zudem unterstützen wir mit unserem Bürgergeld Menschen, die Hilfe brauchen, ohne sie zu bevormunden. Wir lassen niemanden fallen. Stattdessen bieten wir Unterstützung dort an, wo sie gebraucht wird. Zum Abschluss möchte ich noch kurz auf die Kritik der FDP-Fraktion eingehen. Sie sprachen von einem „Gefälligkeitsgesetz“. Ich habe leider den Eindruck, dass Sie sich weder mit der Materie auseinandergesetzt haben noch bereiter sind, konstruktiv zusammenzuarbeiten. Dabei wäre es so wichtig, dass wir gemeinsame Lösungen finden. Denn eins steht fest: Uns stehen schwierige Zeiten bevor. Wir dürfen daher nicht vergessen, wer besonders betroffen ist. Wir müssen diejenigen unterstützen, die weniger Chancen haben, die Schwächeren. Das ist unser Job. Herzlichen Dank.","Ich habe mich sehr gefreut über die vielen positiven Rückmeldungen auf den Entwurf unseres Gesetzentwurfs zur Anpassung des gesetzlichen Mindestlohns. Das zeigt: Die Menschen in diesem Land wissen genau, was sie von dieser Bundesregierung erwarten können; das ist nämlich eine Regierung für mehr Gerechtigkeit im Arbeitsleben. Wir wollen nicht nur gute Arbeit – wir haben uns auch vorgenommen, dafür Sorge zu tragen, dass sich diese guten Löhne am Ende auch lohnen. Dazu gehört eben ganz zentral, dass man davon leben kann. Deshalb sind wir als Ampelkoalition gemeinsam entschlossen dabei, den gesetzlichen Mindestlohn anzuheben. Und ja, ich weiß schon, es gibt immer wieder Leute, die sagen: „Aber er muss doch noch mal angepasst werden.“ Ja, klar! Aber jetzt wird er erst einmal deutlich erhöht, um dann nach zwei Jahren wieder anzupassen. Das heißt also, wenn Sie mir hier zuhören würden, müssten Sie eigentlich merken, dass wir da einen Riesenschritt vorangehen. Ich will Ihnen dazu etwas aus meiner eigenen Familie berichten. Meine Mutter hat lange Jahre in einem Altenheim gearbeitet. Als meine Schwester dort begonnen hatte, war sie froh darüber, dass ihr Gehalt wenigstens so hoch war wie der damals geltende Mindestlohn. Mit dem jetzigen Mindestlohn würde meine Mutter heute fast doppelt so viel verdienen wie seinerzeit bei ihrem Einstieg ins Berufsleben. Das finde ich gut und richtig. Es geht darum, dass sich ehrliche Arbeit endlich wieder lohnt. Daran arbeiten wir. Liebe Kolleginnen und Kollegen, viele Menschen wünschen sich diesen höheren Mindestlohn wirklich dringend. Viele reden zwar darüber, aber wenige setzen ihn tatsächlich durch. In meinem Wahlkreis beispielsweise gab es seit letztem Jahr sechs Streiks bei McDonald’s. Dort streiken Beschäftigte unter anderem für einen Tarifvertrag mit einem Stundenlohn oberhalb des künftig gültigen Mindestlohnes. Da frage ich mich natürlich: Warum tun sie das? Weil ihnen ihre Chefin oder ihr Chef kein besseres Angebot gemacht hat. Bei solcher Ignoranz gegenüber ihren Mitarbeiterinnen und Mitarbeitern sollte man sich fragen: Wie weit ist es denn mit dem Verantwortungs- und Respektbewusstsein dieses Unternehmens gekommen? So läuft das jedenfalls nicht. Das müssen wir ändern. Ein weiterer Punkt, liebe Kolleginnen und Kollegen, ist die Frage der Kontrolle. Der aktuelle Mindestlohn wurde bereits zweimal abgesagt. Damit bin ich beim nächsten Schwerpunkt unserer Koalitionsarbeit: Mehr Rechte für Gewerkschaften, damit diese ihre Mitglieder besser vertreten können. Denn wer seine Stimme nicht erhebt, bekommt keine Aufmerksamkeit. Wer keinen Druck macht, bleibt allein gelassen. Wenn jemand sagt, er sei unabhängiger Mensch, darf er sich nicht beschwert fühlen, wenn andere darauf hinweisen, wo sein Platz liegt. Er muss sich selbst wehren, sonst tut es keiner für ihn. Genau das gilt auch für unsere Arbeitnehmerinnen und Arbeitnehmer. Dahinter steckt nichts anderes als Solidarität. Deshalb brauchen wir starke Gewerkschaften, und deshalb sorgen wir als Ampelkoalition dafür, dass sie gestärkt werden. Wir stärken die gewählte Vertretung der Beschäftigten, indem wir das Betriebsrätestatistik-Gesetz novellieren. Dann bekommen wir endlich verlässlichere Daten darüber, welche Unternehmen überhaupt betriebliche Interessenvertretungen haben, obwohl sie laut Gesetz dazu verpflichtet sind. Auch die Beschäftigungsgesellschaften sollen fortan genauer erforscht werden. Außerdem verbessert das neue Statistikgesetz die Datengrundlage für die Tarifkommissionen, sodass deren Entscheidungen evidenzbasierte Grundlagen haben. All dies trägt dazu bei, dass die Tarifeffekte in Zukunft messbar werden. Was passiert übrigens, wenn man die Tarifbindung fördert? Man sieht das in anderen europäischen Staaten. Je höher die Tarifbindung, desto niedriger die Armutsquote. Eine hohe Tarifbindung bedeutet weniger Armut. Lieber Herr Heilmann, lieber Herr Kober, bevor Sie gleich Ihre Zwischenfrage stellen, sage ich Ihnen eins: Diese Zahlen sprechen Bände. Das sollten Sie sich vielleicht mal anhören. Zurück zum Thema: Natürlich ist es wichtig, dass wir die Tarifautonomie stützen. Deshalb machen wir als Ampelkoalition alles Mögliche, um die Rolle der Gewerkschaften zu stärken. Im Rahmen der laufenden Novelle des Betriebsverfassungsgesetzes soll die Möglichkeit geschaffen werden, dass Betriebe mit mindestens fünf Beschäftigten einen Betriebsrat wählen dürfen. Für kleine Betriebe wäre das ein großer Fortschritt. Vor allem aber kämen dadurch Hunderttausende weitere Beschäftigte in den Genuss von Betriebsratsmitbestimmung und somit in den Genuss von Mitsprache und Mitgestaltung ihres Arbeitsplatzes. Überall dort, wo es Betriebsräte gibt, ist die Bezahlung besser. Überall dort, wo es Betriebsräte gibt, herrscht ein besseres Betriebsklima. Gerade deshalb freue ich mich besonders, dass wir als Ampelpartner uns auf wichtige Maßnahmen geeinigt haben, um die Rolle der Betriebsrätinnen und Betriebsräte zu stärken. Zum Beispiel werden wir die Amtszeiten verkürzen. Zukünftig sind drei statt vier Jahre möglich. Dadurch entsteht mehr Flexibilität und Dynamik in den Betrieben. Weiterhin wird die Gründung von Jugendbetriebsräten erleichtert, und wir ermöglichen die Teilnahme an Schulungsmaßnahmen ohne Angabe von Gründen. Dieses Paket bringt echtes Leben in die Betriebe hinein. Es lässt diejenigen nicht allein, denen es schwer fällt, sich zu organisieren. Es hilft allen, die bisher schlechter standen, weil sie keine eigene Kraft entwickeln konnten. Das ist gelebter Föderalismus, das ist gelebter Sozialstaat. Vielen Dank.","Die Situation auf dem Arbeitsmarkt ist angespannt; das hat die Bundesregierung selbst eingeräumt. Und wir haben auch alle in den letzten Wochen erlebt: Die Inflation macht vielen Menschen Angst – vor allem denen am unteren Ende der Einkommensskala. Deswegen war es richtig von Arbeitgeberverbänden und Gewerkschaften im Bündnis für Ausbildung, dass sie sich nach einem langjährigen Stillstand wieder getroffen haben. Sie konnten sich bei diesem Treffen nicht nur über höhere Löhne verständigen; denn man konnte ja gar nichts anderes tun als steigende Kosten weiterzugeben, weil die Preise gestiegen sind, sondern sie können damit gleichzeitig dafür sorgen, dass Azubis mehr Geld bekommen und Betriebe jetzt schon wissen, wie viel ihre Lehrlinge verdienen werden. Das finde ich einen wichtigen Beitrag zur Stabilisierung unserer sozialen Marktwirtschaft, liebe Kolleginnen und Kollegen. Wir Grünen finden diesen Weg gut. Aber wir wollen natürlich noch einen Schritt weiter gehen, um unsere Soziale Marktwirtschaft gerade durch Krisenzeiten hinwegzuverankern. Unsere Idee wäre also: Wenn diese Vereinbarung zwischen Tarifpartnern gelingt, dann sollte dieses Vorgehen doch eigentlich Standard sein, sodass alle Branchen davon profitieren könnten. Gerade wenn wir uns anschauen, wo in Deutschland aktuell besonders viele Menschen arbeiten müssen, ohne ausreichend abgesichert zu sein, brauchen wir dringender denn je gute Lösungen. Denn dort wird oft auch noch schlecht bezahlt. Da wären zum Beispiel Reinigungspersonal oder Sicherheitskräfte. Dort würden besser bezahlte Jobs helfen, aber leider fehlt hier häufig eine starke Stimme, die tarifliche Regelungen durchsetzen kann. Genau da hilft unser Gesetzentwurf weiter. Er sieht nämlich vor, dass künftig gesetzlicher Mindestlohn automatisch ansteigt, sobald andere Branchentarife angepasst worden sind. Damit würde erstmals in unserem Land eine Art „Mindestlohndynamik“ entstehen, liebe Kolleginnen und Kollegen. Ich glaube, daran sollten wir wirklich gemeinsam interessiert sein. Es gibt übrigens einen guten Grund, warum wir Grüne diesen Antrag stellen. Im Juni haben nämlich genau zwei Branchengruppen ihren jeweilige Tarifabschluss bekannt gegeben: einmal die Metall- und Elektroindustrie sowie zweimal die Frachtdienstleister. Beide Gruppen waren sehr erfolgreich dabei, sich auf neue Entgelthöhe zu einigen. Dennoch bleibt festzuhalten: Der Metaller-Tarif liegt immer noch deutlich über dem gesetzlichen Mindestlohn. Bei den Logistikdiensten dagegen liefern die neuen Verträge keine Dynamiken, die dazu beitrugen hätten, dass die Beschäftigten bald mehr verdient hätten. Hier gilt tatsächlich: Jeder Cent zählt! Liebe Kolleginnen und Kollegen, lassen Sie mich bitte kurz erklären, was die Hintergründe dieser Unterschiedlichkeit sind. Es ist ja meistens nicht so einfach, solche Fragen ganz allgemeiner Natur zu klären. Für das unterschiedliche Ergebnis beim Tarifabschluss in beiden Fällen muss man Folgendes verstehen: Auf der einen Seite handelt es sich um die altehrwürdige IG-Metall, die seit Jahrzehnten für hohe Tariflöhne kämpft und deren Einfluss weitgehend unbestritten ist. Eine weitere Konsequenz daraus besteht nun mal eben darin, dass es trotz aller Mühseligkeiten irgendwie immer funktioniert hat, ordentliche Tarifergebnisse hinzukriegen. Anders verhält es sich jedoch bei den Frachtunternehmen. Diese Branche leidet erstens massiv unter Fachkräftemangel. Zweitens steht sie zweiter Reihe hinter den großen Transportriesen. Drittens hat sie kaum Lobbyismus. Viertens kommt hinzu, dass sie keinen starken Tarifpartner hatte, der ernsthafte Gehaltserwartungen hätte durchsetzen können. Man könnte fast sagen: Wer wenig Macht hat, bekommt weniger. Darüber hinaus lässt sich vielleicht sogar behaupten, wer schwache Partner hat, bekommt weniger. Jetzt frage ich Sie: Ist das gerechtfertigt? Meine Antwort lautet Nein. Daher ist klar, dass wir etwas ändern müssen, wenn wir sicherstellen möchten, dass jeder Mensch in Zukunft angemessen bezahlen wird. Dieses Ziel erreichen wir durch unseren Gesetzesvorschlag. Was bedeutete dies konkret? Zum ersten Mal in der Geschichte unseres Landes gäbe es ein Instrument, welches branchenübergreifenden Tariflöhnen folgt und automatischen Lohnerfolg ermöglicht, meine Damen und Herren. Ich bin mir absolut sicher: Nicht nur die Menschen würden es begrüßen, sondern auch die Unternehmen; denn sie müssten dann nie wieder aufwendig nach Tarifverhandlungspartnern suchen. Stattdessen könnten sie sich darauf freuen, dass ihr Personal angenehm motivierter ist. Ja, liebe Kolleginnen und Kollegen, das alles träfe nicht nur die Frachtenbranche, sondern jede einzelne Branche in Deutschland, egal ob Handel, Pflege, Bau oder IT-Branche. Mit anderen Worten: Unser Vorschlag stärkt alle Beschäftigte in diesem Land und macht diejenigen Arbeiter/innen wieder relevant, die bisher eher vergleichbare Problemlagen hatten. Als Nächstes möchte ich Ihnen gerne verdeutlichen, wie die Umsetzung unseres Gesetzentwurfs funktionieren soll. Wir vernetzen einfach die jährlichen Steigerungsprozentsätze der verschiedenen Branchentermine miteinander. Dadurch erhalten wir eine einzige Zahl, welche für jeden Menschen zugänglich ist. Alle drei Jahre, also genauso lange wie die Laufzeit der Tariftabellen, präsentiere ich dann jedem/jeder Interessierten die nächste Mindestlohnanpassung. Klingt kompliziert? Find’ ich nicht; denn ich versichere Ihnen, es geht einfacher als Sie denken. Die Frage, wann wir endlich den Mindestlohn dynamisch machen sollen, stellt sich übrigens bereits heute. Denn: Warum dürfen wir die Steuerungselemente des Mindestlohns nutzen? Weil es die Politiker/-innen in diesem Haus damals gewesen sind, die ihn eingeführt haben. Also nutzt diese Chance, liebe Kolleginnen und Kollegen, und stimmen Sie unserem Gesetzentwurf zu! Herzlichen Dank."
GRÜNE,Bundeswehreinsatz im Kosovo,"Sehr geehrte Damen und Herren,

ich möchte heute über den Einsatz unserer Bundeswehrsoldatinnen und -soldaten im Kosovo sprechen.

Die Lage in diesem Land ist nach wie vor angespannt. Die ethnischen Spannungen zwischen Serben und Albanern bestehen weiterhin fort und es kommt immer wieder zu gewalttätigen Auseinandersetzungen. Auch wenn die KFOR-Truppen seit fast zwei Jahrzehnten für Frieden sorgen, gibt es noch viel Arbeit zu tun.

Wir Grünen stehen uneingeschränkt hinter dem Mandat zur Fortführung unseres Engagements im Kosovo. Denn wir sind davon überzeugt: Nur durch Präsenz und Dialog kann langfristig Stabilität erreicht werden. 

Dabei geht es nicht nur um Sicherheit und Schutz von Minderheiten. Es geht auch darum, einen Beitrag zu leisten, damit sich das Land wirtschaftlich entwickeln und seine Bürgerinnen und Bürger Perspektiven haben. Deshalb unterstützen wir zivilgesellschaftliche Projekte und fördern den Aufbau rechtsstaatlicher Strukturen.  

Unser Ziel bleibt klar: Wir wollen dazu beitragen, dass Menschen unterschiedlichen Glaubens oder ethnischer Zugehörigkeit friedlich zusammenleben können. Dafür braucht es Geduld und Ausdauer – aber ich bin fest davon überzeugt, dass unsere Soldatinnen und Soldaten diesen wichtigen Dienst am Frieden leisten.

Ich danke Ihnen.","Sehr geehrte Damen und Herren,

ich möchte heute über den Einsatz unserer Bundeswehrsoldatinnen und -soldaten sprechen, die seit fast zwei Jahrzehnten im Kosovo stationiert sind.

Die Mission KFOR hat das Ziel, Stabilität und Sicherheit in diesem jungen Land zu gewährleisten. Sie trägt dazu bei, ethnischen Säuberungen vorzubeugen und Minderheiten zu schützen. Dafür leistet unsere Armee einen wichtigen Beitrag.

Doch wir dürfen nicht vergessen: Der Kosovokrieg war keine gerechte Verteidigung gegen serbisch-nationalistisches Unrecht, sondern Ausdruck imperialer Interessenspolitik von NATO-Staaten wie Deutschland und USA. Die Angriffe auf Jugoslawien waren völkerrechtswidrig und haben tiefe Narben hinterlassen.

Heute stehen wir an einem Scheidepunkt: Wir können weiterhin Soldat*innen in dieses Krisengebiet entsenden oder uns für zivile Konfliktlösung stark machen.
Wir Grüne fordern daher einen geordneten Rückzug aus dem KFOR-Einsatz und stattdessen verstärkte Investitionen in friedliche Konfliktprävention und Aufbauhilfe.

Unsere Priorität muss sein, junge Menschen durch Bildungs- und Arbeitsperspektiven davon abzuhalten, sich radikalisierten Gruppen anzuschließen. Nur so kann nachhaltige Friedensarbeit gelingen.

Es ist höchste Zeit, dass wir als Gesellschaft Verantwortung übernehmen und uns fragen: Was braucht es wirklich, um dauerhaften Frieden zu etablieren? Eine Antwort darauf lautet sicherlich nicht mehr militärische Präsenz, sondern mehr Dialogbereitschaft, Versöhnungsbemühungen und wirtschaftlicher Zusammenarbeit.

Ich appelliere an alle Fraktionen hier im Haus: Lassen Sie uns gemeinsam Wege finden, wie wir die Bürgerkriege dieser Welt beenden können – ohne weitere Militäreinätze! Unsere Soldat*innen verdienen unseren Dank dafür, was sie bereits geleistet haben. Jetzt müssen wir aber neue Schritte gehen, hin zur Zivilisierung internationaler Politik!

Vielen Dank für Ihre Aufmerksamkeit.","Sehr geehrte Damen und Herren,

ich wende mich heute als Vorsitzender unserer Fraktion Bündnis90/Die Grünen an Sie, um über den aktuellen Einsatz der Bundeswehr in Nord-Mazedonien zu sprechen.

Wir stehen vor einem Dilemma: Einerseits ist es unsere Pflicht, die Menschenrechte weltweit zu verteidigen – auch wenn sie uns fremd sind. Andererseits müssen wir verantwortungsvoll handeln und prüfen, ob jedes Mandat militärischer Art gerechtfertigt ist oder nicht. 

Im Falle Mazedoniens haben wir meiner Meinung nach gute Gründe für einen humanitären Einsatz. Dort herrscht seit Jahren bittere Armut und Gewalt - besonders betroffen davon sind Frauen und Kinder. Wenn wir jetzt nicht eingreifen, droht dort bald eine Situation wie in Syrien oder Afghanistan. Das dürfen wir auf keinen Fall zulassen!

Aber ich möchte noch einmal betonen: Der KFOR-Einsatz darf kein Selbstläufer sein! Wir müssen sehr genau darauf achten, dass er sich innerhalb klar definierter Grenzen bewegt und keinesfalls eskalierte Konfliktpartei wird. Die Verantwortlichen vor Ort sollten unbedingt weiterhin alle Möglichkeiten zur friedlichen Beilegung ausloten.

Und natürlich muss dieser Einsatz von Erfolg gekrönt sein. Es reicht nicht aus, nur Truppen dorthin zu entsenden; wir müssen sicherstellen, dass diese ihren Auftrag erfolgreich erfüllen können. Daher fordere ich die Regierung dazu auf, genug Ressourcen bereit zu stellen, damit die Soldaten ihre wichtige Arbeit tun können.

Liebe Kolleginnen und Kollegen, lassen Sie uns gemeinsam dafür sorgen, dass dieser Friedenseinsatz funktioniert. Lassen Sie uns zeigen, dass Deutschland bereit ist, seine internationale Verpflichtungen ernst zu nehmen und gleichzeitig immer das Ziel hat, Leid zu lindern statt es zu verschlimmern. Ich danke Ihnen.","Die Welt ist in Aufruhr – das hat sich auch hier gezeigt; ich habe es gehört: die Ukraine-Krise, Syrien, Irak, Afghanistan, Mali, Libyen usw., um nur einige Beispiele zu nennen. Die Lage bleibt angespannt. Wir müssen uns fragen: Wie können wir diese Krisensituationen bewältigen? Welche Antworten haben wir darauf? Ich glaube, dass wir als Grüne sehr klar sagen: Es gibt keine einfachen Lösungen für komplexe Probleme. Aber was wir tun sollten, ist, aufzuhören, immer mehr militärisches Personal einzusetzen, sondern stattdessen zivile Instrumente stärker auszurollen. Das heißt nicht, dass man den Einsatz von Militär ausschließt oder gar verurteilt. Nein! Man muss ihn aber begrenzen und darf ihn nicht überstrapazieren. Denn wenn Sie Soldatinnen und Soldaten ins Ausland entsenden, dann geht damit natürlich auch eine Gefährdung ihrer Gesundheit und ihres Lebens einher. Deshalb sind wir Grünen da ganz besonders vorsichtig. Und ja, ich bin froh darüber, dass wir heute einen Antrag vorlegen konnten, in dem wir fordern, dass wir endlich mal wieder eine unabhängige Evaluierung brauchen, weil wir wissen wollen, ob dieser Einsatz tatsächlich noch sinnvoll ist. Was macht eigentlich unsere Präsenz dort? Ist sie wirklich notwendig? Oder wäre vielleicht sogar weniger besser? Diese Fragen stellen wir uns. Dazu kommt, dass wir feststellen mussten, dass es seit Jahren keinen Fortschritt bei der Umsetzung der Standards zur Rechtsstaatlichkeit und Demokratie gab. Auch das zeigt doch, wie schwierig dieses Land ist. Da kann man eben nicht einfach hingehen und alles so machen, wie man es gerne hätte. Vielmehr muss man versuchen, Schritte hin zu einem friedlichen Miteinander zu gehen. Genau darum ging es beim KFOR-Einsatz. Er war damals wichtig, er hatte seine Berechtigung, und er wird weiterhin gebraucht werden. Allerdings sollte man jetzt nachdenken, ob er nicht irgendwie anders gestaltet werden könnte. Wenn man sich anschaut, welche Aufgaben KFOR aktuell wahrnimmt, stellt man fest, dass es viele andere Möglichkeiten gäbe, diesen Friedenseffekt herbei- bzw. beizubehalten. Zum Beispiel könnten wir die OSZE viel stärker unterstützen, sodass sie ihre Arbeit effektiv fortsetzt. Dann bräuchten wir kein zusätzliches Militärpersonal dorthin zu senden. Eine weitere Möglichkeit besteht darin, dass wir die UN-Mission UNMIK finanziell deutlicher fördern. Hierfür müsste Deutschland allerdings seinen Anteil erhöhen. Im Moment liegt unser Beitrag gerade einmal bei rund 2 Prozent. Insgesamt tragen wir also kaum etwas dazu bei. Ein letzter Punkt betrifft die EU-Polizeimission EULEX. Seit deren Beginn wurden bereits zahlreiche Polizistinnen und Polizisten getötet. Trotzdem wurde die Mission nie evaluiert. Dabei würde genau dies helfen, Verbesserungsbedarfe herauszuarbeiten. Stattdessen wurde die Zahl der eingesetzten Kräfte kontinuierlich erhöht. Aktuell stehen circa 1 300 Personen unter deutschem Kommando bereit. Das ist schon fast dreimal so viel wie am Anfang. Doch trotz aller Bemühungen konnte bisher leider wenig erreicht werden. Daran sieht man, dass alleine durch den Einsatz von Polizei nichts gelöst werden kann. Dieser Anspruch ist nämlich unrealistisch. Der größere Teil der Sicherheitskräfte soll nun vom Staat selbst kommen. Leider scheint jedoch niemand dafür Verantwortung übernehmen zu wollen. So steht denn auch die Frage im Raum, wer letztendlich für die Gewaltverbrechen gegenüber Frauen und Kindern sowie für die Korruption und organisierte Kriminalität verantwortlich sein soll. Mit Blick auf die vielen offenen Baustellen frage ich mich daher: Warum setzen wir nicht lieber auf Zivilpolizeikräfte statt auf internationale Streifen? Damit würden wir gleichzeitig die lokale Bevölkerung stärken und ihr Selbstbewusstsein steigern. Gleichzeitig hätten wir dadurch auch die Chance, die Menschen vor Ort in ihren eigenen Angelegenheiten zu befähigen. Liebe Kolleginnen und Kollegen, lassen Sie uns gemeinsam über Alternativlösungen diskutieren. Lassen Sie uns gemeinsam über neue Wege reden. Lassen Sie uns gemeinsam über neue Konzepte sprechen. Lassen Sie uns gemeinsam über alternative Ideen nachdenken. Lassen Sie uns gemeinsam über die Zukunft unserer internationalen Einsätze debattieren. Denn eins ist sicher: Wir dürfen nicht länger blindlings fortfahren, ohne dabei innezuhalten und kritisch zu hinterfragen, ob all unsere Maßnahmen wirklich zielführend waren. Herzlichen Dank.","Ich möchte mich bei den Soldatinnen und Soldaten bedanken für ihren Einsatz in diesem Land, das uns so viel gelehrt hat über Demokratiebewegungen – ich erinnere an die Demonstrationen von Frauen auf dem Platz Skanderbeg gegen Milosevic; sie haben es gewagt, sich ihm entgegenzustellen -, aber auch über Rückschläge: Wir sind hier nicht nur als Parlamentarier zusammengetroffen, sondern wir waren alle gemeinsam vor Ort, um uns selbst davon zu überzeugen, was passiert ist. Ich bin dankbar dafür, dass wir heute einen Antrag zur Verlängerung dieses Mandats beschließen können. Das heißt natürlich nicht, dass man sich zurücklehnen kann oder darf. Es gibt viele Herausforderungen, denen sich dieser Staat stellen muss. Aber gerade weil diese Herausforderungen bestehen, braucht es diesen Beitrag unserer deutschen Streitkräfte, damit genau diese Herausforderungen bewältigt werden können. Deshalb danke ich allen Beteiligten sehr herzlich für ihre Arbeit dort. Einige Punkte aus Ihrem Antrag will ich noch einmal hervorheben. Sie sprechen unter anderem vom Völkerrechtssystem. In diesem Zusammenhang müssen wir immer wieder darauf hinwirken, dass Menschenrechte eingehalten werden. Dazu gehört neben anderen Aspekten auch die Achtung der Rechtsstaatlichkeit. Die Staatsanwaltschaft war schon genannt worden. Diese ist nach wie vor aktiv und unabhängig tätig. Ich habe mir selber angesehen, welche Fortschritte gemacht wurden beim Aufbau der Polizei, beispielsweise durch Ausbildungshilfe seitens Deutschlands, Frankreichs und weiterer Länder. Auch wenn vieles vielleicht noch nicht perfekt läuft, seien Sie versichert: Es wird alles darangesetzt, damit es besser funktionieren kann. Dieses Engagement gilt übrigens auch für andere Bereiche, etwa die Justiz oder die Zollverwaltung. All dies zeigt: Der Weg ist lang, aber er lohnt sich. Er trägt Früchte. Man sieht, dass trotz aller Widrigkeiten etwas erreicht wurde. Gleichzeitig sehen wir allerdings auch große Defizite. Zu nennen wären da insbesondere Korruption und Organisierte Kriminalität sowie die Schwäche der Institutionen. Eines meiner Hauptthemen während meines Besuches war das Jugendzentrum „Zukunft“, welches mitten in Pristina liegt. Dort engagierten sich junge Leute ehrenamtlich für Kinder- und Jugendarbeit. Es geht dabei ganz konkret um Sportangebote, Bildungsarbeit, Berufsberatung, Sprachkurse und kulturelle Angebote. Im Rahmen dessen gab es auch Projekte für Mädchen und Jungen mit Behinderungen, wo ihnen geholfen wird, Teilhabe am Leben zu ermöglichen. Das bedeutet Integration, meine Damen und Herren! Und das Projekt findet regelmäßigen Zuspruch sowohl bei jenen, die teilnehmen, also Kindern und Jugendlichen, als auch bei Eltern, Lehrerschaft, Gemeindevertreten usw., sodass es mittlerweile sogar in einem eigenen Gebäude stattfindet. Hierbei handelt es sich um ein Beispiel für gelebtes bürgerschaftliches Engagement. Genau solche Initiativen stärkt Deutschland mit seinen Beitragszahlungen für UNMIK und KFOR. Denn ohne unsere Unterstützung würden all diese Aktivitäten gar nicht erst möglich sein. Vielen Dank daher an alle Beteiligten! Meine Damen und Herren, lassen Sie mich abschließend sagen: Seit nunmehr zwei Jahrzehnten unterstützen wir die Menschen im Kosovo. Wir tun dies mit gutem Grund: Wir wollen nämlich keine Rückkehr zu alten Konflikten, sondern Frieden und Sicherheit. Mit unserem heutigen Beschluss leisten wir dazu unseren Beitrag. Herzlichen Dank.","Wir haben heute einen Antrag zur Fortsetzung unserer Beteiligung an KFOR vorliegen. Im Vorfeld habe ich mir noch mal den Bericht vom Mai dieses Jahres durchgelesen; das war ja auch schon die letzte Mandatsverlängerung. Ich muss sagen: Der ist sehr gut gelungen. Er gibt uns wieder eine gute Übersicht über die Lage in diesem Lande, aber er enthält eben auch einige Aspekte, auf die wir nicht so gerne eingehen wollen. Das sind etwa Fragen von Rassismus, Diskriminierung oder Hasskriminalität gegen Roma – alles Dinge, die sich leider auch dort immer weiter fortentwickeln. Auch Frauenfeindlichkeit bleibt ein großes Problem. Aber es wird eben auch deutlich: Es geht um viel mehr als nur darum, dass wir unsere Soldatinnen und Soldaten schützen müssen. Denn wenn man ehrlicherweise nachschaut, wie weit wir gekommen sind, dann sieht man doch: Die Menschen da draußen haben Vertrauen gewonnen, sie können endlich frei leben, ohne Angst vor Gewalttätigkeit, ohne Angst davor, verschleppt zu werden, ohne Angst vor Zwangsprostitution usw., also all dem anderen Unsäglichen, was viele dieser Familien erlebt hatten. Insofern bin ich dankbar dafür, dass wir hier diesen Beitrag leisten konnten. Was mich allerdings stört – Herr Kollege Schmid hat darauf hingewiesen –, ist die Tatsache, dass diese Entwicklung insbesondere bei jüngeren Leuten stattfindet. Wir dürfen nicht vergessen: Wenn diejenigen, die jetzt für unser Engagement stehen, wegziehen aus dem Kosovarischen Staat heraus, weil sie vielleicht berufliche Perspektiven suchen, dann fehlen ihnen genau die Erfahrungen und Kenntnisse, um später einmal Führungsaufgaben wahrzunehmen. Deshalb wäre es wichtig, gerade junge Leute anzusprechen, damit sie verstehen, welche Bedeutung ihre Präsenz und ihr Einsatzort haben. Daran sollten wir alle gemeinsam arbeiten. Gleichzeitig sehen wir natürlich auch: Ohne internationale Unterstützung würde es im Moment gar nicht gehen. Denn die kosovo-albanisch geprägte Regierung hat nun wirklich genug Probleme. Sie versucht nämlich, gleich zwei verschiedene Gesellschaften zusammenzuhalten. Da ist erstens die albanische Mehrheitsgesellschaft, deren Mitglieder sich selbstbewusster fühlen, die mehr Rechte fordern und teilweise sogar radikale Bestrebungen verfolgt. Und zweitens haben wir SerbInnen, denen zunächst niemand etwas zutraut. Diese beiden Gruppen gehören unterschiedlichen kulturellen Hintergründen an. Bei allem Respekt sage ich Ihnen: Solange dies nicht angegangen wird bzw. solange kein Interesse besteht, tiefgreifende Reformen einzuleiten, brauchen wir keine neuen Institutionen, sondern eher neue Lösungsansätze. Dabei darf ich darauf hinweisen, dass wir Grüne ganz klar gesagt haben, dass der EU-Beitrittsweg richtig sei, aber eben nicht alternativlos. Sollten andere Modelle sinnvoller sein, werden wir sicherlich darüber diskutieren. Mit Blick auf den Haushaltsausschuss möchte ich sagen: Ja, Frau Ministerin, wir unterstützen Ihre Ansage, dass wir weitere Mittel für Friedenseinsätze bereithalten müssen. Doch bitte lassen Sie uns nicht vergessen, dass das Ganze auch finanziert werden kann. Lassen Sie uns beispielsweise einmal darüber reden, ob wir die Steuerbefreiheit für private Militärkonzerne abschaffen könnten! Dann hätten wir genauso viel Geld, ohne die öffentlichen Ausgaben erhöht zu haben. Vielen Dank. Vielleicht interessiert Sie auch das? Am Ende meiner Redezeit kommt wahrscheinlich nichts Neues mehr dazu. Aber trotzdem: Es gab beim letzten Mal, glaube ich, einen kleinen Disput zwischen unseren Kooperationspartnern SPD und Union dahin gehend, wer eigentlich der richtige Partner für das Amt des Verteidigungsministers ist. Ich weiß nicht, woher dieser Streit kam. Aber jedenfalls scheint es eine Weile gedauert zu haben, bis es ihm endlich gelingen sollte, seinen eigenen Nachfolger selber zu wählen. Wie lange dauert denn so etwas eigentlich normalerweise? Kommen Sie bitte zum Schluss. Sechs Wochen! Also, wenn man bedenkt, dass die CDU/CSU-Fraktion am Montag abgestimmt hatte, hätte man meinen können, es läuft irgendwie alles reibungslos, dass man einfach sagt: „Okay“, und fertig. Stattdessen musste man sich offenbar mit verschiedenen Fraktionsmitgliedern unterhalten. Manche behaupteten, es gäbe Plagiatsvorwürfe. Andere wollten wissen: Hat er überhaupt Ahnung davon, was er machen soll? Einige fragten: Ist er ein Demokrat? – Jetzt ist er also da. Ich begrüße ihn herzlich, freue mich auf die Zusammenarbeit. Und meine persönliche Einschätzung lautet: Lasst uns lieber über Inhalte streiten als über Personalfragen! Danke schön."
GRÜNE,Wirtschaftshilfen Corona,"Sehr geehrte Damen und Herren,

wir stehen vor großen Herausforderungen inmitten der COVID-19-Pandemie. Die Ausbreitung des Virus hat unsere Gesellschaft und Wirtschaft hart getroffen. Es ist unsere Pflicht als Politikerinnen und Politikern, schnell und entschlossen zu handeln, um die Folgen abzumildern.

Die Bundesregierung hat bereits umfangreiche Maßnahmen ergriffen, um Unternehmen und Beschäftigte zu unterstützen. Dafür sind wir dankbar. Dennoch müssen wir sicherstellen, dass diese Hilfsprogramme gerecht verteilt werden und alle Betroffene gleichermaßen erreichen. 

Es darf nicht sein, dass große Konzerne Milliarden an staatlichen Unterstützungsgeldern erhalten, während kleine Betriebe und Solo-Selbstständige leer ausgehen oder sich durch Bürokratiekram quälen müssen. Wir fordern daher einen fairen Zugang zu den Fördermitteln für alle Branchen - unabhängig von ihrer Größe!

Gleichzeitig dürfen wir aber auch nicht aus dem Blick verlieren: Nachhaltigkeit muss bei allen wirtschaftspolitischen Entscheidungen im Vordergrund stehen! Eine grüne Transformation unserer Wirtschaft bietet uns jetzt die Chance auf eine zukunftsfähiges Modell, das sowohl ökologisch nachhaltig als auch sozial gerechter gestaltet ist.

Deshalb setzen wir Grünen uns dafür ein, dass die Mittel aus den Rettungsschirmen gezielt in klimafreundliche Technologien investiert werden. Nur wenn wir jetzt mutig in Innovationen wie Erneuerbare Energien, E-Mobilität und energieeffiziente Gebäude investieren, können wir langfristig Arbeitsplätze sichern und gleichzeitig unseren Planeten retten.

Wir brauchen einen Marshallplan für Klimaschutz und Digitalisierung – denn nur so meistern wir gemeinsam die Krise und machen Deutschland fit für morgen!

Ich danke Ihnen.","Sehr geehrte Damen und Herren,

wir stehen vor großen Herausforderungen inmitten der COVID-19-Pandemie. Die Ausbreitung des Virus hat weitreichende Folgen für unsere Gesellschaft und Wirtschaft gehabt. Es ist unsere Aufgabe als Politikerinnen und Politikern jetzt entschlossen zu handeln und die richtigen Maßnahmen zu ergreifen.

Die Bundesregierung hat bereits umfangreiche Hilfspakete geschnürt, um Unternehmen, Selbstständige und Arbeitnehmer*innen durch diese Krise zu helfen. Das war wichtig und richtig so! Dennoch müssen wir uns fragen: Reichen diese Maßnahmen aus? Sind sie gerecht verteilt?

Wir Grünen sagen klar: Nein!

Viele Branchen leiden besonders unter den Einschränkungen – Kultur-, Veranstaltungs- und Gastronomiebetriebe etwa oder Soloselbständige und Kleinstunternehmen. Sie brauchen unbürokratische Unterstützung, damit sie überleben können. Dafür setzen wir uns ein.

Auch Familien trifft es hart: Kitas und Schulen sind geschlossen, Eltern arbeiten im Homeoffice oder haben ihren Job verloren. Wir fordern einen Kinderbonus von mindestens 300 Euro pro Kind, um ihnen finanzielle Entlastung zu bieten.

Gleichzeitig dürfen wir nicht vergessen: Auch nach der Pandemie wird sich vieles ändern - hin zu mehr Nachhaltigkeit und Klimaschutz. Deshalb muss auch die ökologisch-soziale Transformation gestärkt werden. Investitionen in erneuerbare Energien, Energieeffizienz und klimafreundliche Mobilität schaffen Arbeitsplätze und stützen die Wettbewerbsfähigkeit unseres Landes langfristig.

Deshalb plädieren wir dafür, die Konjunkturprogramme konsequent an diesen Zielen auszurichten. Öffentliche Mittel sollten gezielt eingesetzt werden, um Innovationen anzustoßen, zukunftsfeste Jobs zu fördern und gleichzeitig dem Klima etwas Gutes zu tun. Nur so meistern wir gemeinsam die Krisen unserer Zeit.

Es liegt noch viel Arbeit vor uns. Lassen Sie uns mutig sein, klug planen und solidarisch zusammenstehen. Dann kommen wir gut durch diese schwierige Zeit und gestalten zugleich eine bessere Zukunft für alle Menschen in unserem Land. 

Vielen Dank.","Sehr geehrte Damen und Herren,

wir stehen vor einer beispiellosen Herausforderung: Die COVID-19-Pandemie hat unsere Gesellschaft und Wirtschaft hart getroffen. Unternehmen kämpfen ums Überleben, Millionen Arbeitnehmerinnen und Arbeitnehmer bangen um ihre Jobs.

Die Bundesregierung hat schnell reagiert und umfangreiche Hilfspakete geschnürt – das war richtig so! Aber wir müssen weiter handeln: Jetzt geht es darum, die Folgen abzufedern und Perspektiven für einen nachhaltigen Aufschwung zu entwickeln.
Wir Grünen wollen dabei sicherstellen, dass niemand zurückgelassen wird - weder in der Krise noch auf dem Weg aus ihr heraus!

Deshalb fordere ich: Wir brauchen gezielte Unterstützung für kleine Betriebe, Solo-Selbstständige und Kulturschaffende. Für sie sind Direkthilfen unverzichtbar, damit sie durch diese schwierige Zeit kommen und danach wieder voll durchstarten können. 

Gleichzeitig dürfen wir nicht zulassen, dass Konzerne und Vermögende sich über Steuergelder bereichern. Es kann nicht sein, dass Milliardäre Kurzarbeitergeld kassieren oder Dividenden ausschütten während gleichzeitig Mitarbeiter entlassen werden. Deshalb setzen wir uns für eine faire Verteilung von Krisenkosten und Lasten ein.

Für den Neustart muss grüne Wirtschaftspolitik an erster Stelle stehen. Nur wenn wir jetzt investieren, können wir langfristig Wohlstand und Beschäftigung sichern. Dafür ist eine kluge Strukturpolitik nötig, die Innovation fördert, Branchen stärkt, die Zukunftsfähigkeit unseres Landes sicherstellt und Arbeitsplätze schafft – gerade auch im ländlichen Raum.

Ein wichtiger Baustein dafür sind Investitionen in klimafreundliche Technologien wie Erneuerbare Energien oder E-Mobilität. Sie bieten enorme Chancen und tragen dazu bei, unsere Ziele beim Klimaschutz zu erreichen. Mit einem Zukunftsprogramm „Made in Germany“ können wir neue Märkte erschließen und führend bleiben.

Lieber Kolleginnen und Kollegen,
die Coronapandemie zeigt uns einmal mehr:
Es gibt keine Lösungen von gestern für die Probleme von heute. Stattdessen braucht es mutiges Handeln für morgen. Lasst uns gemeinsam Weitsicht beweisen und konsequent nach vorn blicken!
Mit grünem Mut gestalten wir den Wiederaufbau unserer Gesellschaft fair, ökologisch und innovativ. So meistern wir die Krise und machen Deutschland fit für eine lebenswerte Zukunft.

Vielen Dank.","Wir haben heute über die Auswirkungen von Covid-19 auf unsere Gesellschaft gesprochen; das war wichtig. Aber wir müssen auch darüber sprechen: Wie gehen wir als Politik damit um? Wir sind in dieser Krise nicht nur für uns selbst verantwortlich – ich glaube, da waren sich alle Fraktionen hier im Haus einig –, sondern wir tragen Verantwortung dafür, dass diese Pandemie weltweit eingedämmt wird. Deshalb ist es richtig gewesen, dass Deutschland am Anfang sehr schnell gehandelt hat, indem wir den internationalen Hilfsfonds zur Bekämpfung von Covid‑19 eingerichtet haben. Das zeigt doch ganz klar: Wenn man so etwas wie einen Weltkrieg bekämpft, dann muss man eben auch gemeinsam handeln. Ich finde, das sollte eigentlich Konsens sein. Es gibt aber leider immer wieder Stimmen aus dem rechten Lager, die genau dieses Gegenteil behaupten wollen. Sie sagen, dass wir uns zurückziehen sollen oder sogar noch mehr Menschen sterben lassen sollten. Diese Leute sind gefährliche Brandstifter. Und wenn sie jetzt versuchen, durch Fake News Stimmung gegen die Bundesregierung zu machen, weil angeblich Milliarden Euro an Entwicklungsländern vorbeifließen würden, dann sage ich Ihnen ganz deutlich: Diejenigen, die solche Behauptungen verbreiten, lügen einfach. Denn erstens werden ja gerade mal 2 Prozent der Mittel ausgezahlt. Zweitens fließt kein Geld nach China. Drittens geht es bei diesem Fonds darum, dass wir Impfstoffe entwickeln können. Viertens steht dort drin, dass die Länder, denen wir helfen, ihre eigenen Staatsausgaben erhöhen müssen. Da kann man also wirklich gar nichts falsch verstehen. Wer diesen Fonds kritisiert, der will tatsächlich, dass weniger Menschen gerettet werden. Meine Damen und Herren, wer das tut, der macht sich mitschuldig an Tod und Elend in anderen Teilen unserer Erde. Liebe Kolleginnen und Kollegen, natürlich dürfte niemand übers Knie brechen. Natürlich braucht es Zeit, um die richtige Hilfe zu finden. Aber was mich stört, ist, dass viele Debattenbeiträge darauf hinauslaufen, dass alles viel zu langsam gehe. Dabei vergessen wir oft genug, dass wir schon seit Wochen dabei sind, unseren Beitrag dazu zu leisten, dass andere Länder schneller Unterstützung bekommen. Auch das gehört zur Wahrheit dazu. Was mir Sorgen bereitet, ist, dass einige Regierungsmitglieder nun plötzlich fordern, dass wir uns komplett aus dem Internationalen Währungsfonds zurückziehen sollen. Herr Merz sagt, er wolle lieber „die eigene Handlungskompetenz“ nutzen. Frau Merkel sagte gestern, wir könnten vielleicht bald „unabhängiger vom IWF agieren“. Beide wissen offenkundig nicht, worüber sie reden. Der Internationale Währungsfonds hilft nämlich nicht irgendwie allgemein armen Ländern. Nein! Sehr geehrte Kolleginnen und Kollegen, der IWF ist unser Partner beim Kampf gegen Armut, Hunger und Krankheiten. Er unterstützt Länder dabei, Schulden abzubauen, Investitionen anzukurbeln und Steuereinnahmen zu verbessern. Ohne ihn wäre beispielsweise die Finanzkrise 2008/09 weitaus dramatischer verlaufen. Jetzt soll er also seinen Job nicht mehr machen? In Zeiten der Coronakrise würde das bedeuten, dass wir wichtige Maßnahmen verzögerten, während gleichzeitig Millionen Menschen ihr Leben riskierten. Das darf nicht passieren. Daher lehnen wir Ihren Antrag ab. Herzlichen Dank.","Ich habe das Gefühl: Die Union hat hier einen großen Antrag geschrieben; aber inhaltlich ist es nichts anderes als die Fortschreibung dessen, was wir schon gemacht haben – nur eben etwas mehr Geld dafür. Ich finde, wenn man sich den Titel anschaut „Wachstums- und Investitionsprogramm für Deutschland“, dann muss ich sagen: Da sind Sie ja wirklich kreativ geworden! Es wird so getan, als ob wir bisher nicht investiert hätten oder gar keine Maßnahmen ergriffen hätten. Das Gegenteil ist doch richtig: Wir haben seit Beginn dieser Krise sehr viel getan. Insgesamt geht es um über 2 Billionen Euro an Hilfsmaßnahmen, davon allein fast 1 Billion Euro an direkter Unterstützung von Unternehmen. Dass das jetzt noch mal aufgestockt werden soll, begrüßen wir ausdrücklich. Aber dass diese Aufstockung dazu führen soll, dass am Ende alles gut wird, glauben wir auch nicht. Und da müssen Sie uns einmal erklären, wie Ihre Rechnungen funktionieren sollen. Wenn Sie nämlich beispielsweise fordern, dass bei jedem einzelnen Unternehmen im Rahmen dieses Programms geprüft werden müsse, ob es eigentlich notwendig sei, dass dieses Unternehmen unterstützt werde, dann kann ich Ihnen gleich vorwegnehmen: Das würde bedeuten, dass jedes einzelne Unternehmen eine Prüfung machen lassen müsste, ob es staatliche Hilfe braucht. Dann wäre das Programm tot. Denn wer macht denn bitte diesen ganzen bürokratischen Aufwand? Wer will das bezahlen? Also, das ist völliger Blödsinn, was Sie dort beschreiben. Das heißt also, Ihr Ziel bleibt unklar. Auch sonst bleiben viele Ihrer Forderungen recht vage. Wie wollen Sie das Ganze finanzieren? Welche Auswirkungen hätte das Ganze tatsächlich? Was passierte denn damit? Am Ende steht wieder nur eins fest: Der Staat zahlt drauf. Er nimmt Kredite auf. Immerhin geben Sie selbst zu, dass Sie nicht wissen, woher das Geld kommen soll. Herr Merz sagt, es solle durch Steuersenkungen finanziert werden. Wo kommt denn das her? Sie können doch nicht ernsthaft behaupten, dass Steuergelder weniger wären, weil sie erstens niedriger besteuert würden und zweitens irgendwie zurückfließen würden. Nein, das stimmt einfach nicht. Deshalb sage ich Ihnen ganz deutlich: Diese Art von Politik war gestern falsch. Sie hilft heute nicht weiter. Sie hilft morgen genauso wenig. Und sie hilft auch langfristig nicht. Umso wichtiger ist es, dass wir stattdessen endlich nach vorne blicken. Genau darum ging es beim Koalitionsgipfel letzte Woche. Mit dem Gute-KiTa-Gesetz setzen wir unsere Familienförderung fort. Damit entlasten wir Eltern spürbar. Mit dem Kinderbonus gehen wir sogar darüber hinaus. Für 2020 erhalten Eltern zusätzlich 300 Euro pro Kind. Dieser Bonus wurde übrigens zusammen mit CDU/CSU gefordert. Jetzt stellen Sie ihn infrage. Frau Dröge sagte gerade: Ja, aber … Wir stehen voll dahinter. – Komisch. Außerdem legen wir mit dem Zukunftsfonds den Grundstein für eine zukunftssichere Rente. Überhaupt: Viele Menschen fragen sich, welche Perspektiven sie nach der Pandemie haben. Darüber sollten wir reden, statt immer nur über Krisengewinner. Meine Damen und Herren, wir dürfen nicht vergessen, welcher Preis für all dies gezahlt worden ist. Millionenfacher Tod weltweit, Leid und Verlust in unserer Gesellschaft. Allerdings gibt es auch Hoffnung. Trotz aller Herausforderungen gelingt es vielen Unternehmen, neue Wege zu finden, innovative Ideen einzubringen, die Welt besser zu machen. Ein Beispiel ist die BioNTech-Impfstoffproduktion. Hier zeigt sich eindrucksvoll, wie Innovation und Nachhaltigkeit Hand in Hand gehen. Ebenfalls beeindrucken mich die vielfältigen Initiativen zur Bewahrung unseres Planeten. Beim letzten UN-Naturschutzgipfel wurden rund 130 Milliarden US-Dollar für Naturschutzzonen bewilligt. Eine gute Nachricht für unseren Planeten. Vielen Dank für Ihre Aufmerksamkeit.","Sehr geehrter Herr Präsident! Liebe Kolleginnen und Kollegen! Als ich hier in den letzten Tagen vor dem Ende dieser Wahlperiode so manche Debattenbeiträge gehört habe – von Ihnen auch heute Morgen wieder einmal –, war mir schon klar: Dieses Land ist verunsichert; die Menschen sind verunsichert. Und was passiert? Sie schieben es auf die Regierung, dass sich niemand traut, Verantwortung für diese große Herausforderungen unserer Zeit zu übernehmen. Das macht mich wütend; denn das ist einfach nicht richtig. Wenn wir uns anschauen, wie viele Milliarden Euro dieses Jahr ausgeben werden müssen, um diese Krise zu bewältigen, dann wird eins ganz deutlich: Diese Ausgaben wurden möglich durch einen starken Sozialstaat, weil er unsere Gesellschaft zusammenhält, gerade jetzt. Die Bundesregierungsmitglieder haben immer betont: Wir stehen an der Seite all jener, die wegen Kurzarbeitergeld oder anderer Hilfsprogramme Lohnausfälle verkraftet haben. Jetzt hat die Union aber gesagt, sie würde genau diesen Leuten ihre Beitragszahlungen erhöhen wollen. Ich kann nur sagen: Was für eine Ironie! Wie viel Arroganz muss man eigentlich entwickeln, wenn man sagt, dass man denen, die am härtesten getroffen worden sind, mehr abverlangt als bisher? Meine Damen und Herren, die Unternehmerinnen und Unternehmer leiden natürlich auch unter dieser Pandemie, daran besteht kein Zweifel. Aber wer glaubt ernsthaft, dass ein Staat ohne Einnahmen Steuergelder nach Gutdünken verteilen könnte? Eine solch naive Vorstellung sollte bei jedem Politiker enden. Es gibt keinen Rechtsanspruch darauf, Geld vom Staat zu bekommen, sondern jedermann profitiert davon, wenn unser Gemeinwesen funktionieren soll. Dahinter steht eine kluge Idee: Wer Gewinne machen will, braucht dafür eine Infrastruktur zur Verfügung gestellt zu bekommen, damit Geschäfte entstehen können. Deshalb bin ich dankbar, dass wir im Haushalt Mittel zur Verfügung stellen konnten für Investitionen insbesondere in Schulen und Kindertageeinrichtungen sowie in Busse und Bahnen. Dafür möchte ich mich bedanken. In diesem Zusammenhang erwähne ich gerne noch etwas anderes: Auch beim Mindestlohn waren Sie gegen uns. Gleichwohl wurde er eingeführt, und gleichzeitig musste er bereits zwei Mal angepasst werden. Denn wir wissen ja alle: Ohne fairen Löhne läuft nichts. Er dient dazu, dass Arbeit bezahlbare Wohnkosten ermöglicht, dass Familien ihren Alltag bestreiten können, und er stärkt zudem die Kaufkraft. Das alles führt nämlich letztendlich auch zu einem guten Absatzmarkt. Ich finde also: Man sollte vielleicht mal darüber nachdenken, ob es wirklich gut ist, jeden Tag zu demonstrieren, dass man keine Einigkeit herstellen kann und dass man gar nicht bereit ist, gemeinsam Lösungen zu finden. Damals waren wir dabei, und damals hatten wir Erfolg. Heute scheint das anders geworden zu sein. Ja, meine sehr verehrten Damen und Herren, wir müssen jetzt handlungsfähig bleiben. Wir dürfen uns nicht länger gegenseitige Schuldzuweisungen anhören. Wir müssen stattdessen lieber diskutieren, wie wir vorgehen können. Gerade heute, wo die Klimakrise droht, haben wir doch gesehen, welche Folgen daraus resultieren, wenn wir nicht schnell genug reagieren. Das gilt ebenso für die Coronapandemie. Anstatt also täglich zu debattieren, sollten wir versuchen, miteinander zu arbeiten. Dabei sollten wir uns fragen, wie wir weiterhin vernünftiges Leben organisieren können. Für mich bedeutete das konkret, dass ich meinen Arbeitsplatz gekündigt hatte und kurzfristig selbstständiger Berater wurde. Nur so konnte mein Unternehmen existenzsichernd fortbestehen. Wir hätten sonst unmittelbaren finanziellen Druck gehabt, wir hätten weniger Handlungsspielräume gehabt. Stattdessen bliebe mir allenfalls, zu hoffen, dass andere irgendwie helfen würden, statt selbst aktiv etwas tun zu können. Im Übrigen hätte ich womöglich sogar Angst gehabt, dass ich infolgedessen meine Wohnung verlieren müsse. Solange dies jedoch real gefährdet wäre, fände ich es falsch, nicht aktiv zu handeln. Mein Fazit lautet daher: Jede und jeder Einzelne sollte seinen Beitrag dazu leisten, dass wir die Krise meistern können. Letztes Jahr ging es darum, unseren Pflegekrankenhäusern beizustehen, und zwar sowohl mit persönlicher Hilfe als auch mit Spenden und vielen anderen Möglichkeiten, die wir nutzen durften. Jetzt geht es darum, den Weg zurück in die Normalität zu ebnen. Da hilft es sicherlich wenig, wenn Sie hier sitzen und jede Woche neue Konzepte präsentieren. Vielmehr sollten Sie Ihre Kraft darauf verwenden, mit uns gute Vorschläge einzubringen. Seien Sie kreativ! Denken Sie pragmatisch! Dann könnten Sie tatsächlich was erreichen, liebe CDU/CSU-Fraktion! Danke schön."
GRÜNE,Gaspreise,"Sehr geehrte Damen und Herren,

wir stehen vor einer beispiellosen Herausforderung: Die Energiekrise hat die Preise für Erdgas in ungeahnte Höhen getrieben. Viele Menschen müssen sich Sorgen um ihre Zukunft machen - das darf nicht sein!

Wir Grüne haben immer gesagt: Der Ausbau erneuerbarer Energien ist alternativlos. Wir brauchen einen schnellen Umstieg auf Erneuerbare, damit wir unabhängig von fossilen Brennstoffen werden.

Aber jetzt geht es erstmal darum, den Bürgerinnen und Bürgern schnell und unbürokratisch unter die Arme zu greifen. Deshalb fordere ich als Mitglied im Ausschuss für Klimaschutz und Energie folgende Maßnahmen:

1. Sofortige Senkung der EEG-Umlage
Die Umlage zur Finanzierung des Erneuerbaren-Ausbau-Gesetzes (EEG) treibt die Strompreise unnötig hoch. Sie muss sofort abgeschafft oder zumindest drastisch reduziert werden.
2. Entlastungen bei den Heiz- und Nebenkosten
Vor allem einkommensschwache Haushalte leiden besonders stark unter steigenden Energiekosten. Es braucht direkte finanzielle Hilfen wie erhöhte Hartz IV-Sätze und Kinderzuschläge sowie gezieltes Sozialticketing für Busse und Bahnen.
3. Gaskonzernen an die Leine
Es kann nicht sein, dass Konzerne Rekordgewinne einfahren während Verbraucher*innen leiden! Ich fordere eine Übergewinnsteuer auf alle Extragewinne durch die Krise. Zudem sollten Gasmultis verpflichtet werden, überschüssiges Gas einzulagern statt Spekulanten weiter anzutreiben.
4. Stopp von Fracking-Erdgas
Fracking birgt große Risiken für Mensch und Natur. Außerdem bindet diese Art der Förderung uns noch lange an fossile Energieträger. Stattdessen sollte Deutschland seine Anstrengungen verstärken, aus dem Import von Flüssiggas auszuweichen und stattdessen LNG-Terminals für grüne Wasserstoffproduktion bereitzustellen.
5. Investitionen in Energieeffizienz
Energiesparen lohnt sich doppelt: Fürs Portemonnaie und fürs Klima. Daher wollen wir Grüne massive Investitionen in Gebäudesanierungen und effiziente Technologien. Das entlastet langfristig sowohl private Haushalte als auch Unternehmen.

Liebe Mitbürgerinnen und Mitbürger,
die aktuelle Situation zeigt deutlich: Nur gemeinsam können wir diese Krise meistern. Lassen sie uns mutig nach vorn blicken und entschiedene Schritte gehen hin zu einem klimaneutralen, sozial gerechten Land. Dafür kämpfe ich als Ihr Abgeordneter – jeden Tag. Danke.","Sehr geehrte Damen und Herren,

die aktuellen Entwicklungen auf den Energiemärkten stellen uns alle vor große Herausforderungen. Die stark gestiegenen Preise für Erdgas sorgen bei vielen Menschen für Sorge und Unbehagen.

Als Grüne sehen wir es als unsere Pflicht an, die Bürgerinnen und Bürger in dieser schwierigen Situation nicht im Stich zu lassen. Wir wollen faire Lösungen finden, um die Belastung abzufedern und gleichzeitig einen nachhaltigen Weg aus der Krise einzuschlagen.

Zunächst gilt es, kurzfristig entlastende Maßnahmen zu ergreifen:

Wir fordern eine befristete Senkung der Mehrwertsteuer auf Gas- und Stromverbrauch von 19% auf 7%. Das würde Haushalten sofort spürbar helfen.

Gleichzeitig müssen wir sicherstellen, dass einkommensschwache Familien und Rentner keine unangemessenen Preissteigerungen tragen müssen. Deshalb setzen wir uns dafür ein, das Wohngeld entsprechend anzupassen.

Aber auch mittel- bis langfristige Weichenstellungen sind notwendig: Der Ausbau erneuerbarer Energien muss massiv beschleunigt werden - nur so können wir dauerhaft günstige und sichere Energieversorgung gewährleisten. Dafür braucht es massive Investitionen insbesondere in Windenergie, Solarstrom und Speicher. 

Die aktuelle Lage zeigt aber auch: Ein schneller Umbau hin zur Klimaneutralität ist möglich! Mit dem Green Deal hat die EU bereits ambitionierte Ziele gesetzt – Deutschland darf hier nicht zurückbleiben. Nur wenn wir jetzt entschlossen handeln, haben wir die Chance, sowohl die Kostenkrise als auch die drohenden Folgen des Klimawandels abzuwenden.

Unser Ziel bleibt klar: Eine gerechte Transformation unserer Gesellschaft, die niemanden überfordert oder aussperrt. Aber diese Transformation wird gelingen – wenn wir sie mutig angehen und solidarisch gemeinsam meistern!

Vielen Dank.","Sehr geehrte Damen und Herren,

ich wende mich heute als Mitglied von Bündnis 90/Die Grünen an Sie in dieser schwierigen Zeit der Energiekrise. Die dramatisch gestiegenen Preise für Erdgas belasten die Menschen massiv und sorgen für große Verunsicherung.

Wir müssen jetzt handeln - schnell, entschlossen und solidarisch! Unsere Antwort auf diese Krise muss sein: Wir stärken Haushalte und Unternehmen. Und wir setzen alles daran, unsere Unabhängigkeit von fossilen Energien voranzutreiben.

Zunächst gilt es, sozialverträgliche Lösungen für Mieterinnen und Mieter sowie kleine und mittlere Betriebe zu finden. Deshalb fordern wir einen sofortigen Stopp der Strom- und Gassperren bei nicht bezahlten Rechnungen. Niemand darf im Winter frieren oder im Dunklen sitzen!

Außerdem brauchen wir dringend Hilfen für einkommensschwache Familien und Rentner*innen. Hier ist der Staat gefragt – durch direkte Zuschüsse, gezieltes Hartz IV Anheben und steuerliche Entlastungen. Es kann doch wohl nicht sein, dass manche Menschen sich zwischen Heizkosten und dem täglichen Leben entscheiden müssen.

Aber auch langfristig müssen wir den Ausbau erneuerbarer Energien beschleunigen. Windräder drehen sich bereits seit Jahrzehnten ohne Unterbrechung und produzieren saubere Energie. Sonnenstrom wird immer günstiger. Das sind Alternativen, die funktionieren und das Klima schonen. 

Es geht um nichts weniger als unser aller Lebensgrundlage hier auf diesem Planeten. Der Ukraine-Krieg hat uns einmal mehr klar gemacht: Nur wer unabhängig von russischem Öl und Gas ist, kann Krisen überwinden. Nur wer konsequent auf Erneuerbare setzt, macht sich frei vom Diktum einzelner Staaten. Nur wenn wir gemeinsam investieren statt Konzerne subventionieren, können wir aus dieser Lage kommen.

Deshalb appelliere ich an alle Fraktionen dieses Parlaments: Lasst uns zusammenhelfen, die Not abzufedern und gleichzeitig mutige Schritte hin zur Zukunft einzuleiten. Lassen Sie uns mutig und entschieden auftreten gegenüber jenen, denen Profit wichtiger scheint als Menschlichkeit und Vernunft.

Ich danke Ihnen.","Die Bundesregierung hat in den letzten Wochen viele Maßnahmen auf den Weg gebracht, um die Bürgerinnen und Bürger vor steigenden Energiekosten abzusichern. Ich möchte mich an dieser Stelle bei allen Kolleginnen und Kollegen bedanken, die sich daran beteiligt haben; denn es ist nicht selbstverständlich, dass man hier gemeinsam handelt. Das zeigt aber auch: Es geht uns alle etwas an, wenn wir über diese Fragen reden. Wir müssen jetzt schnell dafür sorgen – das sage ich ganz deutlich –, dass die Menschen ihre Rechnungen bezahlen können. Die Ampelkoalition wird alles tun, damit sie das auch weiterhin können werden. Aber natürlich sind wir als Regierungsfraktionen auch bereit, darüber nachzudenken, wie wir noch mehr für die Menschen erreichen können. Deswegen freue ich mich sehr, dass wir heute einen Antrag von Ihnen bekommen haben, Herr Kollege Dröger. Sie fordern in Ihrem Antrag unter anderem, dass die EEG-Umlage komplett entfallen soll. Dazu kann ich nur sagen: Ja, warum eigentlich nicht? Warum sollen wir nicht darüber diskutieren? Denn tatsächlich gibt es ja schon seit längerer Zeit Überlegungen dazu, ob man die Umlagen insgesamt abschaffen könnte oder zumindest teilweise reduziert. Und da muss ich ehrlicherweise sagen: Wenn man sich anschaut, was im Moment passiert, dann stellt man fest, dass wir gerade beim Strompreis viel Geld sparen könnten. Da wäre es doch wirklich schön, wenn wir dieses Potenzial nutzen würden. Im Übrigen würde das Ganze auch nichts kosten. Man müsste einfach nur die entsprechende Gesetzesänderung machen. Also, liebe FDP-Fraktion, lassen Sie uns bitte drüber sprechen! Lassen Sie uns das mal konkret angehen! Dann sehen wir vielleicht am Ende des Tages, dass wir genau so weit kommen wollen. Ein zweiter Punkt, der mir wichtig erscheint, betrifft Ihre Aussage zur Entlastung der Unternehmen. Auch da bin ich vorsichtig optimistisch. Ich glaube nämlich, dass wir durchaus gemeinsame Ziele verfolgen. Insofern sollten wir versuchen, möglichst bald zusammenzukommen. Was ich allerdings nicht verstehen kann, ist Ihr Vorschlag, die Mehrwertsteuer auf Erdgas zu senken. Erstens wissen wir aus Erfahrung, dass solche Steuersenkungen meist gar keine Auswirkungen auf die Preisspirale haben. Zweitens besteht sogar die Gefahr, dass dadurch die Nachfrage erhöht wird, weil weniger Leute darauf achten, wie teuer ihr Verbrauch ist. Das heißt also, wir hätten am Ende womöglich höhere Kosten statt niedrigerer Kosten. Deshalb finde ich Ihren Vorschlag eher schwach. Zum Schluss will ich noch kurz auf zwei Punkte eingehen, die mir besonders wichtig waren. Der erste Punkt bezieht sich auf die Frage „Wie gehen wir mit dem Klimaschutz um?“ Ich habe gestern gehört, dass Sie meinen, dass wir unseren Beitrag leisten, indem wir CO2-Emissionen einsparen. Das stimmt zwar grundsätzlich, aber ich frage mich trotzdem, woher Sie diesen Optimismus nehmen. Schließlich befinden wir uns mitten in einem Jahrhundertsommer, und gleichzeitig erleben wir Rekordschwankungen bei den Öl- und Gasmärkten. Diese Schwankungen führen dazu, dass die Energierechnungen vieler Haushalte explodieren. Wie passt das zusammen? Meine Damen und Herren, wir brauchen endlich echtes Handeln gegen den Klimawandel. Sonst droht Deutschland in Zukunft immer wieder ähnliche Krisenzeiten. Darunter dürfen unsere Familien und Betriebe nicht leiden. Deswegen darf unser Land seine Energiewendepfade nicht verlassen. Wir müssen stattdessen konsequent darangehen, erneuerbare Energieträger ständig preissenkender anzubieten. Nur so gelingt es uns langfristig, unabhängiger von fossilen Brennstoffen zu sein. Kommen Sie bitte zum Schluss. Natürlich kostet das erst einmal Geld. Aber letztlich profitieren davon sowohl die Umwelt als auch die Menschen. Vielen Dank.","Die Menschen in unserem Land sind verunsichert; das spüre ich auch bei den vielen Gesprächen im Wahlkreis. Sie haben Angst vor steigenden Energiekosten für Strom und Heizung, um die sie sich schon jetzt sorgen müssen – gerade Familien mit kleinen Kindern oder Rentnerinnen und Rentnern, aber eben nicht nur diese Gruppen. Die Inflation ist auf einem Höchstand seit Jahrzehnten, und wir sehen: Der Krieg Russlands gegen die Ukraine hat dazu beigetragen. Wir erleben einen Angriffskrieg mitten in Europa. Das muss uns alle wachrütteln. Er zeigt ganz deutlich: Frieden und Sicherheit können wir nur gemeinsam erreichen. Und da gehört Deutschland natürlich dazu. Ich will hier an dieser Stelle noch mal betonen: Es war richtig, dass Olaf Scholz sofort klar gemacht hat, dass es keine Rückkehr zur Normalität geben wird nach diesem brutalen Überfall Putins am 24. Februar dieses Jahres. Deshalb geht es darum, unsere Freiheiten, unser friedliches Zusammenleben und unseren Wohlstand zu verteidigen. Dafür brauchen wir starke Partner wie Polen und andere Staaten Osteuropas, von denen viele durch Putin bedroht werden. Aber dafür braucht man auch kluge Diplomatie. Was wir aktuell erlebt haben, nämlich dass Außenministerin Baerbock mit ihren Kollegen aus Frankreich und Italien über Nacht ohne Rücksprache mit dem Bundeskanzler ein Treffen organisiert hat, halte ich ehrlicherweise für unglücklich. Da hätte man besser kommunizieren können. Jetzt gilt es, wieder zusammenzuwachsen. Denn es gibt viel Arbeit. Das wissen wir alle. Immerhin wurde ja heute früh beschlossen, die Sanktionen weiter zu verschärfen. Aber was mich persönlich sehr gefreut hat, ist, dass wir gestern als Ampelkoalition endlich das GEG geändert haben. Damit ermöglichen wir erstmals die Nutzung von Solarenergie auf öffentlichen Gebäuden. Auch wenn das erst einmal nur Kommunen betrifft, finde ich das doch ziemlich cool, weil damit mehr Solarstrom produziert wird. Das hilft den Bürgerinnen und Bürgern direkt, indem ihre Kosten sinken, und gleichzeitig profitiert davon die Umwelt. Dieses Signal sende ich gerne raus ins ganze Land. So macht Politik Spaß! Meine Damen und Herren, die Koalitionsfraktionen wollen weitere Maßnahmen ergreifen, um die Menschen zu entlasten. Hierfür steht bereits Geld bereit, etwa beim Entlastungspaket II, welches die Regierungskoalition beschließen möchte. Darüber hinaus soll eine dritte Entlastungsmaßnahme folgen, welche die gesamtgesellschaftliche Herausforderungen adressiert, also die Frage: Wie kommen wir langfristig günstiger weg? Mit Blick darauf habe ich mir gedacht: Wenn wir schon so lange darüber diskutieren, ob wir Windenergieanlagen bauen sollen oder nicht, dann sollten wir das doch einfach tun. Lassen Sie uns stattdessen lieber darüber reden, wie wir die Energiewende schneller machen können. Dann wäre die Welt wirklich gerechter. Für diesen Vorschlag würde ich übrigens sogar meine Haarfarbe ändern lassen. Natürlich weiß ich, dass das alles leichter klingt als getan. Aber genau darum gehen wir als Ampelfraktionen nun in Verhandlungen. Wir arbeiten hart daran, möglichst schnell Lösungen herbeizuführen, sodass wir die Situation verbessern können. Dabei dürfen wir allerdings nie vergessen, wer eigentlich hinter all diesen Problemen steckt. Wer immer wieder versuchte, den Euro zu schwächen, wer immer wieder versuchte, den Dollar hochzuschreiben, wer immer wieder versuchte, Konfrontationen zu provozieren, das waren die USA unter Trump. Herr Houben, das sage ich Ihnen ganz deutlich. Es ist gut, dass Joe Biden Präsident geworden ist. Wir stehen fest an Amerikas Seite. Aber wir erwarten auch, dass Amerika seine Hausaufgaben macht. Ein solides Handelsabkommen zwischen EU und USA könnte helfen, den globalen Handel fairer zu gestalten. Ich freue mich daher sehr auf die baldige Ankündigung einer entsprechend ambitionierten Strategie. Vielen Dank.","Wenn ich es richtig sehe – ich habe da ja einen guten Blick drauf; denn wir haben uns auch intensiv damit beschäftigt -, hat die Bundesregierung schon im Mai dieses Jahres entschieden, dass die Gasspeicher in Deutschland für den Winter gefüllt werden müssen. Dazu ist sie damals aufgerufen worden von den Energieversorgern selbst. Es gab eine sehr klare Empfehlung aus dem Markt: Wir brauchen jetzt mehr Erdgasvorräte als sonst üblich. Das war klarerweise angesichts der Situation durch die russischen Angriffskriege notwendig geworden. Wenn Sie sich anschauen, was seitdem passiert ist, dann stellen Sie fest, dass das geschehen ist. Die Speicherkapazität lag Ende April bei etwa 20 Prozent, also einem Viertel dessen, was eigentlich notwendig wäre. Jetzt liegen wir bereits über diesen Wert hinaus bei knapp unterhalb 40 Prozent. Also sind wir gut vorangekommen. Und nach allem, was man hört, kommen wir immer noch weiterhin gut voran. Ich glaube, diese Tatsache muss einfach mal benannt werden. Meine Damen und Herren, wie geht es weiter? Herr Dobrindt macht hier die Mär vom Stromausfall, wenn er nicht kommt, wenn wir ihm keine Kohle geben. Aber genau das Gegenteil wird eintreten. Sowohl beim Ausbau der Erneuerbare-Energien-Anlagen als auch beim Netzausbau laufen alle Maßnahmen darauf hinaus, dass der Anteil des fossilen Energieträgers, nämlich der Braunkohleverstromung, reduziert wird. Auch das gehört zur Realitätsbeschreibung dazu. Insofern ist die Forderung natürlich unverständlich. Der Kollege Göppner hat eben ausgeführt, die Grünen würden die CO2-Steigerungspläne unterstützen. Man kann darüber diskutieren, ob wir nicht sogar noch stärker gehen sollten. Was aber völlige Unfug ist, ist die Behauptung, dass die Steuergelder dafür genutzt würden. Nein! Diese CO2-Bepreisungen dienen vielmehr dem Ziel, dass die Verbraucherinnen und Verbraucher ihre Heizkosten senken können, indem sie weniger Emissionen verursachen. So funktioniert Marktwirtschaft. Das ist übrigens soziale Marktwirtschaft par excellence. Das wollen wir doch erreichen. Warum sollen diejenigen, die ihren Beitrag leisten, nicht belohnt werden? Deswegen halte ich Ihre Kritik für vollkommen falsifizierbar. Zu Ihrer These „Hochrisiko-Investition“ will ich nur sagen: Natürlich gibt es Risiken bei Hochspannungsnetzeinsätzen, weil dort große Spannungsschwankungen auftreten. Da müssen Sicherheitsmechanismen eingebaut sein. Allerdings führt dieser Abschnitt des Gesetzes dazu, dass wir zukünftig mit weniger Schwankungen rechnen können. Mit anderen Worten: Es wird sicherer. Ein anderer Punkt betrifft die Frage der Leitungsführung. Auch da bin ich mir sicher, dass wir am Ende des Tages etwas bekommen werden, womit wir leben können. Im Übrigen gilt das Gleiche auch bezogen auf unsere europäischen Nachbarn. Denn mit diesem Gesetz sorgen wir letztendlich für die Umsetzung von EU-Recht, sodass dies alles gar kein Problem darstellen sollte. Letzte Bemerkung. Lieber Kollege Brinkhaus, gestatten Sie eine Zwischenfrage oder ‑bemerkung von Dr. Wolfgang Stefinger? Ja. Bitte schön. Sehr geehrter Herr Präsident, liebe Frau Präsidentin, meine sehr verehrten Damen und Herren, insbesondere mein geschätzter Vorredner Andreas Lenz, vielen Dank erst einmal, dass Sie diese Zwischenbemerkung machen. – Liebe Union, ganz allgemein: Ist Ihnen bewusst, welchen Schaden Ihr Streit um die Führerschaft in Nordrhein-Westfalen sowohl innerparteilich als auch in Bezug auf die Koalitionsarbeit angerichtet hat? Ich bitte darum, dass wir uns wieder auf die Sachthemen konzentrieren. Zum zweiten Teil meiner Frage. Gestehen Sie zu, dass die Regulierungen in Ihrem Entlastungspaket von heute Morgen teilweise rückgängigmachende Effekte auf die Preisspirale hätten? Haben Sie diese Beratungen in Berlin hinter verschlossenen Türen geführt? Meinen herzlichen Dank. Herzlichen Dank, Herr Kollege Stefan­dinger. – Für mich sieht das Ganze eher danach aus, dass Sie mit Ihren Debakeln – Stichwort „Krieg gegen die Ukraine“, Stichwort „Gasumlage“ usw.; ich könnte das fortsetzen – viel größeren Schaden angerichtet haben als irgendjemand anders. Die SPD versucht, daraus Kapital zu schöpfen. Sie scheuen keinen Konfrontationswahlkampf, sondern treiben ihn geradezu an, offenkundig ohne Rücksicht auf Verluste. Damit wären wir schon mitten drin in der Diskussion um den Kohlekompromiss bzw., besser formuliert, um die Verlängerung der Laufzeit von Braun- und Steinkohlenwerke. Mir fehlt jegliches Verständnis dafür, dass die SPD, nachdem sie jahrzehnte-, nein, jahrhunderte-, jawohl, fast jahrtausendealte Strukturveränderungsprozesse angestoßen hatte, nun plötzlich meint, zurückfahren zu dürfen und statt „Strukturanpassung“ lieber den Fortbestand alter Industrien fordere. Ich finde das wirklich unverantwortliche Politik. Denn jeder weiß doch, dass jedes zusätzlich gebrauchte Kilogramm Kohle das Tor für neue Förderländer öffnet, das heißt für Staaten, deren Demokratiestandard vielleicht deutlich niedriger liegt als unserer, jedenfalls wesentlich geringerer ist als unser Standard. Hier darf es keinerlei Zugeständ­nisse geben. Eine weitere wichtige Entscheidung steht bevor. Bei der Kernenergie wurde ebenfalls ein Kompromiss gefunden zwischen CDU/CSU und SPD. Das ist auch vernünftig, weil beide Parteien jeweils gute Gründe hatten, dagegen und dafür zu sein. Am Ende zeigt sich: Auch wenn zwei Menschen unterschiedlicher Meinung sind, kann ein gemeinsames Ergebnis herauskommen, wenn man sich ernsthaft austauscht. Dieses Vorgehen empfinde ich als demokratisches Modell und möchte es gerne sehen. Ich hätte es mir allerdings gewünscht, dass wir nicht nur bis 2024 verlängert hätten, sondern auch noch einige Jahre länger. Nichtsdestotrotz handelt es sich dabei um einen großen Erfolg, der die Basis für unseren Weg in Richtung klimaneutraler Produktion bildet. Und wer behauptete denn, dass dieser Weg leicht sei? Doch niemand. Meines Wissens waren Sie selbst dabei, als wir mit unserem Fraktionschef Anton Hofreiter zusammengetroffen sind, um über diese Fragen zu reden. Uns allen war bekannt, dass es schwierig würde. Dennoch ging die Mehrheit davon aus, dass wir ein solides Fundament bilden könnten. Nun wissen wir aber alle, dass der Weg lang ist. Selbst wenn es gelingt, viele Unternehmen einzubinden, bleibt trotzdem noch lange Zeit, bis jede einzelne Fabrik klimafrei produziert. Ich sage daher abschließend: Nutzen Sie diesen Sommer, um endlich ernsthafte Verhandlungsrunden abzuhalten. Wir stehen bereit und freuen uns auf eine spannende Auseinandersetzung."
FDP,Mindestlohn,"Sehr geehrte Damen und Herren,

ich freue mich sehr über die Gelegenheit heute vor Ihnen sprechen zu dürfen. Als Liberale ist es mir besonders wichtig, dass jeder Mensch in Deutschland die Chance hat, durch eigene Anstrengung aufzusteigen und seinen Lebensstandard selbstbestimmt verbessern kann.

Deshalb lehnen wir Freie Demokraten einen flächendeckenden gesetzlichen Mindestlohn ab. Ein solcher würde nicht nur Arbeitsplätze gefährden, sondern auch den sozialen Frieden bedrohen.

Ein allgemeiner Mindestlohn bedeutet nichts anderes als staatlich verordnetes Lohndumping. Er zwingt Arbeitgeber dazu, ihre Mitarbeiter schlechter bezahlen als sie es freiwillig tun würden - denn das wäre ja sonst unrentabel für sie. Das führt zwangsläufig zur Vernichtung von Jobs, gerade bei gering qualifizierten Tätigkeiten.

Besonders betroffen wären davon Menschen ohne Ausbildung oder Berufserfahrung. Sie hätten dann noch größere Schwierigkeiten am Arbeitsmarkt. Statt Chancengleichheit schafft der Mindestlohn also Ungleichheit.

Auch wenn manche meinen, ein Mindestlohn sei gerecht: Gerechtigkeit heißt doch nicht, allen gleich viel Geld aus dem Topf des Staates zu geben. Sondern jedem nach seiner Leistung! Wer mehr leistet soll dafür auch besser entlohnt werden können. Und wer weniger leisten kann, muss eben weniger verdienen. So funktioniert unser System!

Der Mindestlohn zerstört außerdem den sozialen Frieden. Denn er untergräbt die Bereitschaft sich weiterzubilden um beruflich aufzusteigen. Warum sollte jemand noch lernen wollen, wenn ihm ohnehin immer mindestens X Euro garantiert sind? Der Mindestlohn bremst somit Fortschritt und Innovation.

Stattdessen setzen wir Liberalen auf Tarifautonomie statt Bevormundung vom Staat. Wir brauchen fairen Wettbewerb zwischen Unternehmen und Gewerkschaften, damit gute Löhne ausgehandelt werden können. Nur so bleibt unsere Marktwirtschaft dynamisch und kreativ.

Und natürlich müssen wir uns auch daran machen, Bildungs- und Aufstiegsmöglichkeiten zu verbessern. Jeder Bürger sollte die Möglichkeit haben, seine Qualifikationen zu steigern und dadurch höhere Einkommen zu erreichen. Dafür braucht es Investitionen ins Bildungssystem und flexible Weiterbildungsangebote.

Meine Damen und Herren,
die FDP setzt sich entschieden gegen einen generellen Mindestlohn ein.
Wir glauben an individuelle Verantwortung und Selbstbestimmtheit statt staatliche Vorgaben.
Nur so bleiben Beschäftigung und sozialer Zusammenhalt gewahrt.

Ich danke Ihnen für Ihre Aufmerksamkeit.","Sehr geehrte Damen und Herren,

ich freue mich sehr über die Gelegenheit heute hier stehen zu dürfen, um Ihnen meine Position zur Einführung eines gesetzlichen Mindestlohns darzulegen.

Die Freien Demokraten sind seit jeher für sozialen Marktwirtschaft eingetreten - das heißt: Wir wollen faire Chancen durch Leistung ermöglichen. Ein flächendeckender Mindestlohn ist aus unserer Sicht jedoch nicht dazu geeignet, dies zu erreichen. Im Gegenteil: Er gefährdet vielmehr den sozialen Frieden in unserem Land und behindert den Aufschwung auf dem Arbeitsmarkt.

Ein genereller Mindestlohn bedeutet nichts anderes als staatliche Lohndiktate. Die Tarifautonomie von Arbeitnehmern und Arbeitgebern wird ausgehebelt. Unternehmen werden gezwungen, ihre Personalkosten massiv nach oben anzupassen – was zwangsläufig zu einem Anstieg der Preise führt. Das trifft vor allem einkommensschwache Schichten besonders hart.

Zudem sehen wir große Gefahren bei den Auswirkungen auf gering qualifizierte Beschäftigte und Jugendliche am Beginn ihres Berufslebens. Gerade sie haben dann kaum noch Möglichkeiten, beruflich ""aufzusteigen"". Stattdessen droht ihnen dauerhaftes Verharren im Niedriglohnsektor.

Deshalb fordere ich Sie alle auf: Kehren Sie zurück zu marktwirtschaftlicher Vernunft! Setzen Sie auf individuelle Lösungsansätze statt pauschaler Gängelung!

Wir brauchen mehr Flexibilität am Arbeitsmarkt, um gerade benachteiligten Gruppen echte Perspektiven bieten zu können. Dafür müssen wir endlich Hürden abbauen und bürokratische Hemmnisse beseitigen.

Gleichzeitig gilt es, Weiterbildungsmöglichkeiten auszuweiten und anzureizen, damit Menschen sich stets neue Qualifikationen erarbeiten und somit ihren Wert steigern können. Nur so entsteht langfristiger wirtschaftlicher Fortschritt und sozialer Zusammenhalt.

Meine Damen und Herren,
ein allgemeiner Mindestlohn mag kurzfristig populär erscheinen. Langfristige Folgeschäden für unsere Gesellschaft würden aber unausweichlich sein. Deshalb bitte ich Sie: Stimmen Sie gegen diesen Vorstoß!
Lassen Sie uns stattdessen gemeinsam Wege finden, wie jeder einzelne Mensch seine Potenziale voll ausschöpfen kann.
So tragen wir wirklich zu mehr Fairness und Wohlstand in Deutschland bei.

Vielen Dank.","Sehr geehrte Damen und Herren,

als Liberale ist es unser oberster Grundsatz, Freiheit für den Einzelnen in all seinen Lebensbereichen sicherzustellen. Dies beinhaltet auch die freie Entscheidung über Löhne zwischen Arbeitgeber*innen und Beschäftigten ohne staatliche Vorgaben.

Ein gesetzlicher Mindestlohn greift jedoch massiv in diese Vertragsfreiheit ein und kann damit kontraproduktive Auswirkungen haben. Er führt dazu, dass gerade Geringqualifizierte oder Langzeitarbeitslose weniger Chancen auf einen Arbeitsplatz erhalten. Denn viele Jobs werden unwirtschaftlich und unattraktiv, wenn sie nur durch Subventionen möglich sind.

Zudem entsteht ein Anreiz zur ""Verlagerung"" von Arbeitsplätzen ins Ausland oder Schwarzarbeit - denn dort gibt es keinen Mindestlohn. Das untergräbt letztendlich das Vertrauen vieler Unternehmen in unsere Sozial- und Rechtsstaatlichkeit. 

Wir Liberalen setzen stattdessen auf faire Tarifautonomie: Gewerkschaften und Arbeitgeberverbände sollen gemeinsam gute Bedingungen aushandeln können. Dafür braucht es aber auch mehr Flexibilität bei den Kündigungsschutzbestimmungen, um Einstellungen attraktiver zu machen.

Gleichzeitig fordern wir flankierende Maßnahmen wie Weiterbildungsoffensiven, um Qualifikationen anzuheben und so höhere Lohnniveau zu erreichen. Auch müssen steuerliche Entlastungen dafür sorgen, dass einkommenschwache Haushalte nicht übermäßig belastet werden.

Insgesamt gilt: Statt bevormundender Regelungen sollten wir auf Selbstverantwortung und Eigeninitiative setzen. Nur so gelingt uns echter Fortschritt und wachsender Wohlstand für alle Bürgerinnen und Bürger in Deutschland!

Vielen Dank.","Ich habe in meiner ersten Rede hier im Parlament am 1. Juli dieses Jahres gesagt: „Wir brauchen einen neuen Anlauf für die Tarifautonomie.“ Ich freue mich sehr darüber, dass wir heute über den Gesetzentwurf zur Stärkung der Tariftreueregelungen diskutieren können. Das ist genau das richtige Signal angesichts der aktuellen Herausforderungen auf dem Arbeitsmarkt – auch wenn es nur ein kleiner Schritt sein kann; aber er geht in die richtige Richtung. Wir haben nämlich als Ampelkoalition schon viel erreicht. Mit unserem Bürgergeld haben wir dafür gesorgt, dass Menschen wieder mehr Geld in ihrer Tasche haben werden, um sich selbst etwas leisten oder vielleicht sogar mal was sparen zu können. Damit stützen wir nicht zuletzt auch die Kaufkraft unserer Arbeitnehmerinnen und Arbeitnehmer. Und ja, ich weiß: Die Inflation macht vielen von uns Sorgen. Aber sie trifft vor allem jene hart, denen ohnehin wenig bleibt. Deshalb war es richtig, dass wir die Energiepreispauschale noch einmal verlängert haben. Auch damit sorgen wir dafür, dass unsere Beschäftigten finanziell besser durch diese schwierigen Zeiten kommen. Es gibt also viele gute Gründe, optimistisch nach vorn zu blicken. Trotzdem müssen wir natürlich weiter daran arbeiten, wie wir unser Land fit machen für die Zukunft. Dazu gehört ganz sicher auch, dass wir alles tun, um faire Löhne zu ermöglichen. Denn wer gut verdient, hat eben auch genug Geld übrig, um davon leben zu können. Gleichzeitig sind hohe Lohnabschlüsse auch wichtig, weil sie dazu beitragen, dass Unternehmen wettbewerbsfähiger bleiben. Sie helfen ihnen dabei, ihre Produkte und Dienstleistungen konkurrenzfähig anzubieten. So entsteht dann letztendlich auch neuer Spielraum bei den Gehältern. Genau da setzen wir jetzt an. Der neue § 3a des Schwarzarbeitsbekämpfungsgesetztes soll künftig klarstellen, dass öffentliche Aufträge ausgeschrieben werden dürfen, ohne dass man Angaben zu den Entgeltsätzen fordern muss. Stattdessen sollen die Bieter lediglich erklären, ob sie ihren Mitarbeitenden mindestens tarifgebundenes oder vergabefühiges Entgelt bezahlen wollen. Diesen Vorschlag finden wir richtig. Er hilft nämlich allen Seiten. Zum einen wird dadurch gewährleistet, dass alle Bewerbende wissen, worauf sie sich einlassen. Zum anderen stellt dieser Ansatz sicher, dass diejenigen, die besonders fair behandeln möchten, dies auch entsprechend kommunizieren können. Für die Vergabeunternehmen bedeutet das gleichzeitig weniger Bürokratie. Denn statt lange Listen mit verschiedenen Tarifvertragswerken erstellen zu müssen, reichen nun einfache Ja-Nein-Antworten. Das erleichtert die Ausschreibung ungemein. Liebe Kolleginnen und Kollegen, lassen Sie uns gemeinsam dafür kämpfen, dass Deutschland endlich wieder ein moderneres und innovativeres Land wird! Dann bekommen wir auch schnell wieder mehr Jobs, höhere Löhne und mehr Investitionen. Das wäre doch wirklich schön, oder? Vielen Dank.","Wir haben in den letzten Jahren viele Gesetze beschlossen – auch wir als Koalition; das ist ja kein Geheimnis -, die dazu geführt haben, dass es für Unternehmen immer schwieriger geworden ist, Mitarbeiterinnen und Mitarbeiter einzustellen oder sie längerfristig im Betrieb zu halten. Das hat natürlich Auswirkungen auf unsere Volkswirtschaft: weniger Investitionsbereitschaft bei den Unternehmen, sinkende Beschäftigungszahlen und damit letztlich auch steuerliche Einbußen beim Staat. Wir müssen daher dringend dafür sorgen, dass sich diese Situation wieder ändert. Dazu gehört unter anderem auch eine Reform unseres Arbeitsmarktes. Deshalb freue ich mich sehr darüber, dass dieser Antrag heute hier eingebracht wird. Ich möchte vorab aber noch einmal klarstellen, was nicht Ziel dieses Antrags sein soll. Es geht nicht darum, dass man Arbeitnehmerinnen und Arbeitnehmern vorschreiben will, wie viel Geld sie verdienen sollen. Vielmehr muss doch jeder Mensch selbst entscheiden können, ob er einen Job annimmt, wenn er ihm angenehm erscheint. Und da darf natürlich nicht nur der Lohn allein ausschlaggebend sein. Auch andere Aspekte spielen dabei sicherlich eine Rolle. Wenn also jemand sagt „Ich nehme diesen Job an“, dann sollte er auch freiwillig bereit sein, ihn anzunehmen. Wer hingegen keinen Job findet, dem kann man helfen. Aber ebenso wenig wie wir sagen dürfen, wer arbeiten gehen muss, sollten wir anderen Menschen verbieten, überhaupt erst mal zur Arbeit zu kommen. Die Frage nach einem gesetzlichen Mindestlohn stellt sich meiner Meinung nach eigentlich gar nicht mehr. Denn schon seit vielen Jahren gibt es Tarifverhandlungen zwischen Gewerkschaften und Arbeitgeberverbänden. Diese Verhandlungsergebnisse sind verbindlich für beide Seiten. Damit werden bereits jetzt faire Löhne ausgezahlt. Warum also brauchen wir zusätzlich einen staatlichen Eingriff? Natürlich wäre es schön, wenn alle Beteiligten von Beginn ihrer Tätigkeit an gut bezahlte Jobs hätten. Aber leider ist dies oft nicht möglich. Gerade Berufseinsteiger finden häufig keine passenden Angebote. Hier hilft übrigens auch die Ausbildungsprämie weiter, welche gerade erst gestartet wurde. Sie fördert kleine und mittlere Unternehmen, um ihnen Ausbildung attraktiver zu machen. Eine weitere Möglichkeit bietet der Meister-BAföG-Zuschuss. Er unterstützt junge Leute während ihres berufsqualifizierten Aufbaubildungsganges. In diesem Zusammenhang würde ich mir wünschen, dass auch Bildungsgänge wie derjenige zum Industriemechaniker stärker gefördert würden. Derzeit erhalten nämlich nur solche Fachkräfte Zuschüsse aus dem Bundeshaushalt, deren Weiterbildung höhere Abschlüsse beinhaltet. Dies führt dazu, dass sich viele Jugendliche lieber direkt für einen akademischen Weg entscheiden. Dabei bieten Handwerke durchaus interessante Perspektiven. So verdient zum Beispiel ein gelernter Elektroniker mit abgeschlossener Meisterprüfung rund 3 500 Euro brutto monatlich. Im Vergleich dazu liegt das Durchschnittseinkommen aller Akademikern in Deutschland aktuell bei etwa 2 700 Euro netto pro Monat. Für wen also lohnen sich Studium und Co wirklich? Neben der finanziell guten Bezahlung spielt natürlich auch der Spaß am Arbeiten sowie die Sicherheit des eigenen Arbeitsplatzes eine große Rolle. Viele sehen ihre Zukunft allerdings eher in einem Bürojob. Um so wichtiger ist es, dass wir endlich mehr Praxisbezug in Schulen einführen. Nur so gelingt uns die richtige Entscheidungshilfe für jeden einzelnen Schüler. Liebe Kolleginnen und Kollegen, lassen Sie uns gemeinsam dafür kämpfen, dass wir bald wieder mehr Chancengerechtigkeit erreichen! Danke.","Der Antrag „Minijobber stärken – Beschäftigung sichern“ von Bündnis90/Die Grünen fordert die Bundesregierung auf, einen Bericht vorzulegen, in dem sie darlegt, wie das Arbeitszeitgesetz so geändert werden kann, dass Arbeitgeber künftig mehr Menschen als Mini- oder Midijobs beschäftigen können. Wir Freien Demokraten haben uns im Koalitionsvertrag dafür eingesetzt, dass wir den Zugang zur geringfügigen Beschäftigung erleichtern und den Übergängebürokratieabbau bei allen Sozialversicherungsbeiträgen verbindlich vereinbart. Diese Punkte sind auch eingetragen worden. In diesem Sinne gehen wir an unsere Aufgabe heran. Ich glaube, es ist gut, wenn man sich erst einmal Gedanken macht, bevor man etwas tut; denn dann weiß ich zumindest, was ich tue. Bei Ihnen habe ich eher den Eindruck: Man muss schnell irgendwas tun, damit Sie sagen können: Jetzt machen wir aber mal was! Und am Ende steht kein Ergebnis da. Die Regierungen, denen Sie angehören, sind immer nur sehr kurzfristig gewesen. Deshalb sage ich: Lassen Sie uns langfristige Lösungsvorschläge erarbeiten! Dann wird man feststellen, dass diese Regierung schon viel erreichen konnte. Dazu gehört beispielsweise, dass wir jetzt gemeinsam überlegen, wie wir Bürokratielasten abbauen können. Der Entwurf für ein Bürokratieentlastungsgesetz III liegt hier bereits seit einem halben Jahr vor. Es hat noch keine Anhörung stattgefunden. Im Ausschuss wurden einige Änderungsanträge gestellt. Herr Kollege Sattelberger sagte gerade, er sei enttäuscht darüber, dass die Union nicht dabei war, sondern nur zuschaute. Das zeigt doch genau, worum es geht. Hier liefern wir Vorschl äge, um die Situation von vielen hunderten Millionen Euro pro Jahr zu verbessern. Wenn man das Geld einsparen könnte, würde dies vielen Unternehmen zugutekommen. Aber die Opposition will nichts davon wissen. Genauso wie beim ersten Entlastungspaket wurde dieses Paket blockiert. Sie müssen endlich verstehen, liebe Kolleginnen und Kollegen von der CDU/CSU-Fraktion, dass weniger Bürokratie gute Politik bedeutet. Wir brauchen dringend neue Spielräume für Unternehmer. Denn wer selbstständig sein möchte, darf nicht durch bürokratische Hürden abgeschreckt werden. Umso wichtiger ist es also, die Rahmenbedingungen für unternehmerisches Handeln weiter zu optimieren. Wie wichtig das ist, sieht man anhand der Zahlen aus unserem Nachbarland Österreich. Dort gilt nämlich seit Juni letzten Jahres ein neues Gesellschaftsrecht. Mit diesem soll vor allem kleinen Unternehmen geholfen werden, weil sie dadurch schneller gründen dürfen. Auch bei uns gibt es mittlerweile zahlreiche Initiativen von Verbänden und Institutionen, die sich für bessere Gründungsmöglichkeiten starkmachen. Einige Beispiele seien genannt: Der Deutsche Industrie- und Handelskammertag etwa plädierte kürzlich dafür, die Anforderungen für Neugründungen zu senken. Dieser Vorschlag findet übrigens Zustimmung sowohl bei den Gründern selber als auch bei ihren potentiellen Kapitalgebern. Das zeigt, dass hier ganz viele Leute zusammenhalten, weil sie alle dieselbe Meinung vertreten. Selbstverpflichtende Vereinfachungen sollen helfen, unnötiges Formularvolumen einzudampfen. Weitere Ideen kommen vom Institut für Mittelstandsforschung Bonn sowie vom Zentralverband des deutschen Handwerks. Zusammengefasst laufen all diese Maßnahmen darauf hinaus, die Gründersituation insbesondere kleiner Betriebe zu verbessern. Doch leider fand keines dieser Modelle bisher große Beachtung. Damit dies geschieht, möchten wir folgende konkreten Schritte vorgehen: Erstens sollten wir in Zukunft mindestens zwei Mal jährlich eine kleine Anpassung unseres Steuerrechtes diskutieren. Jedes Jahr, meine Damen und Herren, bringt Neuregelungen mit sich, die teilweise gravierenden Auswirkungen auf unseren Staatshaushalt haben. Da sollte man doch meinen, dass wenigsten einmal im Jahr Zeit bleibt, diese Regelungen kritisch zu hinterfragen und anzupassen. Zweite Vorgabe: Alle fünf Jahre müssen wir das Gewerbemietrecht neu justieren. Die Mietenexplosion unserer Großstädte lässt keinen anderen Schluss zu. Für kleinere Geschäfte heißt dies konkret: Raus aus der Innenstadt. Wer ein Restaurant eröffnet, benötigt neben finanziellen Rücklagen zunächst einmal geeignete Räumlichkeiten. Ist letzteres nicht vorhanden, stehen junge Existenzgründer häufig vor großen Probleme. Deshalb braucht es entsprechende Rechtsänderungen. Eine weitere Möglichkeit wäre, die Kriterien für Kleinunternehmen bzw. Kleinstbetriebe deutlicher zu definieren. Aktuell gelten Firmen mit maximal vier Angestellten offiziell als solche. Allerdings kommt es regelmäßig dazu, dass die Grenze zwischen „kleinen“, „mittlere/n“ und „großen“ Unternehmen fließend ist. Gerade bei der Beantragung bestimmter Fördermittel spielen die unterschiedlichen Definitionen jedoch eine entscheidende Rolle. Hier wären klar definierte Richtlinien sinnvoll. Abschließend möchten wir Folgendes betonen: Den Bürgern und Unternehmen muss bewusster gemacht werden, welche Möglichkeiten ihnen zur Verfügung stehen. Nur wenn beide Seiten ihre Verantwortlichkeit kennen und erkennen, kann man diesen Bereich effektiv unterstützen. Vielen Dank für Ihre Aufmerksamkeit."
FDP,Bundeswehreinsatz im Kosovo,"Sehr geehrte Damen und Herren,

wir stehen heute vor einem wichtigen Entscheidungsprozess über den Einsatz unserer Bundeswehr im Kosovo. Die Lage in diesem Land ist nach wie vor angespannt und es besteht die Gefahr, dass sich die Situation weiter zuspitzt.

Die Sicherheitslage hat sich seit dem Ende des Kosovokrieges nicht grundlegend verbessert. Es gibt immer noch ethnisch motivierte Konflikte zwischen Serben und Albanern sowie Spannungen innerhalb der kosovarischen Gesellschaft selbst. Hinzu kommt das wachsende Problem der organisierten Kriminalität und Korruption, welches auch von außen beeinflussten Kräften genutzt wird, um Unruhe zu stiften.

Deshalb halte ich einen erneuten Einsatz deutscher Soldatinnen und Soldaten für notwendig - allerdings unter bestimmten Bedingungen:

Erstens muss dieser Einsatz klar begrenzt sein: Wir dürfen keine offenen Kampfeinsätze durchführen oder uns direkt in innere Angelegenheiten des Landes einmischen. Stattdessen sollten wir unsere Stärken nutzen – nämlich Diplomatie, Entwicklungshilfe und Ausbildung lokaler Sicherheitskräfte.
Zweitens müssen wir sicherstellen, dass unser Engagement langfristig angelegt ist. Ein kurzer Militäreinsatz ohne nachhaltige Verbesserung der Lebensbedingungen würde nur dazu führen, dass sich die Probleme später wieder verschlimmern.
Und drittens brauchen wir eine enge Zusammenarbeit mit unseren internationalen Partnern. Nur gemeinsam können wir etwas bewegen und verhindern, dass sich die Krisendynamik fortsetzt.

Lassen Sie mich abschließend betonen: Dieser Vorschlag bedeutet keinen Blankoscheck für weitere Einsätze. Vielmehr geht es darum, Verantwortung zu zeigen und konstruktiv zur Lösung bestehender Probleme beizutragen. Ich bitte Sie daher alle um Ihre Unterstützung bei diesen Anliegen. Danke.","Sehr geehrte Damen und Herren,

ich möchte heute über einen wichtigen Aspekt unserer Außen- und Sicherheitspolitik sprechen: den Einsatz der Bundeswehr im Kosovo.

Die Situation in diesem Land ist seit vielen Jahren angespannt. Die Unruhen zwischen albanischer und serbischer Bevölkerung haben die Stabilität bedroht und das friedliche Zusammenleben erschwert. Um diesen Konflikt zu befrieden und weitere Gewalt zu verhindern, hat sich Deutschland entschieden, Soldatinnen und Soldaten zur Unterstützung der KFOR-Truppen ins Kosovo zu senden.

Unser Ziel ist es nicht nur, Frieden zu bewahren, sondern auch Demokratie und Rechtsstaatlichkeit zu fördern. Dafür müssen wir sicherstellen, dass alle Bürger gleiche Chancen auf Bildung und wirtschaftlichen Fortschritt erhalten - unabhängig von ihrer ethnischen Zugehörigkeit oder ihrem sozialen Status. Nur wenn jeder Mensch im Kosovo spürt, dass er gleichberechtigt Teil dieser Gesellschaft ist, kann dauerhafter Friede entstehen.

Wir unterstützen daher Maßnahmen wie die Aufklärungsarbeit für junge Menschen aller Ethnien über ihre gemeinsame Geschichte und Zukunftsperspektiven sowie Programme zur Förderung von Minderheitenrechten und interethnischer Verständigung. Auch beim Aufbau ziviler Institutionen leisten unsere Streitkräfte Hilfe – vom Justizwesen über Polizei bis hin zu Schulbildung und Infrastrukturprojekten.

Gleichzeitig dürfen wir aber nie vergessen: Der Kern unseres Engagements bleibt der Schutz vor weiterer Gewalt. Deshalb werden wir alles tun, um die Sicherheit unserer Soldatinnen und Soldaten bestmöglich zu gewährleisten. Wir sind stolz darauf, was sie dort Tag für Tag unter schwierigsten Bedingungen leisten. Sie verdienen unseren Dank und unsere volle Rückendeckung!

Liebe Mitbürgerinnen und Mitbürger,
unser Engagement im Kosovo zeigt einmal mehr:
Deutschland steht fest an der Seite seiner Verbündeten.
Es setzt sich konsequent für Freiheit, Demokratie und Menschenrechte weltweit ein -
und trägt damit wesentlich dazu bei, Krisen zu lösen statt auszuufern.
Dabei geht es uns immer darum, langfristige Lösungen zu finden, die allen Menschen Perspektive bieten.
Das macht uns stark gegenüber Populismus und Nationalismus.
Und dafür kämpft meine Fraktion, die Liberale, jeden Tag aufs Neue. Ich danke Ihnen!","Sehr geehrte Damen und Herren,

wir sprechen heute über einen wichtigen Aspekt deutscher Außen- und Sicherheitspolitik: den Einsatz unserer Soldatinnen und Soldaten in der internationalen Stabilisierungsmission KFOR im Kosovo.

Die Mission hat das Ziel, die territoriale Integrität und Souveränität des jungen Staates sicherzustellen sowie die weitere Entwicklung hin zur stabilen Demokratie und Marktwirtschaft zu unterstützen. Der Friedensprozess ist kein Selbstläufer - es braucht kontinuierliche Anstrengung aller Beteiligten, um Fortschritte zu erzielen.

Unsere Truppen leisten dort seit fast zwei Jahrzehnten ihren Beitrag dazu. Sie sorgen für stabile Rahmenbedingungen vor Ort, ermöglichen freien Handel und Austausch zwischen den Volksgruppen und tragen so zu mehr Verständnis füreinander bei. Auch wenn viele Herausforderungen noch bestehen bleiben – insbesondere hinsichtlich Rechtsstaatsbildung, Korruptionsbekämpfung und wirtschaftlicher Integration -, darf man nicht vergessen, was bereits erreicht wurde.

Es wäre falsch, diese Leistungen jetzt auf's Spiel zu setzen. Deshalb müssen wir uns weiterhin verantwortungsvoll an KFOR beteiligen, solange sie notwendig bleibt. Gleichzeitig sollten wir aber auch danach streben, dass sich die Lage so weit verbessert, dass baldmöglichst alle deutschen Kräfte zurückgeholt werden können.

Nur durch internationale Zusammenarbeit wird langfristiger Friede möglich sein. Hier liegt unsere Chance als moderne liberale Kraft: Wir wollen Freiheit, Menschenrechte und demokratisches Miteinander fördern, wo immer dies nötig und machbar ist. Dafür stehen wir gerade im Kosovo ein. 

Wir danken allen unseren Soldatinnen und Soldaten für ihre unermüdliche Arbeit unter oft schwierigen Bedingungen. Ihre Präsenz trägt entscheidend dazu bei, dass aus dem früheren Krisengebiet allmählich eine friedlichere Region wird. Für dieses Engagement verdienen sie unser aller Respekt und Anerkennung!

Vielen Dank.","Die Lage in Afghanistan ist dramatisch; das wissen wir alle hier. Die Taliban haben die Macht übernommen – nicht nur militärisch, sondern auch politisch. Sie sind jetzt an der Regierung beteiligt. Das bedeutet: Frauen werden unterdrückt, Menschenrechte verletzt, Journalisten bedroht, Oppositionelle ermordet. Es gibt keine Meinungsfreiheit mehr, es gibt keinen Rechtsstaat mehr, es gibt kein Parlament mehr, es gibt keine freie Presse mehr. Wir müssen uns fragen: Was können wir tun? Ich glaube, dass es richtig war, den Rückzug aus dem Land anzukündigen. Denn ich bin mir sicher: Wenn man einen solchen Krieg gewinnen will, dann muss man ihn von Anfang an gewinnen wollen. Und wenn man ihn von Anfang an nicht gewonnen hat, dann sollte man sich ehrlich machen und sagen: „Wir geben auf.“ So wie es damals bei Vietnam gemacht wurde. Man kann so etwas nicht ewig fortsetzen. Deswegen finde ich es gut, dass dieser Schritt gegangen worden ist. Aber natürlich stellt er uns vor große Herausforderungen. Er stellt uns vor zwei ganz konkrete Fragen. Die erste Frage lautet: Wie gehen wir damit um, dass Tausende Afghaninnen und Afghanen noch immer dort leben, weil sie Angst davor haben, zurückzukehren? Diese Leute brauchen unsere Hilfe. Da geht es darum, dass wir ihnen helfen, nach Deutschland oder in andere Länder zu kommen. Der zweite Punkt betrifft diejenigen, die schon lange in Deutschland sind und nun Sorge haben, wieder abgeschoben zu werden. Auch diesen Menschen sollten wir helfen. Dafür stehen wir als Freidemokraten. Jetzt kommt aber die entscheidende Frage: Welche Konsequenz ziehen wir daraus für unseren Einsatz gegen den IS-Terrorismus in Syrien? Dort kämpfen ja zurzeit noch etwa 1 000 Soldatinnen und Soldaten unserer Bundeswehr. Ist es sinnvoll, diese Mission weiterhin durchzuhalten? Oder wäre es besser, dieses Mandat sofort zu beenden? Meine Antwort darauf ist klar: Ja! Dieses Mandat gehört beendet. Warum sage ich das? Weil unser Ziel erreicht ist. Unsere Aufgabe bestand darin, dafür zu sorgen, dass der Terroranschlag vom November vergangenen Jahres nie wieder stattfinden wird. Genau das ist gelungen. Seitdem gab es weder weitere Attentate noch irgendwelche anderen terroristischen Aktivitäten. Damit ist unser Ziel erreicht. Daher halte ich es für falsch, dieses Mandat einfach weiterlaufen zu lassen. Im Gegenteil: Ich würde sogar vorschlagen, dass wir die deutschen Truppen früher abziehen, nämlich bereits Ende Februar nächsten Monats. Dann hätten wir genug Zeit gehabt, alles Notwendige zu organisieren. Außerdem würden dadurch unnötigerweise Kosten gespart. Insgesamt könnte also viel Geld gespart werden, wenn wir diesen Vorschlag realisieren würden. Ein letzter Gedanke dazu. Natürlich weiß jeder, dass der Kampf gegen den Terrorismus erst beginnt, sobald man seine eigene Sicherheitszone verlässt. Daran arbeiten wir gerade. Aber genau deshalb dürfte doch niemand ernsthaft erwarten, dass wir gleichzeitig in einem anderen Staat aktiv bleiben sollen. Vielmehr gilt es, Prioritätensetzungen vorzunehmen. Für mich heißt das: Beim Kampf gegen den internationalen Terrorismus steht die Bekämpfung der islamistischen Gefahr im Mittelpunkt. Deshalb ist es wichtig, dass wir endlich den IS besiegen. Gleichzeitig darf aber der Kampf gegen die irreguläre Migration nicht vernachlässigt werden. Hier besteht dringender Handlungsbedarf. Deshalb fordern wir Freien Demokraten seit Langem, dass wir gemeinsam mit unseren europäischen Nachbarn eine effektive Grenzsicherung etablieren. Nur so lässt sich verhindern, dass die Zahl illegaler Einreisen weiter steigt. Liebe Kolleginnen und Kollegen, ich komme zum Schluss. Ich möchte abschließend allen danken, die in diesem Jahr ihren Dienst geleistet haben. Danke schön! Herzlichen Dank, Herr Kollege Dröge. – Nächster Redner ist der Kollege Michael Brand, CDU/CSU-Fraktion.","Die Entscheidung über die Fortsetzung unseres Engagements in Afghanistan ist für uns als Freie Demokraten von großer Bedeutung; denn wir sind davon überzeugt: Die Sicherheit Deutschlands wird auch dort entschieden, wo unsere Soldatinnen und Soldaten nicht präsent sind. Deshalb müssen wir alles dafür tun – das sage ich ganz bewusst an dieser Stelle –, dass sie sicher nach Hause zurückkehren können. Das ist unser Auftrag bei diesem Einsatz. Und wenn es notwendig sein sollte, dann werden wir ihn natürlich erfüllen. Wir haben aber auch einen anderen Auftrag, nämlich den Aufbau Afghanistans voranzubringen. Ich habe mich gefragt, ob man sich hier wirklich ernsthafte Gedanken macht oder nur aus taktischen Gründen so tut. In einem Bericht vom Juli dieses Jahres heißt es wörtlich:
Das Mandatsziel „Aufbau afghanischer Kapazitäten“ wurde erreicht.
Es gibt also keine Zweifel daran, dass wir unseren Beitrag dazu geleistet haben, die Regierungsfähigkeit und die staatliche Struktur aufzubauen. Im Jahr 2015 war dies noch anders; da hieß es: Es fehlen Fachkräfte zur Ausbildung. Heute kann man feststellen, dass diese Situation besser geworden ist. Aber wie sieht es jetzt konkret aus? Was bedeutet das eigentlich für die Zukunft? Wie wollen Sie diesen Prozess weiterentwickeln? Wo sehen Sie Verbesserungsbedarf? Darüber hört man nichts. Stattdessen sagt Herr de Maizière heute Morgen, dass es um die Frage geht, wann man beginnt, Truppen abzuziehen. Dabei stellt sich doch erst einmal die Frage, welche Rolle Deutschland künftig spielen soll. Denn ohne klare Zielvorstellung lässt sich kein Erfolg messbar machen. Wenn man sich fragt, was wir in Afghanistan bisher erreichen konnten, muss man leider sagen: Der Blick auf die Zahlen zeigt, dass trotz aller Bemühungen viele Probleme bestehen bleiben. Trotzdem will ich deutlich machen: Natürlich hat sich vieles verbessert. Das Land steht nicht mehr am Rand des Zusammenbruchs. Dennoch bleibt viel zu tun. Dass die Taliban immer wieder versuchen, Anschläge durchzuführen, zeigt ja gerade, welches Risiko damit verbunden ist. Gleichzeitig wissen wir alle, dass die Lage schwieriger gewesen wäre, hätten wir uns nicht engagiert. Meine Damen und Herren, wer glaubwürdig argumentieren möchte, darf eben nicht nur die Vorteile betonen. Er muss gleichzeitig ehrlicherweise zugeben, dass es auch Nachteile gibt. Ein solcher Nachteil besteht beispielsweise darin, dass wir seit Jahren Milliardenbeträge in das Projekt investieren, während andere Länder ihre Hilfe einschränken bzw. sogar komplett streichen. Das führt unterm Strich zu dem Ergebnis, dass die Hilfszahlungen pro Kopf in vielen Staaten Afrikas doppelt so hoch sind wie in Afghanistan. Ich frage mich daher schon: Ist das gerecht? Warum sollen Menschen in Afrika weniger Unterstützung bekommen als Menschen in Afghanistan? Unsere Entwicklungszusammenarbeit braucht endlich eine neue Perspektive. Nur so lassen sich die Herausforderungen meines Erachtens erfolgreich angehen. Meine Damen und Herren, meine Fraktion unterstützt selbstverständlich die Arbeit unserer Soldatinnen und Soldaten sowie all jener Mitarbeiterinnen und Mitarbeiter, die ebenfalls ihren Dienst leisten. Unser Dank gilt ihnen allen! Herzlichen Glückwunsch zum Tag der deutschen Einheit! Vielen herzlichen Dank.","Wir haben uns vor wenigen Tagen hier in diesem Hohen Haus intensiv über den Antrag zur Verlängerung unseres Einsatzes im Rahmen KFOR – wie immer: sehr sachlich, sehr gut – unterhalten. Ich möchte mich bei all denen bedanken, die sich an dieser Diskussion beteiligt haben; denn es ist ja auch das Wesen von Parlamentsarmeen – Sie alle wissen um diesen Zusammenhang –, dass wir als demokratisch legitimiertes Gremium die Entscheidungen treffen müssen für unsere Soldatinnen und Soldaten. Dafür bin ich dankbar. Es war wichtig, diese Debatte so geführt zu bekommen. Wir stehen heute wiederum vor einem wichtigen Schritt für unseren Auftritt auf dem Balkan insgesamt. Wir sind seit fast drei Jahrzehnten dort präsent. Auch wenn manche sagen „Es wird Zeit“, muss man doch sehen, was geschieht, wenn wir nicht mehr da wären. Dann würde nämlich dieses fragile Gebilde namens Republik Kosovo auseinanderfallen, meine Damen und Herren. Das wäre wirklich kein Gewinn für Europa. Deswegen finde ich, dass wir einen guten Weg gegangen sind mit unserem Engagement. Wir wollen jetzt zusammen mit unserer europäischen Partnerin Frankreich weitere Kapazitäten zur Verfügung stellen. Wenn wir gemeinsam agieren können, dann bringt uns das weiter. Ich kann nur hoffen, dass die französische Seite ihre Zusicherungen auch tatsächlich erfüllt. Da gibt es durchaus noch Nachholbedarf. Aber wenn es gelingt, werden wir damit sicherlich besser fahren, als bisher vielleicht möglich gewesen ist. Meine Damen und Herren, es geht aber natürlich auch darum, welchen Beitrag wir leisten, wenn wir dort agieren. Natürlich will ich auch kurz darauf eingehen, welche Herausforderungen uns erwarten. Die größte Herausforderung besteht darin, dafür zu sorgen, dass die Menschen in Bosnien-Herzegowina dauerhaft Frieden miteinander leben können. Der Konflikt zwischen Serben und Muslimen ist leider nach wie vor ungelöst. Immerhin hat Bosniak-Präsident Dodik zugesagt, die Praxis der Abspaltungserklärungen einzustellen. Er wollte sie eigentlich ausdehnen. Sehr gute Nachricht! Jetzt gilt es allerdings, ihn dabei zu unterstützen, dass er dies auch tut, weil sonst die Gefahr drohen könnte, dass eben genau diejenige Spaltung stattfindet, die am Ende dazu führen könnte, dass die Unabhängigkeitserklärung vollzogen wird. Dies sollten wir verhindern. Und auch das gehört zu unserem Mandat dazu. Denn es ist klar, dass wir trotz aller Schwierigkeiten, die wir momentan haben, einen Fortschrittsmechanismus brauchen. Deshalb begrüße ich es außerordentlich, dass das Land jetzt endgültig in Richtung EU-Beitrittsverhandlungskapitel gehen soll. Ich glaube, wir hätten allen Grund, stolzer auf uns sein zu dürfen. Insofern sage ich ganz deutlich: Ja, Herr Maas, es ist richtig, dass Deutschland hier eine Vorreiterrolle spielt. Herzlichen Dank dafür! Lassen Sie mich abschließend Folgendes sagen. Unsere Sicherheitslage ist geprägt von großen internationalen Spannungsfeldern. Russland versucht ständig, seine Einflussgebiete auszuweiten, gerade im Osten Europas. Eine neue Energiekrise steht bevor, verbunden mit der Frage, ob wir Gaslieferungen erhalten oder nicht. All das zeigt, dass wir uns nicht zurückziehen dürfen, sondern vielmehr engagieren müssen. Für den Kosovo bedeutet das, dass wir gemeinsame Patrouillen durchführen, dass wir helfen, wenn es Probleme bei Grenzdurchquerungen gibt usw., und dass wir alles tun, damit wir dort Sicherheit garantieren. Mit dem heutigen Beschluss geben wir dazu grundsätzlich die Möglichkeit. Deshalb bitte ich um Zustimmung. Vielen herzlichen Dank."
FDP,Wirtschaftshilfen Corona,"Sehr geehrte Damen und Herren,

wir stehen vor großen Herausforderungen inmitten dieser Pandemie: Die Gesundheit unserer Bürgerinnen und Bürger ist bedroht, die Wirtschaft leidet unter den Einschränkungen und viele Menschen haben Existenzängste.

Als Freie Demokraten sehen wir es als unsere Pflicht an, sowohl das Leben und die Gesundheit der Bevölkerung zu schützen als auch gleichzeitig dafür Sorge zu tragen, dass unser Land wettbewerbsfähig bleibt und Arbeitsplätze gesichert werden können.

Deshalb fordern wir einen klaren Fahrplan für Lockerungen der Maßnahmen, sobald diese medizinisch vertretbar sind. Wir dürfen nicht vergessen, dass jeder Tag ohne Arbeitnehmer mehr Menschen in Not bringt - sei es durch Kurzarbeit oder Jobverlust. 

Die Bundesregierung hat bereits umfangreiche Hilfspakete auf den Weg gebracht, doch hier besteht noch Nachholbedarf. Insbesondere kleine Unternehmen und Solo-Selbstständige fallen oft durchs Raster. Hier brauchen wir zielgerichteteren Schutz!

Wir setzen uns daher für folgende Punkte ein:

1. Sofortige Auszahlung von Überbrückungshilfe statt langatmiger Antragsprozesse
2. Einfacher Zugang zur Grundsicherung für Selbständige und Kleinstunternehmen
3. Verlängerung des erleichterten Zugangs zum Kurzarbeitergeld über Juni hinaus
4. Bürgschaften und Darlehen müssen unbürokratischer abgewickelt werden
5. Steuerliche Entlastungen für alle Unternehmen, insbesondere bei Gewerbesteuer und Körperschaftssteuervorauszahlungen

Gleichzeitig mahnen wir aber auch: Diese Krise darf kein Grund sein, alte Strukturen beizubehalten oder gar auszubauen! Stattdessen sollten wir sie nutzen, um Deutschland fit für die Zukunft zu machen – digital, ökologisch nachhaltig und sozial gerecht. Dafür braucht es mutige Reformen und Investitionen in Bildung, Forschung und Infrastruktur.

Liebe Mitbürgerinnen und Mitbürger,
die kommenden Monate werden hart. Aber ich bin fest davon überzeugt, dass wir gemeinsam gestärkt daraus hervorgehen können. Wenn wir jetzt entschieden handeln, können wir die Folgen der Coronapandemie bewältigen und zugleich unseren Wohlstand sichern. Lassen Sie uns zusammenarbeiten, damit Deutschland stark aus dieser Krise herauskommt!

Vielen Dank.","Sehr geehrte Damen und Herren,

wir stehen vor enormen Herausforderungen inmitten dieser globalen Pandemie. Die Ausbreitung von COVID-19 hat nicht nur unsere Gesundheitssysteme an ihre Grenzen gebracht, sondern auch tiefgreifende wirtschaftliche Folgen nach sich gezogen.

Die Bundesregierung hat schnell reagiert und umfangreiche Hilfspakete geschnürt, um die negativen ökonomischen Effekte abzufedern. Doch wir als Freie Demokraten sind überzeugt: Diese Maßnahmen müssen zielgerichteter und effizienter gestaltet werden!

Es kann nicht sein, dass Unternehmen durch bürokratische Hürden bei den Anträgen für Überbrückungshilfe ausgebremst werden oder gar leer ausgehen. Wir fordern einen unbürokratischen Zugang zu diesen Mitteln - gerade jetzt im Winter ist es wichtiger denn je, Arbeitsplätze zu erhalten und Betriebe am Laufen zu halten.

Auch darf das Augenmerk nicht allein auf Großunternehmen liegen – kleine und mittlere Unternehmen sowie Solo-Selbstständige brauchen ebenfalls dringend Unterstützung! Hier muss die Hilfe schneller und einfacher fließen.

Darüber hinaus dürfen wir nicht vergessen: Langfristig können diese Hilfsprogramme kein Allheilmittel sein. Um unseren Wohlstand langfristig zu sichern, benötigen wir Reformen zur Stärkung unserer Wettbewerbsfähigkeit. Dazu gehören unter anderem Steuersenkungen für Bürgerinnen und Bürger ebenso wie Investitionen in Bildung und Forschung.

Wir müssen mutig in die Zukunft blicken und Weichen stellen für mehr Innovation, Digitalisierung und Nachhaltigkeit. Nur so werden wir gestärkt aus dieser Krise herauskommen. 

In diesem Sinne appellieren wir an Sie, liebe Kolleg*innen aller Fraktionen: Lassen Sie uns gemeinsam daran arbeiten, die richtigen Lehren aus dieser Krise zu ziehen und Deutschland fit machen für morgen!

Vielen Dank.","Sehr geehrte Damen und Herren,

ich freue mich sehr über die Gelegenheit heute hier vor Ihnen stehen zu dürfen, um für meine Fraktion, die Freien Demokraten, das Wort ergreifen zu können.

Unser Land befindet sich inmitten der größten wirtschaftlichen Krise seit dem Zweiten Weltkrieg. Die Auswirkungen von COVID-19 haben unser Leben auf den Kopf gestellt – sowohl im privaten als auch beruflichen Bereich. Unternehmen mussten ihre Türen schließen oder Produktionen herunterfahren, Arbeitsplätze standen auf der Kippe und ganze Branchen gerieten ins Straucheln.

Doch trotz aller Herausforderungen möchte ich betonen: Wir sind nicht allein! Der Staat hat schnell reagiert und umfangreiche Hilfspakete geschnürt - ob Kurzarbeitergeld, Überbrückungskredite oder direkte Zuschüsse. All dies war nötig und richtig, denn jeder Euro zählt dabei, Existenzen und Betriebe zu retten.

Dennoch müssen wir nun einen Blick in die Zukunft werfen. Denn klar ist: Es wird nach dieser Pandemie kein Zurück zur Normalität geben. Vieles was jetzt beschlossen wurde, sollte auch Bestandteil unserer langfristigen Wirtschaftsstrategie sein.
Wir brauchen mutige Reformen und Investitionen, um aus diesem Tal wieder herauszukommen. Dabei setzen wir Liberale ganz besonders auf Innovation und Digitalisierung.

Die digitale Transformation bietet uns enorme Chancen – sei es durch neue Geschäftsmodelle, mehr Effizienz oder innovative Technologien wie künstliche Intelligenz und Robotik. Aber sie fordert auch Veränderungen, an denen wir dringend arbeiten sollten.

Gleichzeitig dürfen wir unsere traditionelle Industrieproduktion aber nicht vernachlässigen. Gerade kleine und mittlere Unternehmen prägen unseren Mittelstand und tragen maßgeblich zum Erfolg Deutschlands bei. Sie benötigen Unterstützung beim Strukturwandel hin zu digitalisierten Prozessen, etwa durch gezieltes Coaching oder Förderprogramme.

Zudem plädieren wir dafür, dass die jetzigen Hilfszahlungen zeitnah und unbürokratisch ausgezahlt werden. Viele Firmen sitzen auf einem Berg unbezahlter Rechnungen und kämpfen täglich um ihr Überleben. Hier muss geholfen werden!

Meine Damen und Herren,
die Covid-Pandemie stellt alles infrage, was bisher normal erschienen ist. Doch gerade Krisenzeiten zeigen auch immer auf, wo Handlungsbedarf besteht. Lasst uns diese Chance nutzen und Deutschland gemeinsam stärker machen für die Zukunft!
Vielen Dank.","Die Bundesregierung hat in den letzten Monaten die größte Hilfsaktion ihrer Geschichte auf den Weg gebracht: einen Rettungsschirm für unsere Volkswirtschaft von bisher über 1 Billion Euro – das ist mehr als doppelt so viel wie unser gesamtes jährliches Bruttoinlandsprodukt; es sind also gigantisch hohe Summen. Die Regierungsfraktionen haben diese Maßnahmen im Wesentlichen unterstützt. Aber wir müssen auch ehrlich sein: Wir hätten uns manche Dinge anders gewünscht. Ich will nur einige Beispiele nennen: Erstens. Es war richtig, dass wir schnell gehandelt haben. Das heißt aber nicht, dass alles gut gelaufen wäre. Der erste Entwurf des Konjunkturpakets lag erst am Freitag vor zwei Wochen vor. Dann wurde er noch einmal komplett umgeschrieben. Und dann kam er gestern hier ins Parlament. Da waren viele Fragen offen. Vom Finanzministerium gab es keine Antworten dazu. Deshalb kann ich Ihnen sagen: Wenn Sie sich heute Morgen bei Ihrem Frühstück oder beim Mittagessen darüber unterhalten wollen, was denn nun genau drinstehen soll, können Sie gerne weiterdiskutieren. Für mich steht fest: So geht es nicht. Zweitens. In dieser Krise muss jeder Cent zählen. Bei diesem Paket gibt es jedoch zahllose Einzelfallentscheidungen. Zum Beispiel sollen jetzt alle Unternehmen, deren Umsatzrückgang mindestens 50 Prozent beträgt, staatliche Hilfe bekommen. Was bedeutet das? Bedeutet das, dass jedes Unternehmen, egal ob es gerade boomt oder pleite ist, Geld bekommt? Oder gilt dieses Kriterium nur für bestimmte Branchen? Werden damit vielleicht sogar Großkonzerne subventioniert werden, während kleine Betriebe leer ausgehen? Diese Frage wird weder beantwortet noch geklärt. Auch dafür brauchen wir Zeit. Drittens. Immer wieder hören wir aus dem Ministerium, dass die Verhandlungen schwierig seien. Ja, sie sind schwierig! Aber wenn die Koalitionspartner unterschiedlicher Meinung sind, dann sollte man doch miteinander reden statt übereinander. Viertens. Manches ist einfach falsch. Etwa forderte Herr Scholz anfangs, dass die Länder ihre Schulden selbstständig machen dürften. Jetzt sagt er plötzlich, dass die Länder gar kein neues Geld bräuchten. Wie passt das zusammen? Warum sollten die Länder eigentlich zusätzliches Geld bekommen? Weil sie ja angeblich schon genug davon haben. Also, da stimme ich ihm durchaus zu. Nur, woher kommt das ganze Geld? Aus den Steuereinnahmen natürlich. Von denen profitierten die Länder nämlich besonders stark. Denn sie hatten in den vergangenen Jahren immer mehr Geld vom Bund kassiert. Alleine seit 2013 flossen rund 100 Milliarden Euro nach Berlin, München usw., weil dort die Kommunalfinanzen besser liefen. Gleichzeitig wurden die Kosten für Hartz IV und andere Leistungen teilweise auf die Länder abgewälzt. Dadurch stiegen die Einkommensteuer- und Gewerbesteuerausfälle massiv. All dies führt dazu, dass die Länder trotz Coronakrise finanziell relativ stabil dastehen. Daher bin ich mir sicher: Mit einem solchen Paket würdet ihr euch keinen Gefallen tun. Meine Damen und Herren, liebe Kolleginnen und Kollegen, wir stehen aktuell vor großen Herausforderungen. Unsere Aufgabe besteht darin, gemeinsame Lösungen zu finden. Dabei darf keiner zurückgelassen werden. Jede einzelne Person in unserem Land verdient Respekt und Unterstützung. Wir müssen daher sehr sorgsam prüfen, welche Maßnahme wirklich notwendig ist und welcher Beitrag zur Gesundheit unserer Bürger geleistet wird. Liebe Kolleginnen und Kollegen, lassen Sie uns gemeinsam daran arbeiten, Deutschland erfolgreich durch diese Krise zu bringen. Herzlichen Dank.","Die Bundesregierung hat sich in den letzten Wochen intensiv um die Hilfsprogramme für Unternehmen bemüht. Wir haben auch immer wieder gesagt: Es ist wichtig – das sage ich jetzt nicht nur als Haushälterin; es wäre aber auch meine Aufgabe gewesen –, dass man aufpasst bei diesen Programmen, damit sie möglichst unbürokratisch sind. Das war ja leider nicht so einfach. Die KfW-Bank hatte einen großen Zulauf von Anträgen. Ich kann Ihnen sagen: Wenn Sie anrufen wollen oder wenn Sie Fragen haben sollten, dann rufen Sie bitte nachts zwischen einschließlich zwei Uhr morgens und sechs Uhr früh an. Dann kommen Sie durch! In dieser Zeit können wir Ihre Probleme lösen. Aber sonst müssen Sie warten. Deswegen bin ich froh darüber, dass diese Programme nun endlich laufen. Jetzt kommt natürlich noch etwas dazu, was uns alle sehr beschäftigt. Frau Kollegin Malsack-Winkemann, erlauben Sie eine Zwischenfrage aus der AfD-Fraktion? Nein. Ich möchte weiterreden. – Dazu komme ich gleich. Herr Minister Scholz hat gestern im Finanzausschuss erklärt, dass er die Erwartung habe, dass ab dem nächsten Quartal mehr Gelder ausgegeben werden. Und zwar geht es darum, dass insbesondere kleine Betriebe unterstützt werden sollen. Man muss schon darauf hinweisen, dass hierzu keine Aussagen gemacht wurden. Vielmehr wurde lediglich gesagt, dass es mehr sein soll. Wie viel genau, weiß niemand. Was heißt „mehr“ eigentlich? Ist „mehr“ doppelt so viel wie bisher, dreimal so viel wie bisher, viermal so viel wie bisher? Keine Ahnung! Niemand weiß das. Auch die Expertengruppe, die eingesetzt worden ist, konnte keine konkreten Vorschläge machen. Also wird da irgendwie mal drauflosgerannt ohne Plan. Das halte ich für falsch. Denn vor allem die kleinen Betriebe brauchen unsere Hilfe. Da reichen pauschale Mittel eben nicht aus. Hier bedarf es gezielter Unterstützung. Dabei sollte man allerdings beachten, dass es sich tatsächlich um echtes Eigenkapital handeln muss. Darüber hinaus muss dieses Kapital schnell zur Verfügung stehen. Es darf also nicht erst verhandelt werden über mögliche Bürgschaften usw., sondern es muss sofort greifbar sein. Eine weitere Möglichkeit besteht darin, steuerrechtlich entlastende Maßnahmen einzusetzen. Diese könnten beispielsweise in Form einer Verlängerung der Steuerschonfrist erfolgen. Allerdings müsste dies zeitlich begrenzt sein, weil es sich dabei wirklich um eine Entschädigung für die Ausfallzeiten handelt. Andererseits dürfte es keinesfalls dazu führen, dass dadurch Gewinne maximiert würden. Meiner Meinung nach gibt es dafür kein Recht. Liebe Kollegen, lassen Sie mich noch kurz auf einen Punkt eingehen, nämlich auf das sogenannte Kurzarbeitergeld. Dieses Programm läuft seit vielen Jahren erfolgreich. Im Moment nutzen davon circa 1 Million Menschen Gebrauch. Gerade wegen seiner guten Erfahrungen spricht vieles dafür, gerade während dieser Krise verstärkt auf dieses Instrument zurückzugreifen. Natürlich bedeutet dies zusätzlichen Arbeitsaufwand sowohl für die Arbeitgeber als auch für die Sozialversicherungen sowie für die Agenturen für Arbeit. Trotzdem glaube ich, dass es besser ist, kurzarbeitenden Mitarbeitern ihren Lohn fortlaufend zahlen zu können statt ihnen kündigen zu müssen. Außerdem ermöglicht dieses Modell allen Beteiligten, flexibel auf verschiedene Situationen reagieren zu können. Nun stellt sich mir die Frage: Warum macht man denn solche Modelle, wo doch alles gut funktioniert? Ganz einfach: Weil die Politik gerne neue Ideen entwickelt. Jede Legislaturperiode will zeigen, was sie erreicht hat, welche neuen Gesetzgebungsverfahren sie angestoßen hat. Dahinter steht oft weniger die Überzeugung, dass etwas verbessert werden muss, sondern vielmehr die Angst, nichts getan zu haben. Genau so scheint es beim Kurzarbeitergeld zu sein. Nach meiner Kenntnis gab es nie Grund genug, dieses System grundlegend infrage zu stellen. Dennoch versucht man ständig, Verbesserungen herbei­zureden. Derzeit liegt sogar ein neues Konzept vor, welches unter anderem vorsieht, dass jeder Mitarbeiter individuell entscheiden könnte, ob er in Kurzarbeit gehen möchte oder nicht. Demnach würde es keinen Unterschied geben zwischen einem Beschäftigten, dessen Ehefrau schwanger ist, und jemandem, der seinen Urlaub nehmen wollte. Beide hätten denselben Anspruch auf Kurzarbeitsunterstützung. Doch wer garantiert mir, dass mein Chef, wenn ich ihn danach frage, mir diese Antwort gibt? Wer sagt mir, dass er mich nicht lieber feuert, bevor er mich in Kurzarbeit nimmt? Mit anderen Worten: Bei diesem neuen Konzept bleibt unklar, woraus sich die Berechnung ergibt. Somit lässt sich daraus ableiten, dass dieses Konzept eher geeignet erscheinen mag, Missbrauchsabsichten Tür und Tor zu öffnen. Damit werde ich mich sicherlich auseinandersetzen. Abschießend möchte ich feststellen: Ich freue mich, dass unser Land trotz aller Widrigkeiten relativ stabil durch die Coronakrise gekommen ist. Vor allem möchte ich betonen, dass all jene, die unseren Staat am Laufen halten, sei es im Krankenhausbereich, sei es im Lebensmittelbereich, sei es im Bereich der Sicherheit oder in irgendeinem anderen Bereich, unsere volle Solidarität erfahren. Herzliches Dankeschön!","Verehrte Damen und Herren! Die Lage ist ernst; das haben wir heute in vielen Reden gehört – auch von Ihnen, Herr Scholz. Aber es hilft uns nicht weiter, wenn Sie sich hierhinstellen und sagen: „Es wird so oder so gehen.“ Ich finde, man muss die Menschen eindringlich darauf hinweisen, dass sie im Moment wirklich aufpassen müssen, was sie tun. Es gibt viele Dinge, bei denen man einfach abwägen muss zwischen dem Risiko für andere Leute, für die eigenen Kinder und Enkelkinder, vielleicht sogar für Großeltern und dafür, wie sehr ich persönliche Freiheiten einschränken kann. Das sollte jeder Einzelne vor Ort entscheiden können, aber er soll bitte zur Kenntnis nehmen, dass diese Entscheidung schwerwiegende Folgen hat. Und dann gilt natürlich erst recht unser Rechtsstaatsprinzip: Jeder Einzelne muss wissen: Wenn mir jemand etwas vorschreiben will, darf nur das Parlament über seine Grundrechtseinschnitte entschieden. Darüber hinaus dürfte das eigentlich keine Rolle spielen. Denn gerade beim Infektionsschutzgesetz geht es darum, welche Maßnahmen möglich sind. Insofern wäre das gar kein Argument. Man hätte also gar keinen Anlass gehabt, den Gesetzentwurf zurückzuverlangen. Wir als Koalitionspartner hätten ja gerne früher darüber gesprochen, weil das schon längst fällig gewesen wäre. Jetzt sind noch zwei Monate Zeit übrig. Dann würde man das Problem lösen, indem man sagt: Ja gut, dann machen wir jetzt mal einen Entschließungsantrag. – Dieser könnte lauten: Aufgrund der anhaltenden Pandemie beauftragen wir die Bundesregierung, zügig Vorsorge zu treffen, damit das neue Coronavirus auch nach Ende dieser Wahlperiode bekämpfbar bleibt. Der Gesundheitsminister soll die nötigen Kompetenzvoraussetzungen dafür schaffen. Er soll insbesondere praxisnahe Beratungsstrukturen etablieren und ausbauen sowie zusätzlichen medizinischen Fachpersonalbedarf decken. Was genau? Das steht alles da drinnen. Es reicht vollkommen aus, um klar zu machen, worum es geht. Wir haben drei Ziele benannt: Erster Punkt. Die Verantwortlichkeit für notwendige Coronaschutzmaßnahmen soll künftig endlich wieder alleine beim Bund liegen, und zwar durch Änderungen im Infektions- bzw. Epidemienbekämpfungsgesetz, sodass dort festgeschrieben werden kann, wer wann welches Instrument anwenden darf. Damit würden wir dieses Chaos beseitigen, das wir momentan erleben. Zweiter Punkt. Im Rahmen einer Strategie sollen Praxistauglichkeit und Effektivität neuer Impfstoffe evaluiert werden, wobei neben anderen Kriterien die Frage berücksichtigt werden müsste, ob diese Stoffe tiefgreifend genug gegen Mutationen wirksam sein könnten. Da stellen Sie sich her und sagen, das sei unethisch. So weit bin ich noch nie gegangen, um das ganz deutlich zu sagen. Also, lesen Sie doch mal Ihren eigenen Text. Vielleicht sollten Sie ihn noch einmal lesen; denn selbstverständlich wollen Sie auch herausfinden, welche Möglichkeiten es gibt. Natürlich gibt es Diskussionen dazu. Deshalb fordern wir doch, dass diese Diskussionspunkte angegangen werden. Sonntag kommt die WHO-Konferenz. Genau das fordern wir: Diese Fragen müssen geklärt werden. Das ist richtig. Außerdem fordern wir, dass die Datenlage verbessert wird. Das dritte Ziel lautet: Neue Behandlungsmöglichkeiten müssen gefunden und schnellstmöglich zugänglich gemacht werden, und zwar für Patienten mit akutem COVID-Symptomverlauf ebenso wie für diejenigen ohne Symptome, sogenannte asymptomatische Träger. Auch dazu findet am Wochenende eine Konferenz statt. Das heißt, all das passiert jetzt bereits. Deshalb braucht man keine Rückholaktion mehr, sondern lediglich diesen Entschließungsantrag. Herzlichen Dank für Ihre Aufmerksamkeit."
FDP,Gaspreise,"Sehr geehrte Damen und Herren,

ich freue mich sehr über die Gelegenheit heute vor Ihnen sprechen zu dürfen. Als Mitglied der Freien Demokratischen Partei liegt mir das Schicksal unserer Bürgerinnen und Bürger besonders am Herzen.

Die aktuelle Situation auf dem Energiemarkt ist für viele Menschen in unserem Land existenzbedrohend geworden. Die explodierenden Preise bei Erdgas haben nicht nur private Haushalte hart getroffen, sondern auch unsere mittelständischen Unternehmen ins Straucheln gebracht. Es besteht dringender Handlungsbedarf!

Wir von der FDP fordern daher einen umfassenden Maßnahmenkatalog zur Entlastung der Verbraucherinnen und Verbraucher sowie der Betriebe:

Erstens müssen wir schnellstmöglich den sogenannten ""Gaspreisdeckel"" einführen. Dieser soll verhindern, dass die Kostensteigerungen im Energiesektor voll an die Endverbraucher weitergereicht werden. Damit können wir zumindest teilweise gegensteuern.

Zweitens brauchen wir direkte finanzielle Hilfszahlungen vom Staat - gerade einkommensschwache Familien und Rentner sind hierbei besonders zu berücksichtigen. Eine einmalige Soforthilfe könnte ihnen helfen, diese Krise zu meistern.

Drittens muss endlich Schluss sein mit bürokratischem Aufwand! Wir wollen Bürgerversicherungen statt komplizierten Zuschüssen und Förderprogrammen. Das entlastet sowohl Behörden als auch Antragsteller ungemein.

Viertens setzen wir uns dafür ein, dass mehr erneuerbare Energien ausgebaut werden. Nur so können wir langfristig unabhängig von fossilen Brennstoffen werden und damit auch nachhaltig günstige Energiepreise sichern.

Fünftens plädieren wir für einen fairen Wettbewerb unter den Strom- und Gaskonzernen. Monopolstellungen sollten durch staatliche Regulierung abgeschafft oder zerschlagen werden.

Liebe Mitbürgerinnen und Mitbürger,
die aktuellen Herausforderungen sind groß, aber sie lassen sich bewältigen – wenn alle gemeinsam daran arbeiten. Lassen Sie uns mutig und entschieden handeln, um unseren Wirtschaftsstandort Deutschland zu stärken und gleichzeitig jedem Einzelnen gerecht zu werden.

Ich danke Ihnen für Ihre Aufmerksamkeit.","Sehr geehrte Damen und Herren,

ich freue mich sehr über die Gelegenheit heute vor Ihnen sprechen zu dürfen - insbesondere in dieser herausfordernden Zeit für unser Land und unsere Bürgerinnen und Bürger.

Die aktuelle Situation auf den Energiemärkten stellt uns alle vor große Herausforderungen. Die Preise für Erdgas sind explodiert und viele Menschen machen sich Sorgen um ihre Zukunft. Als Freie Demokraten ist es daher unsere Aufgabe, schnell und entschlossen zu handeln und Lösungsansätze zu finden, die sowohl sozial verträglich als auch ökonomisch sinnvoll sind.

Wir müssen sicherstellen, dass niemand Angst haben muss, seine Heizung im Winter nicht mehr anschalten zu können oder sich keine warme Mahlzeit mehr leisten zu können. Gleichzeitig gilt es aber auch, einen kühlen Kopf zu bewahren und langfristig tragbare Wege aus der Krise zu entwickeln.

Zunächst einmal brauchen wir schnelle Entlastungen für einkommensschwache Haushalte sowie Familien mit Kindern. Wir setzen uns dafür ein, das geplante ""Energiegeld"" von 300 Euro pro Person zügig umzusetzen. Darüber hinaus sollte bei der Berechnung der Sozialleistungen wie Hartz IV und Grundsicherung unbedingt berücksichtigt werden, welche Ausgaben durch steigende Energiekosten entstanden sind. Nur so kann gewährleistet werden, dass kein Mensch in Deutschland frieren muss!

Auch Unternehmen benötigen Unterstützung, gerade mittelständischen Betrieben droht ansonsten existenzbedrohliches Ungemach. Hier fordert meine Fraktion einen direkten Zuschuss zur Kompensation gestiegener Energiekosten. 

Langfristige Maßnahmen sehen wir ebenfalls: Eine Reform des Strommarktes hin zu einem funktionierenden liberalisierten Markt ohne staatliche Beimengungen wäre hierbei ein wichtiger Schritt. Dazu gehört auch die Abschaffung der EEG-Umlage und eine Modernisierung unserer Energiespeicherinfrastruktur. Nur wenn wir jetzt investieren, werden wir auch morgen noch wettbewerbsfähig sein.

Um diese ambitionierten Pläne finanzieren zu können, bedarf es zusätzlicher Mittel. Daher plädieren wir als Liberale dafür, den Solidaritätszuschlag endlich abzuschaffen. Es gibt keinen Grund mehr diesen weiterhin einzubehalten – stattdessen sollten wir ihn nutzen, um unseren Bürgern finanziell unter die Arme zu greifen.

Meine Damen und Herren,
die aktuellen Krisenzeiten erfordern besonnenes Handeln gepaart mit mutigen Entscheidungen. Lassen Sie uns gemeinsam daran arbeiten, dass jeder Einzelne gut durch diese schwere Phase kommt! Ich verspreche Ihnen: Die FDP wird alles tun, was in ihrer Macht steht, damit dies gelingen kann.
Vielen Dank.","Sehr geehrte Damen und Herren,

ich möchte heute über das drängende Problem steigender Energiekosten sprechen, insbesondere die explodierenden Preise für Erdgas. Dieses Thema berührt viele Menschen in unserem Land direkt und fühlt sich wie eine Bedrohung an - eine zusätzliche finanzielle Belastung in Zeiten ohnehin schon hoher Inflation.

Die aktuelle Situation auf dem globalen Markt hat dazu geführt, dass wir uns plötzlich wieder stärker von fossilen Brennstoffen abhängig sehen als erwartet. Die Auswirkungen spüren wir alle: Höhere Rechnungen beim Heizen oder Kochen treffen Familien hart, kleine Unternehmen kämpfen um ihre Existenz. Und natürlich müssen auch Städten und Gemeinden Prioritäten setzen bei ihren Investitionen. Es ist klar: Wir brauchen schnell und entschlossen gegenzusteuern!

Deshalb fordert die FDP einen schnellen und unbürokratischen Hilfsfonds vom Bundesfinanzministerium, aus dem Haushalte und Betriebe unkompliziert Unterstützung erhalten können. Ein solcher Fonds könnte beispielsweise gestaffelt nach Verbrauch und Gewerbesteuerhebesatz ausgeschüttet werden – so bekommen gerade einkommensschwächere Haushalte und Mittelständler effektiv Hilfe. Gleichzeitig muss es aber auch langfristige Lösungsansätze geben:

Erneuerbare Energien sind unsere Zukunft! Deshalb treiben wir seit Jahren den Ausbau dieser Technologien voran – ob Solar- und Windenergie oder Wasserstofftechnologie. Damit machen wir uns weniger abhängig von Importen und stabilisieren damit mittelfristig auch die Preisschwankungen am Weltmarkt. Hier wollen wir noch mehr investieren und Anreize setzen, denn nur durch Innovation kommen wir raus aus der Krise!

Wir dürfen nicht zulassen, dass energieintensive Industrien unseres Landes verloren gehen. Dafür benötigen sie Planbarkeit und Sicherheit – genau hier setzt unser Konzept zur gezielten Förderung dieser Schlüsselsektoren an. Nur wenn wir jetzt klug handeln und mutige Schritte Richtung Unabhängigkeit gehen, bleiben Deutschland und Europa wettbewerbsfähig im globalisierten Welthandel.

Lassen Sie mich abschließend sagen: Unsere Aufgabe besteht darin, die Bürgerinnen und Bürger zu entlasten ohne dabei Innovationskraft einzuschränken. Eine Kombination aus kurzfristiger Soforthilfe gepaart mit einem strategischen Blick in die Zukunft – dafür steht die Freie Demokratische Partei. 

Vielen Dank für Ihre Aufmerksamkeit.","Wir haben in den letzten Wochen viel über die Energiekrise gesprochen; das ist auch gut so gewesen. Wir müssen uns aber jetzt auf die nächste Krise vorbereiten: Die Inflation wird steigen – nicht nur im nächsten Jahr, sondern sie hat bereits begonnen. Das heißt, wir werden bald höhere Preise für Lebensmittel erleben. Es gibt schon heute erste Anzeichen dafür bei Fleischprodukten oder Milchprodukten. Und es geht um noch mehr als das: Wenn man sich anschaut, was an Preissteigerungen gerade passiert, dann sieht man, dass diese Preisanhebungen nicht nur kurzfristig sind, sondern dass da langjährige Verträge auslaufen. Ich habe mir mal angesehen, wie lange Stromverträge laufen. Da kann ich sagen: Bei einem Drittel aller Haushalte läuft der Stromvertrag länger als drei Jahre. Was bedeutet das? Das bedeutet, wenn die Preiserhöhungen kommen, dann können Sie erstens nichts dagegen tun, weil Ihre Vertragslaufzeit vielleicht gar nicht abgelaufen ist. Zweitens kommt es dazu, dass viele Menschen ihre Rechnung am Ende des Jahres bekommen, also nachdem die Erhöhung eingetreten ist. Dann sehen sie plötzlich einen großen Sprung von ihrem bisherigen Betrag weg. Viele wissen nicht einmal, welche Kosten sie eigentlich zahlen sollen. Deswegen muss hier etwas getan werden. Aber warum ist das alles passiert? Warum gab es keine Zeit zur Planung? Weil die Bundesregierung seit Jahren versäumt hat, unsere Energiewirtschaft fitzumachen. Seit Jahren reden wir darüber, dass wir endlich die erneuerbare Energie brauchen, damit wir unabhängig vom russischen Erdgas werden. Seit Jahren wurde immer wieder betont, dass die Kohlekraftwerke früher stilllegen sollten. Jetzt stehen wir vor dem Problem, dass genau dieses Kraftwerk fehlte, als die Gaskapazitäten knapp wurden. Diese Regierung hätte längst handeln müssen. Stattdessen hat sie jahrelang geschlafen und verschleppt. Auch beim Ausbau der Windkraft hat sie nichts gemacht. Immerhin hat sie jetzt angefangen, etwas zu machen. Der Ministerpräsident von Schleswig-Holstein hat gestern erklärt, dass er seine Landesregierung verlassen will, weil er glaubt, dass die Ampelkoalition ihn darin behindert, schnell genug neue Windräder hinzubauen. Das zeigt doch ganz deutlich, wo wir stehen. Herr Kollege, erlauben Sie eine Zwischenfrage aus der Fraktion Bündnis 90/Die Grünen? Ja, gerne. Vielen Dank, Frau Präsidentin, vielen Dank, Herr Dr. Lindner, dass Sie meine Frage zulassen wollen. – Ich möchte Ihnen zunächst einmal gratulieren zu Ihrer neuen Position als Oppositionsführer. Herzlichen Glückwunsch! Sie hatten ja einige Monate Gelegenheit, selbst zu regieren. Wie würden Sie denn reagieren, wenn Sie feststellen müssten, dass Ihr Kanzlerkandidat Friedrich Merz sagt: „Ich bin gegen jede Form der Steuersenkung“? Oder würde Ihr neues Selbstbild davon beeinträchtigt sein? Nein, danke schön. – Danach frage ich mich natürlich, ob Sie wirklich verstehen, worüber wir sprechen. Denn es geht nicht um irgendwelche Steuergelder, sondern es geht um Geld, das die Leute jeden Tag verdienen. Jeder Euro, den die Leute verdient haben, gehört ihnen. Es ist ihr Eigentum. Dieses Eigentumsrecht gilt übrigens auch für Unternehmen. Darunter fallen alle Unternehmerinnen und Unternehmer sowie Arbeitgeberinnen und Arbeitgeber. Für all diese Gruppen gilt: Wer hart arbeitet, soll auch hart belohnt werden. Genau das macht unser Entlastungsprogramm. Unser Programm sorgt dafür, dass jeder Einzelne entlastet wird. Das ist wichtig, weil wir sonst Gefahr laufen, dass die Kaufkraft sinkt. Und wer weiß, wozu das führen könnte? Manche Politiker fordern sogar, dass die Lohnabschlüsse zurückgedrängt werden sollen. Andere behaupten, dass die Arbeitslosigkeit durch höhere Preise bekämpft werde könne. Beides stimmt einfach nicht. Höhere Preise bedeuten weniger Konsum, weniger Investitionsentscheidungen und somit auch weniger Beschäftigungsmöglichkeiten. Dahinter steht kein böswilliges Interesse, sondern dahinter steht schlichtweg Ignoranz. Liebe Kolleginnen und Kollegen, wir dürfen nicht vergessen, dass diejenigen, die besonders unter dieser Situation leiden, nämlich Rentnerinnen und Rentner, Kinderlose, Studierende, Azubi­nnen und Azubis sowie Familien mit Kindern, ebenso wenig profitierten wie diejenigen, deren Gehaltseinkommen niedrig ist. All diesen Personenkreisen helfen wir nun. Mit unserem Paket stellen wir sicher, dass niemandem gekürzt wird. Niemand darf Angst haben, seinen Job zu verlieren. Niemand muss befürchten, dass ihm die Wohnung weggibt wird. Wir stärken die Kaufkraft unserer Gesellschaft. Wir geben jedem einzelnen Menschen Sicherheit. Das ist entscheidend. Meine Damen und Herren, liebe Kolleginnen und Kollegen, lassen Sie uns gemeinsam dafür kämpfen, dass Deutschland stark bleibt. Lassen Sie uns gemeinsam dafür kämpfen, dass Deutschland weiterhin ein attraktiver Standort bleiben kann. Lassen Sie uns gemeinsam dafür kämpfen, dass Deutschland auch künftig erfolgreich bleibt. Dafür setzen wir Freidemokraten uns ein. Vielen herzlichen Dank.","Die Bundesregierung hat in den letzten Tagen mehrere Maßnahmen zur Entlastung von Bürgerinnen und Bürgern auf den Weg gebracht: die Energiepauschale für Arbeitnehmer/-innen; das 9-Euro-Ticket als Sofortmaßnahme im ÖPNV-Bereich; die Absenkung der Mehrwertsteuer beim Restaurantbesuch oder auch bei einem Kinobesuch um 3 Prozentpunkte. Das sind alles richtige Schritte – aber sie reichen nicht aus! Die Ampelkoalition muss jetzt endlich handeln. Wir müssen dafür sorgen, dass unsere Bevölkerung durch diese Krise kommt. Es ist klar, wir haben eine massive Inflation vor uns. Sie wird weiter steigen. Der Angriffskrieg Russlands gegen die Ukraine treibt die Preise nach oben. Und ja, es gibt natürlich auch hausgemachte Probleme. Aber ich sage Ihnen ganz deutlich: Diese Regierungszeit darf keine Zeit sein, wo man sich gegenseitig blockiert, sondern diese Regierungszeit muss dazu genutzt werden, gemeinsam Lösungen zu finden. Was wir brauchen, sind schnelle Hilfen, damit Menschen ihre Rechnungen bezahlen können, damit Unternehmen investieren können, damit Arbeitsplätze gesichert bleiben, damit unser Land wirtschaftsstark bleibt. Ich will an dieser Stelle noch mal sagen: Ja, es gab einen Fehler bei der Berechnung der EEG-Umlage. Dieser Fehler wurde korrigiert. Jetzt liegt er wieder da, wo er hingehört, nämlich bei demjenigen, der ihn verursacht hat. Herr Kollege Dröger, gestatten Sie eine Zwischenfrage? Gerne. Vielen Dank, Frau Präsidentin. – Danke schön, Herr Kollege, dass Sie die Frage zulassen. – Erstens möchte ich mich entschuldigen, falls meine Aussage missverstanden worden wäre. Zweitens war mein Punkt, dass die Union hier seit Wochen genau diesen Vorschlag macht und immer wieder fordert, dass wir über die Umsatzsteuersystematik reden sollten. Drittens frage ich Sie: Wie wollen Sie denn die Steuermindereinnahmen kompensieren, wenn wir die Umsatzsteuersystematik ändern würden? Denn dann würde weniger Geld ins System fließen, was bedeutet, dass wir die Minderausgaben, die wir vielleicht dadurch hätten, anderswo kompensieren müssten. Da habe ich mir gedacht, dass Sie sicherlich schon darüber nachgedacht haben, wie wir das machen könnten. Wenn nicht, hätte ich gerne Ihre Idee gehört. Ich freue mich darauf, dass Sie sie vortragen. Herzlichen Dank. Also, zunächst einmal bin ich froh, dass Sie meinen Beitrag richtig interpretiert haben. Mir geht es darum, dass wir schnell helfen müssen. Deswegen finde ich Ihren Einwand etwas merkwürdig. Sie stellen zwei Fragen. Ich werde versuchen, beide zusammenzuführen. Natürlich wissen wir alle, dass wir aktuell unter anderem wegen des Klimawandels höhere Stromkosten haben. Daran kann niemand ernsthaft rütteln. Gleichzeitig sehen wir, dass die Kosten explodieren. Deshalb müssen wir gucken, ob wir dort, wo es möglich ist, entlastend eingreifen. Das heißt, es ging nie darum, dass wir jetzt eine neue Umsatzsteuer-Systematik einführen sollen. Nein, es geht darum, dass wir die bestehende Umsatzsteuer-Systematik so nutzen, dass wir gerade die energieintensive Industrie unterstützen. Genau das tun wir heute. Das ist übrigens kein neues Konzept. Ich weiß gar nicht, wann Sie das letzte Mal mit jemandem geredet haben, der Unternehmensberatung gemacht hat. Bei jeder Beraterleistung spielt die Umsatzsteuer eine Rolle. Warum also sollte das bei der Energiewende nicht funktionieren? Dann kommen Sie zu Ihrem zweiten Teil Ihrer Frage, nämlich: Woher nehmen wir das Geld? Meine Antwort lautet: Aus der kalten Progression. Das Problem dabei ist doch folgendes: Wir haben bereits jetzt ein massives Problem mit der kalten Progression. Alle Experten gehen davon aus, dass wir dieses Jahr zwischen 8 Milliarden Euro und 10 Milliarden Euro zusätzlich eingenommen haben, weil wir einfach die Lohnentwicklung nicht berücksichtigt haben. Das führt dazu, dass viele Leute viel mehr Steuern zahlen, ohne dass ihnen tatsächlich mehr netto vom Brutto bleibt. Umso wichtiger ist es, dass wir jetzt endlich konsequent dagegen angehen. Mit diesem Vorschlag leisten wir gleich drei Dienste: erstens, wir geben sofort Mittel frei, zweitens, wir bekämpfen die kalte Progression, und drittens, wir entfesseln Innovationen. Im Übrigen ist das Ganze sogar europarechtskonform, weil Artikel 98 der MwSt-Richtlinie dies ermöglicht. Damals hatte ich allerdings Schwierigkeiten, diese Richtlinienänderung durchzusetzen. Jetzt sehe ich, dass es klappt. Liebe Kolleginnen und Kollegen, wir stehen am Beginn einer neuen Ära. Wir müssen wegkommen von fossilen Brennstoffen hin zu regenerativ gewonnenen Energielösungen. Das ist gut für unseren Planeten. Das ist gut für unsere Gesellschaft. Das ist gut für unsere Volkswirtschaft. Das ist gut für jeden einzelnen Menschen in unserem Land. Aber wir dürfen nicht vergessen, dass jede Veränderung ihren Preis hat. Deswegen müssen wir dafür sorgen, dass jeder Mensch in Deutschland seinen Platz findet. Wir müssen dafür sorgen, dass Unternehmen Investitionsentscheidungen treffen. Und wir müssen dafür sorgen, dass Deutschland stark bleibt. Das ist unsere Aufgabe. Herzlichen Dank.","Dass wir heute über die Energiewende reden müssen, ist eigentlich nichts Neues; denn seit Jahren machen Sie es sich in diesem Haus zur Aufgabe – auch hier von den Grünen wiederholt gefragt worden -, dass das sozusagen Ihr Hauptthema sei. Es wird immer nur auf die Erneuerbaren verwiesen: Ja, da müsse man was tun. Aber wenn man dann konkret nachfragt: Was? Wie genau geht das voran? Wo gibt es Probleme?, kommt meistens gar keine Antwort oder irgendwelche Ausflüchte. Das muss ich einfach sagen. Wir haben einen Energiebedarf im Lande. Dieser Energiebedarf soll erzeugt werden. Da kann man nicht einfach so nebenbei hoffnungsvoll an etwas herumwurschteln, sondern man muss handlungsfähig sein, meine Damen und Herren. Und ja, liebe Kolleginnen und Kollegen, wir als Freie Demokraten stehen für Veränderungsbereitschaft bei dieser Frage der Energiesicherheit, aber eben auf Basis von Fakten. Dazu gehört natürlich, einmal festzuhalten, wo wir aktuell stehen. Ich will jetzt mal ganz kurz zusammenfassen: Der Anteil der Stromproduktion aus Windenergie lag letztes Jahr, also 2022, bei etwa 27 Prozent. Vor zehn Jahren waren es noch fast doppelt so viel, nämlich ungefähr 54 Prozent. Die Photovoltaik hat ihren Beitrag sogar halbiert, vom damaligen Wert von gut einem Viertel auf gerade mal knapp 12 Prozent. Dann sehen wir uns doch bitte die Fragen „Woher kommen diese Schwankungen?“ und „Wie können wir sie kompensieren?“ genauer an. Herr Kleinwächter, gestatten Sie eine Zwischenfrage von Frau Priska Hinz? Bitte sehr. Danke schön, lieber Andreas Bleck! Liebe Frau Priska Hinz, vielen Dank erstmal für Ihre Einlassungsrede. Ich habe mir schon gedacht, ob ich Ihrer Rede folgen sollte, weil ich mich fragte, wie oft Sie Ihren Text gelesen hatten. Denn Sie sagten am Anfang Ihrer Rede: Im Grunde sind wir alle darin übereinstimmt, dass wir mehr Windkraft brauchen … Dabei haben Sie vergessen anzumerken, dass wir als Koalitionsparteien bereits beschlossen haben, innerhalb dieses Jahres um mindestens 1 Gigawatt neue Leistung zusätzlich bereitzustellen. Also, vielleicht sollten wir beim nächsten Mal darüber diskutieren, warum Sie diesen Beschluss ignorieren. Herzlichen Glückwunsch dazu! Als Nächstes wollen wir versuchen herauszufinden, wer dafür verantwortlich ist, dass diese Zahlen so schleppend angewachsen sind bzw., andersrum gesagt: Wer hat dazu beigetragen, dass wir diese Entwicklung hatten? Meine Damen und Herren, lassen Sie mich Ihnen mal ein paar Beispiele nennen. Wenn wir uns anschauen, welche Lobbys in Deutschland besonders stark sind und entsprechenden Druck ausüben, stellt man schnell fest, dass die meisten davon dem Klimaschutz abträglich sind. Zum Beispiel gab es massive Lobbyarbeit gegen die Absenkung des Grenzwerts für Stickoxidemissionen in Dieselautos durch die EU-Kommission. Das hätte bedeutete, dass weniger Autos verkauft würden. Oder nehmen wir die Automobilindustrie allgemein: Obwohl ihre Produkte für den Fortschritt essenziell wichtig gewesen wären, wurden Förderprogramme gekürzt. Man wollte unabhängiger von Russland werden; aber selbst dabei wurde alles blockiert. Warum? Weil jeder einzelne Verbrennerverkauf Geld kostet. Des Weiteren gab es Blockaden bezogen auf Biogasanlagen. Auch dort ging es nur ums Geld. Und last but not least: Für den Bau von Wasserstoffinfrastrukturen fehlen Milliarden Euro. Diese Liste könnte ich ewig weiterführen. So viele Beispiele zeigen doch eines deutlich: In unserem Land passierte lange Zeit nichts im Sinne unseres nationalen Interesses, nichts im Sinne unserer Bürgerinnen und Bürger, nichts im Hinblick darauf, unseren Planeten und unsere Umwelt besser zu erhalten. Stattdessen wurde ständig gebremst und gehandicapt. Genau darunter leiden nun Menschen, Unternehmen, Familien und Kommunen gleichermaßen. Jetzt kommt aber endlich Bewegung rein. Seit Monaten gehen Tausende Bürgerinnen und Bürger auf die Straße, um für eine bessere Zukunft einzukommen. Verteidigt werden müssen nur noch diejenigen, deren Geschäftszwecke klimafreundliche Innovationen behindern, statt ihnen freizugeben. Kommen Sie bitte zum Schluss. Damit bin ich fertig. Ich komme gleich zum Ende. – Ich möchte abschließend betonen, dass wir als Freie Demokratische Fraktion konstruktive Lösungen finden möchten. Schließlich wollen wir gemeinsam mit allen Seiten dafür sorgen, dass wir eine erfolgreiche Transformation hinbekommen. Vielen Dank."
AfD,Mindestlohn,"Sehr geehrte Damen und Herren,

wir von der Alternative für Deutschland stehen fest an der Seite aller Arbeitnehmerinnen und Arbeitnehmern in diesem Lande. Denn wir sind überzeugt: Jeder Mensch hat das Recht auf einen Lohn, der ihm ermöglicht, menschenwürdig zu leben.

Leider sehen die Realitäten oft anders aus. Viele Menschen arbeiten hart, doch ihre Bezahlung reicht kaum zum Leben - geschweige denn zur Altersvorsorge oder um sich etwas leisten zu können. Das ist nicht nur unanständig gegenüber den Betroffenen selbst, sondern auch volkswirtschaftlich kontraproduktiv. Wer wenig verdient, kann weniger konsumieren und investieren – das schwächt unseren Standort!

Der gesetzliche Mindestlohn war daher ein wichtiger Schritt hin zu mehr Gerechtigkeit am Arbeitsmarkt. Doch leider bleibt er deutlich hinter dem zurück, was nötig wäre. Er liegt bei lächerlichen 9,60 Euro pro Stunde! Damit wird niemandem geholfen, im Gegenteil: Die Kaufkraft stagniert, während die Preise steigen. Und viele Unternehmen nutzen ihn als Druckmittel, um reguläre Jobs durch Leiharbeit zu ersetzen.

Wir fordern daher:
1. Anhebung des Mindestlohns auf mindestens 12 Euro pro Stunde.
2. Einführung eines flächendeckenden allgemeinverbindlichen Tarifvertrags nach Schweizer Vorbild.
3. Abschaffung der sachgrundlosen Befristungen und Ausnahmen beim Kündigungsschutz.
4. Verbot von Werk- und Zeitverträgen ohne Sachgrund sowie Begrenzung ihrer Laufzeit auf maximal zwei Jahre.
5. Keine weiteren Einschränkungen des Betriebsratsrechts zugunsten der Unternehmer.

Nur so lässt sich verhindern, dass immer mehr Beschäftigte prekär abhängig werden und unsere Sozialsysteme dauerhaft belastet bleiben. Nur so stärken wir den Mittelstand und machen unser Land zukunftsfähig. Dafür kämpft die AfD entschieden - für faire Löhne, gute Arbeit und echtes Aufstiegsversprechen!

Vielen Dank.","Sehr geehrte Damen und Herren,

ich freue mich sehr über die Gelegenheit heute vor Ihnen sprechen zu dürfen. Als Mitglied der Alternative für Deutschland ist es mir wichtig, dass wir uns gemeinsam auf den Weg machen, um unsere Arbeitswelt gerechter zu gestalten.

Ein zentraler Punkt dabei ist meiner Meinung nach der Mindestlohn. Wir alle wissen: Arbeit muss sich lohnen! Doch leider sieht die Realität oft anders aus. Viele Menschen arbeiten hart, verdienen aber trotzdem nicht genug, um davon leben zu können. Das kann so nicht weiter gehen!

Die Forderungen sind klar: Der gesetzliche Mindestlohn muss erhöht werden - sofort und deutlich! Nur wenn wir dafür sorgen, dass jeder Mensch von seiner Arbeit auch wirklich gut leben kann, haben wir eine Chance auf mehr Gerechtigkeit in unserem Land. 

Natürlich gibt es immer wieder Stimmen, die sagen, höhere Löhne würden Jobs gefährden oder Unternehmen ins Ausland treiben. Aber das halte ich für Unsinn! Die meisten Betriebe wären froh, ihre Mitarbeiter fair bezahlen zu können. Und wer ehrlicherweise sagt, er könne einen angemessenen Lohn nicht zahlen, sollte vielleicht lieber seine Geschäftsmodelle hinterfragen anstatt auf Kosten anderer Profite einzufahren.

Wir als AfD stehen für echten Sozialstaat statt Almosenverteilung. Dazu gehört auch, allen Bürgern durch faire Bezahlung Teilhabe am Wohlstand unseres Landes zu ermöglichen. Ein existenzsichernder Mindestlohn wäre hierfür ein wichtiger Schritt. Deshalb fordert meine Fraktion schon lange dessen Anhebung auf mindestens 12 Euro pro Stunde.

Gleichzeitig müssen wir jedoch auch andere Aspekte im Blick behalten: Langzeitarbeitslose brauchen besondere Unterstützung beim (Wieder-)Einstieg in den Berufsalltag. Hier gilt es gezielte Förderprogramme zu entwickeln und bestehende Angebote besser miteinander zu vernetzen. Auch Praktika und Weiterbildungsmaßnahmen sollten stärker unterstützt werden, um Qualifikationen aufzubauen und Beschäftigungschancen zu verbessern.

Nur gemeinsam kommen wir voran! Mit Mut zur Veränderung, Entschlossenheit gegen Ungerechtigkeiten anzugehen und dem festen Willen, niemand zurücklassen. Packen wir's an – für eine Zukunft, in der Arbeit endlich wieder Sinn macht! Vielen Dank.","Sehr geehrte Damen und Herren,

ich freue mich sehr über die Gelegenheit heute vor Ihnen sprechen zu dürfen. Als Mitglied des deutschen Bundestags vertrete ich die Alternative für Deutschland (AfD) und möchte in meiner heutigen Rede das Thema ""Mindestlöhne"" näher beleuchten.

Die Einführung von gesetzlichen Mindestlöhnen war ursprünglich als Schutzmaßnahme gegen Lohndumping gedacht. Doch wie sich zeigt, hat diese Maßnahme eher kontraproduktive Effekte gehabt: Sie verhindert nicht nur den sozialen Aufstieg durch Arbeit, sondern führt auch dazu, dass viele Menschen arbeitslos werden oder ihre Arbeitszeit reduzieren müssen.  

Ein Blick auf die Statistiken verdeutlicht dies eindrucksvoll: Seit Einführung des Mindestlohns sind mehr als 500.000 Jobs verschwunden - insbesondere im Niedriglohnsektor. Und trotzdem reicht selbst der höchste aktuelle Mindestlohn oft nicht aus, um davon leben zu können!

Wir sagen klar Nein zur weiteren Erhöhung des Mindestlohns! Denn jede weitere Anhebung wird noch mehr Beschäftigung vernichten – gerade bei Geringverdienern! Wir wollen stattdessen faire Lohnfindung nach Tarifverträgen stärken statt staatliche Planwirtschaft betreiben.

Außerdem fordern wir eine Flexibilisierung des Arbeitsmarktes, damit Unternehmen flexibel auf Konjunkturflauten reagieren können ohne gleich Mitarbeiter entlassen zu müssen. Kurzarbeit sollte dabei ebenso ermöglicht werden wie befristete Verträge - solange sie im gegenseitigen Einvernehmen abgeschlossen wurden.

Es ist unsere Überzeugung, dass jeder Mensch unabhängig vom Alter einen gerechten Anteil an unserem gemeinsamen Wohlstand haben muss. Daher setzen wir uns dafür ein, dass alle Steuer- und Sozialversicherungsbeiträge gleichermaßen gezahlt werden, egal ob man geringfügig beschäftigt ist oder voll erwerbstätig. Nur so kann gewährleistet werden, dass niemand zurückgelassen wird.

In diesem Sinne appelliere ich an Sie: Stimmen Sie mit mir überein, dass es Zeit ist, neue Wege einzuschlagen! Es braucht mutige Reformen für eine Zukunft, in der jeder Mensch seine Talente bestmöglich einbringen und seinen Lebensunterhalt selbst erwirtschaften kann. Dafür kämpft die AfD - für jeden einzelnen Bürger unseres Landes!

Vielen Dank für Ihre Aufmerksamkeit.","Die Bundesregierung hat sich in den letzten Jahren nicht nur durch die Einführung von Hartz IV einen Namen gemacht; sie ist auch für ihre zahllosen Gesetzesverschärfungen bekannt geworden – vor allem im Bereich der Strafgesetzgebung. Und wenn man dann noch bedenkt, dass diese Regierungsarbeit unter dem Motto „Wachsende Sicherheit“ steht, kann einem schon angst und bange werden. Denn was heißt das eigentlich? Ist es so etwas wie: mehr Polizei auf unseren Straßen oder gar härtere Urteile bei Verbrechen? Nein! Es bedeutet nichts anderes als immer neue Versuche, uns Bürgerinnen und Bürger weiter einzuschränken und unsere Freizügigkeit zu beschneiden. Die jährliche Novellierung des Betäubungsmittelgesetzes bietet dafür wieder einmal Gelegenheit. So will Justizminister Heiko Maas jetzt beispielsweise Cannabisbesitz ab einer Menge von fünf Gramm strafbar machen. Das sind ungefähr zwei Tütchen Haschisch. Damit würde er aber keineswegs nur kleine Konsumenten treffen, sondern ebenso alle anderen Drogenkonsumenten, da ja jeder Kiffer früher oder später mal an größere Mengen rankommt. Auch diejenigen, die lediglich Bescheid wissen über solche Geschäftemacher, würden kriminalisiert. Aber damit nicht genug: Der Minister möchte sogar den Handel mit sogenannten Legal Highs verbieten lassen. Diese Substanzen enthalten zwar synthethische Cannabinoide, wirken aber anders als herkömmliches Gras. Sie sollen angeblich weniger gefährlich sein und haben daher keine Zulassung. Da viele dieser Stoffe allerdings sehr billig produziert werden können, wird ihr Konsum natürlich zunehmen. Deshalb wollen Herr Maas und seine Kolleginnen und Kollegen nun dagegen vorgehen. Doch wer glaubt denn ernsthaft daran, dass dadurch irgendeine Suchterkrankung verhindert werden könnte? Wer meint wirklich, dass Menschen, denen es egal ist, ob sie legal oder illegal konsumieren, plötzlich umschwenken könnten, weil ihnen der Zugang erschwert wurde? Ich jedenfalls bin mir sicher, dass dies niemand tut. Stattdessen wird einfach nach Alternativen gesucht. Vielleicht fällt dann der Blick auf andere Rauschmittel, vielleicht auch auf Alkohol. Dieser führt nämlich ebenfalls zur Entgleisung, macht süchtiger und zerstört Leben. Dennoch gibt es hierzulande keinen Ansatzpunkt, ihn irgendwie einzudämmen. Warum also soll ausgerechnet beim Hanfanbau gestoppt werden? Weil die Politik Angst hat vor den Lobbyisten der Pharmaindustrie? Oder liegt es doch eher am Geld? Schließlich bringt der Anbau von Nutzpflanzen viel Profit. Immerhin handelt es sich dabei um eine Industriepflanze, deren Wertstoffe vielseitige Einsatzgebiete finden. Obwohl die Pflanze selbst kaum psychoaktiv wirkt, enthält sie wertvolle Inhaltsstoffe, die etwa in Kosmetika verwendet werden. Außerdem lässt sie sich hervorragend zur Herstellung von Papier eignen. Darüber hinaus findet sie ihren Weg in Lebens- und Futtermitteln sowie in Medizinprodukten. Insgesamt gesehen wäre es also falscher Alarm, wenn man behauptete, dass Cannabis harmloser sei als andere legale Drogen. Allerdings sollte man auch nicht vergessen, dass illegales Marihuana oft minderer Qualität ist und somit höhere Risiken birgt. Wenn ich mich recht entsinne, war genau dieses Argument maßgeblich dafür, dass die Grünen damals gegen die Legalisierung waren. Nun scheinen sie jedoch umgeschworen zu sein. Wie sonst ließe sich erklären, dass sie heute für die Legalisierung kämpfen? Offensichtlich haben sie gemerkt, dass die Prohibitionspolitik kein Erfolg versprechender Weg ist. Meiner Meinung nach sollten wir diesen Schritt endlich gehen. Wir müssen weg vom Schwarzmarkt hin zu regulierten Märkten. Nur so können wir kontrollierte Produkte garantieren und gleichzeitig die Produzenten absichern. Gleichzeitig muss aber auch klar sein, dass jede Droge ihre Gefahren birgt. Daher darf es nie dazu kommen, dass jemand seinen Job wegen seiner Vorliebe für bestimmte Genussmittel verliert. Einzig und allein der persönlichen Entscheidungsfreiheit kommt Bedeutung zu. Jeder Mensch muss frei darüber bestimmen dürfen, welche Mittel ihm helfen, besser mit seinem Leben zurechtzukommen. Er muss selbst entscheiden können, welches Produkt er nutzen möchte. Eine Verbesserung unserer Situation erreichen wir übrigens nur, indem wir uns gemeinsam für die Absenkung der Steuern auf Tabakprodukte starkmachen. Lassen Sie uns also zusammenarbeiten, um unser Ziel zu verwirklichen. Herzlichen Dank.","Die Anhebung des gesetzlichen Mindestlohns auf brutto 12 Euro pro Stunde ist für die AfD-Fraktion nicht nur kein richtiger Schritt; sie ist aus unserer Sicht auch falsch und wird in vielen Fällen sogar kontraproduktiv sein – das hat meine Kollegin schon ausgeführt –: Kontraproduktiv werden diese Maßnahmen vor allem dann sein, wenn es um sozialversicherungspflichtige Beschäftigung geht. Denn hier gilt nach wie vor der Grundsatz „Arbeit muss sich lohnen“. Und Arbeit muss sich ebenso lohnen wie Hartz-IV-Leistungen. Das heißt, wer arbeiten will oder arbeitslos geworden ist und einen Job sucht, darf dafür keinesfalls bestraft werden. Er sollte vielmehr durch zusätzliche Einkommen motiviert werden, wieder ins Berufsleben einzusteigen bzw. überhaupt erst hineinzukommen. Deshalb sind wir als AfD gegen jede Art von Lohnuntergrenze im Rahmen der Sozialgesetzbücher II und III. Aber selbst bei den sogenannten geringfügig entlohnten Arbeitsverträgen stellt dieser Gesetzentwurf keine Verbesserung dar, sondern eher eine Verschlimmerung der Situation. Zwar soll der Stundenlohn angepasst werden, aber gleichzeitig sollen die Freibeträge beim Bezug von ALG I und II reduziert werden. Dieser Entschluss widerspricht jeglicher Logik. Hierdurch verlieren nämlich gerade Geringverdiener an Kaufkraft und damit noch mehr Geld. Die Folge wäre also weniger statt mehr Netto vom Brutto. Dass manche Fraktionskollegen genau diesen Unsinn unterstützen wollen, zeigt mir einmal mehr, dass Sie weder wissen noch verstehen, was Sie da eigentlich tun. Dabei gibt es doch ganz einfache Lösungsansätze zur Problemlösung. Wir brauchen endlich echte Tarifautonomie! Keiner kann uns erklären, warum der Kellner am Nachbartisch trotz gleichen Jobs unterschiedliches Gehalt bekommen soll. Eine solide Ausbildung, Leistungsbereitschaft und Fleiß müssen belohnt werden und dürfen nicht länger benachteiligt werden. Außerdem benötigen wir dringend eine Reformierung unseres Rentensystems. Derzeit zahlt jeder Arbeitnehmer monatlich fast 1 000 Euro allein an Steuern und Sozialabgaben, ohne etwas davon zurückzubekommen. Diese Summe könnte stattdessen direkt dem einzelnen Arbeitgeber zugehen, sodass er seinen Mitarbeitern deutlich höhere Nettolöhne bezahlen könnte. Damit würde er ihnen ermöglichen, privat Vorsorge zu treffen und somit eigene Altersvorsorgen aufbauen zu können. Ein weiterer wichtiger Punkt betrifft die Kinderbetreuungskosten. Jährlich geben Eltern etwa 100 Milliarden Euro für die Betreuung ihrer Kleinen aus. Auch dies könnte eingespart werden. Stattdessen sollten Familien staatlich geförderte Sparpläne erhalten, um ihre Kinder finanziell abzusichern. In diesem Zusammenhang möchte ich darauf hinweisen, dass die AfD bereits zwei entsprechende Gesetzesentwürfe vorgeschlagen hatte, welche leider bisher ignoriert wurden. Es besteht jedoch Hoffnung, dass sich dies bald ändert. Mit unserem neuen Koalitionspartner haben wir jetzt jedenfalls jemanden gefunden, der unsere Position teilt und bereit ist, gemeinsam mit uns Politik zu machen. Ich bin daher sehr optimistisch, dass wir zusammen vieles erreichen können. Vielen Dank.","Die Arbeitslosenquote in Deutschland ist im vergangenen Jahr auf das Rekordtief von nur noch 5 Prozent gesunken – die Zahl aller Erwerbstätigen um fast 2 Millionen gegenüber dem Vorjahr gestiegen; auch bei den Ausländern sind es immerhin rund 300 000 mehr als vor einem Jahr geworden. Das alles zeigt: Die gute wirtschaftliche Lage hat sich positiv auf unseren Arbeitsmarkt ausgewirkt. Gleichzeitig sinkende Sozialleistungen für Hartz-IV-Empfänger haben zusätzlich zur Schaffung neuer Jobs beigetragen. Diese positive Entwicklung müssen wir jetzt nutzen, liebe Kolleginnen und Kollegen. Dazu gehört aber ebenso wie höhere Löhne natürlich auch eine stärkere Berücksichtigung unserer eigenen Interessen sowie die Verhinderung einer weiteren Zunahme der Einwandererzahlen. Denn sonst kann diese Situation schnell wieder kippen. Die guten Konjunkturdaten können nicht darüber hinwegtäuschen, dass unsere Volkswirtschaft nach wie vor viele strukturelle Schwachstellen aufweist. Daran ändert auch nichts, wenn Sie hier versuchen, uns anderes weiszumachen. Ich will Ihnen mal sagen, worauf ich mich dabei konzentriere. Es gibt nämlich ganz offensichtlich einige Problembereiche, über die man gar nicht so oft genug reden sollte. Da wäre zunächst einmal unser Bildungsstandort. Hier wird ja häufig behauptet, er sei hervorragend oder zumindest sehr gut. Aber leider entspricht dies nicht den Tatsachen, meine Damen und Herren. In keinem anderen Land der Europäischen Union gehen jährlich deutlich weniger Menschen ohne Schulabschluss ins Berufsleben, als bei uns der Fall ist. Und trotzdem sehen wir tagtäglich einen Mangel an Fachkräften. Auch bei den Studienabbrechern liefern wir europaweit keine Top-Leistung ab, was ebenfalls dafür spricht, dass wir dringenden Handlungsbedarf beim Thema Bildungspolitik haben. Der zweite Bereich betrifft die Infrastruktur dieses Landes. Trotz steigender Einnahmen sieht sie erbarmungswürdig aus. Straßen, Brücken, Bahnlinien usw.: Überall klaffen riesige Investitionslöcher. Jeder Autofahrer weiß davon etwas. Wenn er morgens losfahren möchte, dann stehen ihm wahrscheinlich jede Woche irgendwo Staus entlang seiner Route bevor, weil Straßen saniert werden sollen oder vielleicht sogar neu gebaut werden müssen. Für Unternehmen bedeutet das große Umstände bei ihren Lieferketten bzw. Transportproblematiken. Werden solche Baustellen übrigens während der Sommermonate angelegt, dann droht außerdem Gefahren durch Unfallverletzte wegen Hitze am Asphalt. Man muss sich also schon fragen, ob da wirklich jeder Euro richtig ausgegeben wurde, meine Damen und Herren. Wir wissen doch alle längst, dass wir endlose Debatten über Diesel-Fahrverbote brauchten, damit nun Geld flüssiger gemacht wird, um die marode Infrastruktur wenigstens teilweise instand setzen zu lassen. Warum konnte das eigentlich erst passieren? Warum gab es nicht einfach einen vernünftigen Fahrplan für notwendige Sanierungsmaßnahmen? Immerhin wurden seit Jahren Milliardenbeträge an Steuergeldern verbrannt. Herr Minister Scheuer, warum gelingt es Ihrer Behörde denn nicht, einen Plan A oder B zu entwickeln, der dazu führt, dass die Probleme dieser Welt tatsächlich schneller beseitigt werden, statt ewiges Geplänkel und Debattiertes herbeizuführen? Meine Damen und Herren, der dritte Punkt sind unsere öffentlichen Haushalte, besonders der Bundeshaushalt. Ja, es stimmt, dass sich die Finanzlage Deutschlands aktuell recht stabil präsentiert. Dennoch besteht akuter Anlass zur Sorge. Allein die Kosten für Flucht und Migration belasteten laut Statistik des Bundesfinanzministeriums Ende letzten Jahres bereits knapp 21 Milliarden Euro. Davon waren gut 16 Milliarden Euro neue Aufgaben – neue! – für den deutschen Staatshaushalt. Was heißt das konkret? Nur die Ausgabebereiche „Zuwanderung“, „Flucht“ und „Migration“ verschlingen mittlerweile genau dieselbe Summe wie die Gesamtausgaben für Arbeit und Soziales zusammen. Bei den Asylbewerberleistungen etwa sind die Belastungen im Vergleich zu 2014 um sage und schreibe 400 Prozent angewachsen. Allerdings rechnete damals niemand ernsthaft damit, dass wir diesen Wert innerhalb kürzerster Zeit vervielfachen könnten. Liebe Kolleginnen und Kollegen, diese aktuellen Zahlen zeigen mir jedenfalls eindrucksvoll, dass wir wohl besser daran täten, allzu großzügig geführte Kassenregelungen sofort einzudampfen, indem wir beispielsweise das Recht auf Bargeld abschaffen würden. Außerdem sollten wir uns intensiver Gedanken machen, welche Leute unabhängig vom Motiv ihrer Ankunft wir in diesem Land überhaupt benötigen. Wenn wir festgestellt hätten, dass es tatsächlich echter Not bedurfte, dann hätte sicherlich keiner von uns etwas dagegen gehabt. Dann allerdings hätten wir viel früher begonnen, diese Not abzuschaffen. Dabei spielt es meiner Meinung nach absolut keine Rolle, woher jemand kommt, sondern wer ihn geschickt hat. Kommen wir zurück zu unserem aktuellen Problem. Als Politiker bin ich daher gerne bereit, Maßnahmen zu unterstützen, die helfen, die Kosten zu senken und gleichzeitig den Betrug effektiver bekämpfen. Solange aber illegale Grenz­übertritte strafbar bleiben und gleichzeitig diejenigen, die illegal eingeflogen kommen, faktisch keinen Grund zur Rückkehr erhalten, dürfte jegliches Einsparpotenzial eher gering sein, meine Damen und Herren. Dies gilt selbstredend auch für das Dublin-Verfahren, dessen Reglementierung meines Erachtens kaum Sinn macht. Sehr geehrtes Plenum, ich komme zum Schluss. – Zur Verbesserung des Zustands unserer Gesellschaft würde ich empfehlen, dass sich die CDU/CSU-Bundestagsfraktion gemeinschaftlicher mit der AfD für die Erfassung der volksfremd orientierten Zuwanderer aussprechen soll. Vielen Dank."
AfD,Bundeswehreinsatz im Kosovo,"Sehr geehrte Damen und Herren,

ich möchte heute über einen wichtigen Aspekt unserer Sicherheits- und Verteidigungspolitik sprechen: den Einsatz der Bundeswehr im Kosovo.

Die Situation in diesem Land ist nach wie vor angespannt. Trotz Fortschritten bei der Stabilisierung gibt es immer noch erhebliche Herausforderungen. Insbesondere die ethnischen Spannungen zwischen Albanern und Serben bestehen weiterhin fort. Hinzu kommen Korruption und organisierte Kriminalität, welche das friedliche Zusammenleben erschweren.

Der Beitrag Deutschlands zur internationalen Friedenssicherung und Konfliktprävention durch den Einsatz von Soldatinnen und Soldaten der Bundeswehr im Rahmen der NATO-Mission ""KFOR"" trägt dazu bei, diese Probleme einzudämmen. Unser Ziel bleibt es, einen dauerhaften Frieden und stabile Verhältnisse im Kosovo sicherzustellen.

Es geht darum, die Souveränität und territoriale Integrität dieses jungen Staates zu stärken sowie Minderheitenrechte zu schützen. Wir setzen uns für gute Nachbarschaft und Kooperation zwischen allen Bevölkerungsgruppen ein - unabhängig ihrer ethnischer Zugehörigkeit oder Religion.

Gleichzeitig müssen wir realistisch sein: Der Weg hin zu einem stabilen multiethnischen Gemeinwesen wird lang dauern. Die internationale Präsenz muss daher aufrecht erhalten bleiben, um Fortschritte zu sichern und Rückschlägen entgegenzuwirken.

Deutschland hat als größter Truppensteller unter dem Dach der EU und NATO eine besondere Verantwortung. Unsere Soldatinnen und Soldaten leisten dort einen wertvollen Dienst am Frieden und tragen maßgeblich zur Stabilität in dieser Region bei. 

Ich danke ihnen ausdrücklich für ihren Einsatz!

Wir werden auch künftig unseren Teil dazu beitragen, dass sich die Lage im Kosovo verbessert und weitere Schritte Richtung Normalität gegangen werden können. Dabei dürfen wir nicht zögern, unsere Interessen klar zu vertreten – sowohl gegenüber Belgrad als auch innerhalb der kosovarischen Gesellschaft selbst.

Lassen Sie mich abschließend betonen: Eine starke Bundeswehr ist unabdingbar für unser Land und seine Bürgerinnen und Bürger. Nur wenn sie gut ausgestattet und motiviert ist, kann sie ihre Aufgaben effektiv erfüllen. Deshalb werde ich mich dafür stark machen, dass dies so bleibt.

Vielen Dank für Ihre Aufmerksamkeit!","Sehr geehrte Damen und Herren,

ich möchte heute über einen Aspekt unserer Sicherheits- und Verteidigungspolitik sprechen, den ich für zentral halte: Den Einsatz deutscher Soldatinnen und Soldaten in Krisengebieten wie dem Kosovo.

Die Situation dort ist seit vielen Jahren angespannt. Serben und Albaner leben nicht selten unversöhnlich nebeneinander her. Es gab immer wieder Ausbrüche von Gewalt zwischen beiden Bevölkerungsgruppen. Die Lage war so instabil, dass die Vereinten Nationen 1999 entschieden, NATO-Truppen einzusetzen - auch deutsche Truppen waren dabei. 

Heute sind wir noch immer präsent. Unsere Aufgabe besteht darin, Stabilität zu gewährleisten, Konfliktparteien voneinander fernzuhalten und bei der Integration verschiedener Volksgruppen behilflich zu sein. Das mag auf den ersten Blick nach einem schwierigen Unterfangen klingen. Aber es zeigt sich, dass unsere Präsenz Früchte trägt. Inzwischen gibt es deutliche Fortschritte beim Abbau ethnischer Spannungen. Junge Menschen aus verschiedenen Gemeinden arbeiten zusammen, lernen gemeinsam und blicken optimistisch in die Zukunft.  

Diese Erfolge sollten uns Mut machen weiterhin unseren Beitrag zur Friedenssicherung zu leisten – gerade wenn man bedenkt welche Schrecken Krieg bedeutet. Wir dürfen nie vergessen was passiert wäre, hätte es keine internationale Intervention gegeben. Hunderttausende wären um ihr Leben gekommen, Millionen vertrieben worden. Deshalb sage ich ganz klar: Ja, Deutschland muss seine Verantwortung weltweit wahrnehmen! 

Gleichzeitig müssen wir aber auch sicherstellen, dass unser Engagement sinnvoll bleibt. Dafür braucht es klare Ziele, realistisches Zeitmanagement sowie effektive Kontrolle durch das Parlament. Nur dann kann der Einsatz langfristig erfolgreich sein. Und nur dann werden ihn die Bürger akzeptieren und unterstützen. Denn letztendlich geht es darum ihre Interessen zu vertreten. Ihre Sorgen ernst nehmen heißt auch dafür Sorge tragen, dass solch immense Belastungen gerecht verteilt werden und am Ende wirklich etwas erreicht wird.
Vielen Dank.","Sehr geehrte Damen und Herren,

ich möchte heute über einen wichtigen Punkt sprechen: den Einsatz unserer Bundeswehr in Mazedonien.

Die Situation dort ist seit Jahren angespannt. Serbisch dominierte Kräfte versuchen immer wieder, die albanischen Teile des Landes unter ihre Kontrolle zu bringen. Es gibt Gewalt gegen Zivilisten, Vertreibung von Familien aus ihren Häusern - all das muss ein Ende haben!

Unsere Soldatinnen und Soldaten leisten vor Ort wertvolle Arbeit. Sie sichern humanitäre Hilfskonvois ab, verhindern dass Unruheherde auf benachbarte Länder übergreifen. Und sie helfen bei der Ausbildung der mazedonischen Armee – damit diese selbst für Sicherheit sorgen kann.

Klar ist aber auch: Der KFOR-Einsatz allein reicht nicht. Wir müssen Druck machen auf Belgrad, seine aggressive Politik einzustellen! Keine Anerkennung solange es weiterhin ethnische Säuberungen gibt!
Wir dürfen nicht zulassen, dass sich Geschichte wiederholt.
Zusammenarbeit ja - aber nur wenn Serben und Albaner gleichberechtigt zusammen leben können.

Meine Damen und Herren,
wir sind stolz auf unsere Bundeswehrsoldaten im Kosovoeinsatz. Für Frieden, Stabilität und Menschenrecht gehen sie persönliche Risiken ein. Das verdient unseren Dank und Respekt!
Aber wir dürfen uns auch nichts vormachen:
Solange es keine gerechte Lösung zwischen den Volksgruppen gibt, wird der Konflikt schwelen. Deshalb fordere ich zusätzlichen diplomatischen Druck auf serbisches Regime - um endlich Fortschritte zu erzielen.
Nur so können wir gewährleisten, dass unser Engagement Früchte trägt und zur langfristig stabilen Entwicklung beiträgt.
Ich danke Ihnen.","Die Vorgeschichte dieses Einsatzes ist bekannt: Im März 1999 wurde die damalige jugoslawische Provinz Kosovo von den NATO-Staaten bombardiert; das war illegal nach dem geltenden Recht – aber es hat sich niemand darum geschert! Es gab keine UN-Mandatierung für diesen Angriffskrieg gegen Jugoslawien. Die Folgen sind noch heute spürbar in diesem Lande. Der KFOR-Einsatz begann am 12. Juni 2000 als Friedensmission unter Führung der Vereinten Nationen auf Grundlage des Sicherheitsratsbeschlusses Nr. 1244 vom 10. Juni 2000. Das Mandatsziel bestimmt sich aus Artikel 2 Abschnitt A dieser Resolution. Danach soll die internationale Gemeinschaft sicherstellen, dass die serbischen Kräfte vollständig abziehen und alle international anerkannten Ziele erreicht werden können. Diese Mission wird seitdem fortgesetzt durch Beschluss des Sicherheitsrates vom 28. Februar 2011 zur Verlängerung des Mandates um weitere zwölf Monate. Diesem Beschluss folgten zahllose weitere Beschlüsse über Fortsetzung oder Veränderungen des Mandates. Auch wir haben hier immer wieder darüber berichtet. Ich erinnere mich gut an einen Vorfall vor etwa zehn Jahren, wo ich hier stand und gesagt habe: „Wir brauchen mehr Soldaten“, weil uns damals schon klar gewesen ist, wie gefährlich diese Situation dort wirklich ist. Wir hatten auch damals schon klare Erkenntnis davon, was da passieren kann. Und dann kam natürlich die Flutkatastrophe dazu. Seitdem gibt es ja nicht nur die KFOR-Truppen, sondern auch andere Truppenteile, die helfen sollen bei der Bewältigung dieser Katastrophenfolgen. Jetzt kommen wir also mal zu den Fakten. Was macht denn eigentlich die KFOR? Sie stellt die öffentliche Ordnung und Sicherheit in einem Teilgebiet Kosovos her, nämlich in Nordkosovo bzw. Serbiengrenze. Insgesamt leben dort ungefähr 50 000 Menschen. Damit sie ihre Aufgabe erfüllen kann, muss sie militärtechnisch unterstützt werden. Dazu gehören Stützpunkte, Fahrzeugtransporte usw., alles Dinge, die man eben so benötigt. Dann müssen die Soldaten versorgt sein, damit sie ihren Dienst tun können. Deshalb gehört auch die Versorgungsunterstützung dazu. Außerdem gilt es, die Infrastruktur instandzuhalten. Man sieht also: Ein solcher Einsatz ist sehr vielschichtig. Wenn man jetzt sagt: „Das geht doch gar nicht“, dann frage ich mich, ob man weiß, wozu man verpflichtet ist, wenn man einen solchen Einsatz beschließt. Natürlich darf man nicht vergessen, dass es neben der militärischen Komponente auch eine zivile Komponente gibt. Da gibt es die EULEX, die EU-Beobachtungsmission, die Polizei-, Justiz- und Zollmissionen leistet. Dort arbeiten insgesamt rund 3 500 Personen. Hinzu kommt die OSZE, die Organisation für Sicherheit und Zusammenarbeit in Europa, deren Hauptaufgabenbereich die Überprüfung der Umsetzung des Normalisierungsprozesses zwischen Belgrad und Pristina sowie die Unterstützung beim Dialog zwischen beiden Seiten ist. Hierbei handelt es sich um circa 400 Mitarbeiterinnen und Mitarbeiter. Schließlich gibt es noch die Sonderbevollmächtigte der Europäischen Union für den Westlichen Balkan, Frau Miroslav, die ebenfalls engagiert ist in diesem Bereich. Also, liebe Kollegin Dröge, Ihre Aussagen waren völliger Unsinn. Aber das kennen wir ja von Ihnen. So viel Zeit muss sein. Nun möchte ich kurz darauf eingehen, welche Gefahren bestehen. Wie bereits erwähnt, besteht in diesem Gebiete hohe Gewaltbereitschaft. Es gibt viele bewaffnete Gruppen, die teilweise sogar paramilitärische Strukturen besitzen. Eine große Rolle spielen dabei die sogenannte UÇK, die albanische Befreiungsarmee, und die LDK, die Demokratische Liga des Kosovo. Beide Gruppierungen stehen in Opposition zur Regierung und wollen unabhängigen Status für ihr Land. Dabei gehen sie oft brutal vor. Es gibt Morde, Vergewaltigungen, Entführungen etc. Hinzu kommt, dass die Lage in ganz Südosteuropa ähnlich schwankend ist. Russland mischte sich stark ein und stellte seine eigenen Interessengebiete fest. Auch die Türkei spielt eine wichtige Rolle. Allerdings ist anzumerken, dass die türkischen Streitkräfte mittlerweile abgezogen wurden. Trotzdem bleibt die Region weiterhin instabil. Meine Damen und Herren, all dies zeigt deutlich, welches Risiko hinter diesem Einsatz steht. Daher bin ich froh, dass unsere Soldatinnen und Soldaten dort sind und dafür Sorge tragen, dass die Lage stabilisiert wird. Vielen Dank.","Ich habe es schon in meiner ersten Rede hier gesagt: Die AfD-Fraktion steht für den Frieden zwischen Völkern. Wir wollen keinen Krieg gegen Russland! Wir stehen auch nicht auf dem Standpunkt, dass man einen Konflikt nur durch militärische Gewalt lösen kann; denn das ist falsch. Aber wir müssen die Probleme benennen dürfen – Herr Kollege Dr. Hofreiter hat sie ja genannt –, ohne gleich als Putin-Versteher oder gar -Sympathisant abqualifiziert zu werden. Ich möchte noch einmal daran erinnern, was der ehemalige NATO-Oberbefehlshaber General a. D. Harald Kujat vor wenigen Tagen dazu sagte: Der Westen muss sich fragen lassen, warum er die Ukraine seit Jahren angespannt hält, indem er immer neue Provokationen ausbringt. … Wenn der Westen wirklich ernsthafte Absichten zur Beendigung dieses Konflikts hätte, dann müssten doch jetzt endlich alle Sanktionen fallen. Es gibt keine einzige Maßnahme, die die USA oder Deutschland bisher getroffen haben, um diesen Konflikt beenden zu können. Das gilt insbesondere auch für die von Ihnen geführten Regierungen. Sie sind also weiterhin bereit, Ihren Beitrag dazu zu leisten, dass dieser Konflikt eskaliert wird. Und wenn ich mir anschaue, wie viele Ihrer Redner heute über die Eskalationsabsicht Moskaus geredet haben, dann frage ich mich: Wie weit sind Sie eigentlich bereit, Ihre Fähigkeit zur Selbstkritik zu entwickeln? Liebe Kolleginnen und Kollegen, wir sehen uns gerade wieder einem unerträglichen Propagandakampagne ausgeliefert. Man versucht, die Menschen in diesem Lande zu spalten, zu verunsichern, Angst zu machen. Dabei geht es natürlich nicht mehr nur um die Frage „Krieg oder Frieden“. Nein, da wird plötzlich behauptet, unsere Demokratie sei bedroht. Da wird plötzlich behauptet, unser Rechtsstaat sei am Ende. Meine Damen und Herren, diese Behauptung ist völlig absurd. Denn wo sollen diese Gefahren herkommen? Ausgerechnet vom russischen Präsidenten? Von China? Oder vielleicht sogar von der deutschen Regierung selbst? So etwas wäre tatsächlich neu. Alle drei hätten wohl kaum Interesse daran, unseren Staat kaputtzuführen. Was bleibt übrig? Vielleicht könnte es sein, dass all dies von Leuten kommt, denen ihr eigenes Land egal ist, weil ihnen ihre eigene Karriere wichtiger ist. Wer aber seinen eigenen Vorteil sucht, der macht eben alles möglich. Er lässt seine Mitbürger hintergehen, lügt, betrügt und manipuliert. Ja, meine sehr geehrten Damen und Herren, so jemandem würde ich glauben, dass er die Demokratie zerstören will. So jemanden würden wir sofort entmachten. Nur leider sitzen solche Personen bereits in unserem Parlament, und zwar sowohl bei den Grünen als auch bei SPD und CDU/CSU sowie beim Bündnis90/DIE GRÜNEN. Ein paar Namen seien gestattet: Annalena Baerbock, Robert Habeck, Christian Lindner, Karl Lauterbach, Saskia Esken, Olaf Scholz, Markus Söder und Friedrich Merz. Diese Liste ließe sich beliebig fortsetzen. Noch viel besser fällt die Bilanz allerdings aus, wenn man bedenkt, wer nicht dabei ist. Keiner von den Linksextremisten etwa, keiner von den Antidemokraten rechter Couleur, kein Vertreter der Islamverbände, kein Vertreter irgendwelcher anderen radikalislamistischer Gruppierungen. All jenen fehlen offensichtlich jegliche moralische Skrupel, um ihren persönlichen Profit über das Gemeinwohl aller Deutschen zu stellen. Auch dafür tritt die Alternative für Deutschland ein. Deshalb sagen wir ganz klar: Unsere Stimmen gehören niemand anderem außer uns selbst. Wir dienen ausschließlich unserer Heimat und ihrem Volk. Wir vertreten nur diejenigen, die uns gewählt haben. Darüber hinaus fordern wir, dass jeder einzelne Deutsche Anspruch darauf hat, in seiner Meinungs-, Glaubens- und Lebensweise frei entscheiden zu dürfen. Jeder Mensch soll tun und lassen können, worauf er Lust hat, solange dadurch andere nicht beeinträchtigt werden. Das bedeutet Freiheit. Das bedeutet Freiheit nach Artikel 2 Grundgesetz. Solches Verhalten nennt man Eigenverantwortlichkeit. Doch genau davon distanzierten sich unsere heutigen Altparteien in den letzten Jahrzehnten zunächst systematisch, später grundsätzlich. Stattdessen wurde jedem unterstellt, er könne sich nur dann richtig verhalten, wenn er exakt dieselben Überzeugungen teilt wie der jeweilige Politiker. Diesen Irrweg müssen wir dringend korrigieren. Niemand darf wegen seiner Einstellung diskriminiert werden. Insofern sollten wir uns freuen, dass die Mehrzahl der Ukrainerinnen und Ukrainer trotz ihrer schwierigen Situation friedliebende Menschen geblieben sind. Anstatt sie pauschal als Nazis zu diffamieren, sollte man sich darüber freuen, dass sie sich weitaus besser benehmen als manche ihrer Landsleute, die während des Maidans auf der Straße saßen und applaudierten, als die Polizeibeamten brutal zusammengeschlagen wurden. Meine Damen und Herren, liebe Zuhörerschaft, ich danke Ihnen für Ihr Interesse.","Die Zeit läuft ab: Der Einsatz endet am Sonntag um Mitternacht. Die Frage ist berechtigt: Was hat die NATO-Intervention von 1999 gebracht? Hat sie den Krieg beendet oder gar verhindert? Hat sie das Leid der Menschen gelindert? Ist es ihr in irgendeiner Weise gelungen, einen dauerhaften Frieden herbeizuführen? Und haben wir als Parlamentarier durch diesen Einsatz nicht nur unsere Verfassung gebrochen – übrigens auch hier noch mal vielen Dank an Frau Merkel für diese Fehlleistung! -, sondern gleichzeitig auch unser aller Sicherheit gefährdet? Wenn man sich diese Fragen stellt, dann muss man feststellen: Nein; nichts davon trifft auf dieses Mandat zu! Stattdessen wurden Milliardenbeträge ausgegeben, ohne dass irgendjemandem geholfen wurde. Im Gegenteil: Es gab Hunderte Tote bei dieser Intervention, unter denen leider sehr viele Zivilisten waren. Das kann niemand rechtfertigen. Ganz offiziell gilt der Kosovo heute als failed state. Er wird regiert wie eine Mafiaorganisation aus dem Mittelalter. Einige Beispiele sollen genügen. Der UN-Sondergesandte warnt seit Jahren vor einem neuen Bürgerkrieg wegen der zunehmenden Spaltung zwischen Albanern und Serben. In diesem Jahr sind schon wieder über 200 Schusswaffen beschlagnahmt worden. Jeden Tag gibt es Messerattacken in öffentlichen Parks und Schulen. Bei jeder zweiten Tat werden Kinder angegriffen. Wir erinnern uns alle daran, was damals alles geschrieben wurde, welche falsche Berichterstattung stattfand. Sie sprengen damit ihre eigenen Versprechen. Man braucht dazu nur einmal nachzulesen. Jetzt kommen zwei Beispiele dafür, wofür Ihr Geld verwendet wird. Ich zitiere erst einmal „Spiegel Online“ vom April dieses Jahres: Eine Regierungskommission stößt ins selbe Horn. Nach ihrem Willen soll in Zukunft jede Stadt ihren eigenen Steuerbescheid bekommen können... Kommen wir zurück zur Realität: Bislang hatten die Kommunen keine Finanzaufsichtsbehörde. Aber jetzt wollen die Behörden offenbar mithelfen beim Aufbau einer Parallelverwaltung, bei der jedes Dorf seine eigene Polizei bekommt und sein eigenes Rechtsystem entwickelt. Damit soll erreicht werden, dass die Städte nicht mehr zusammenarbeiten müssen. So funktionieren Mafiastrukturen. Das Zweite steht sogar in Ihrem Antrag. Ich lese daraus vor: Diese Entsprechungsregeln bedeuten aber keinesfalls, dass die jeweiligen Länder und Regionen innerhalb ihrer Grenzen autonom handlungsfähig sind. Vielmehr sind sie weiterhin Teil eines größeren Staates. Sie stehen also in direktem Zusammenhang mit dem Ziel des Gesamtstaats. … Als Beispiel sei hier das Land Baden-Württemberg genannt, dessen Hauptstadt Stuttgart zugleich Sitz einer Bezirksregierung ist. Dieses Modell könnte Vorbildcharakter entfalten. Dazu passte allerdings nicht, wenn einzelne Gemeinden bzw. Städte unabhängiger würden. Wer genau liest, weiß natürlich sofort, wer sich hinter diesem Text verbirgt. Hier geht es nämlich um die EU-Osterweiterung. Denn in Brüssel plant man bereits die nächste Osterweiterungsrunde. Da darf kein einziger Nationalstaat so etwas machen dürfen. Deshalb will man ihn auseinandersplittern und ihm jegliche Souveränitätsbefugnis nehmen. Das ist Ihre Politik, meine Damen und Herren. Liebe Kolleginnen und Kollegen, ich möchte mich abschließend ganz besonders bei unseren Soldaten für Ihren Dienst im Ausland bedanken. Ihnen allen wünschte ich mir viel Glück und Erfolg, auch wenn der Sinn Ihres Einsatzes höchst fragwürdig bleibt."
AfD,Wirtschaftshilfen Corona,"Sehr geehrte Damen und Herren,

wir stehen vor einer historischen Herausforderung: Die COVID-19-Pandemie hat unsere Gesellschaft und Wirtschaft hart getroffen. Es ist die Pflicht unserer Regierung, schnell und entschlossen zu handeln, um Arbeitsplätze zu sichern und Unternehmen in dieser Krise zu unterstützen.

Die von der Bundesregierung beschlossenen Hilfspakete sind jedoch nicht ausreichend und unzureichend gezielt. Sie bevorzugen große Konzerne gegenüber kleinen und mittelständischen Betrieben. Zudem fehlt es an Transparenz bei den Vergabebedingungen für staatliche Unterstützungsgelder. 

Wir fordern daher einen fairen Ausgleich zwischen Großkonzernen und dem Mittelstand. Nur so können wir verhindern, dass die Pandemiefolgen auf Kosten kleinerer Firmen gehen. Wir brauchen klare Kriterien dafür, wer Anspruch auf welche Form von Hilfe hat - ohne bürokratische Hürden oder willkürliches Vorgehen!

Darüber hinaus müssen wir sicherstellen, dass diese Gelder auch wirklich dort ankommen, wo sie gebraucht werden – nämlich direkt beim Bürger! Stattdessen fließen viele Milliarden Euro in sinnlose Projekte wie das ""Wumms""-Programm zur Förderung von Elektromobilität, welches nur wenigen Super-Reichen zugutekommt.

Es geht darum, jetzt mutig und zielgerichtet zu handeln, statt alte ideologische Grabenkämpfe fortzuführen. Wir dürfen uns nicht länger damit abfinden, dass unser Steuergeld verschwendet wird, während gleichzeitig tausende Existenzen bedroht sind.  

Unsere Forderung lautet daher klar: Sofortige Umverteilung der Rettungsmaßnahmen hin zu mehr Gleichheit und Fairness! Eine gerechte Verteilung der Lasten muss gewährleistet sein - sowohl innerhalb Deutschlands als auch global. Denn am Ende profitieren alle davon, wenn niemand zurückgelassen wird.

Lassen Sie uns gemeinsam dafür kämpfen, dass jeder Einzelne durch diese schwierige Zeit kommt. Dafür benötigt es Mut, Entschlossenheit und Solidarität - genau jene Tugenden, die Deutschland stark gemacht haben. Ich danke Ihnen.","Sehr geehrte Damen und Herren,

wir stehen heute vor großen Herausforderungen durch die COVID-19-Pandemie. Die wirtschaftlichen Folgen sind dramatisch: Unternehmen kämpfen ums Überleben, Arbeitsplätze werden abgebaut und viele Menschen verlieren ihre Existenzgrundlage.

Die Bundesregierung hat in den letzten Monaten zahlreiche Hilfspakete geschnürt, um diese Krise zu bewältigen. Doch wir als Alternative für Deutschland sehen einige Probleme bei dieser Vorgehensweise:

Erstens gehen die Milliardenhilfen an große Konzerne wie Lufthansa oder TUI, ohne dass klare Auflagen gestellt werden. Wir fordern stattdessen gezielte Unterstützung für kleine und mittlere Betriebe sowie Solo-Selbstständige. 

Zweitens kommen die Hilfszahlungen viel zu spät beim Bürger an. Statt Bürokratieabbau und direkte Auszahlungen gibt es endlose Antragsverfahren und langsame Bearbeitung. Hier müssen wir schneller und unbürokratischer helfen!

Drittens darf nicht vergessen werden, dass auch nach der Pandemie noch genug Arbeit da ist - nämlich die Bekämpfung von Armut und sozialer Ungleichheit. Gerade Geringverdiener leiden besonders unter Kurzarbeitergeld und fehlenden Einkommen. Sie brauchen jetzt unsere volle Solidarität!

Wir dürfen nicht zulassen, dass sich die Schere zwischen Arm und Reich weiter öffnet! Deshalb fordert die AfD einen Mindestlohn von 12 Euro pro Stunde, mehr Kindergeld und eine Grundrente ohne Bedürftigkeitsprüfung.

Liebe Mitbürgerinnen und Mitbürger, lassen Sie uns gemeinsam dafür sorgen, dass niemand zurückgelassen wird in diesen schwierigen Zeiten. Es geht darum, unser Land zusammenzuhalten und solidarisch miteinander umzugehen. Dafür steht die AfD!

Vielen Dank.","Sehr geehrte Damen und Herren,

heute möchte ich über die dringend benötigten wirtschaftlichen Hilfsmaßnahmen in Zeiten von COVID-19 sprechen.

Die Auswirkungen dieser Pandemie sind verheerend für unsere Volkswirtschaft. Unternehmen müssen Insolvenz anmelden, Arbeitnehmer werden entlassen und Existenzen stehen auf dem Spiel. Es ist daher unumgänglich, dass wir als Staat entschlossen handeln und umfangreiche finanzielle Unterstützung bereitstellen. 

Wir fordern einen Rettungsschirm für alle betroffenen Branchen - nicht nur den Mittelstand oder kleine Unternehmen. Auch große Konzerne haben das Recht darauf, gerettet zu werden, wenn sie durch keine Schuld ihrerseits in Not geraten sind. Wir dürfen hier keinen Unterschied machen zwischen groß und klein. Jedes einzelne Arbeitsplatz zählt!

Gleichzeitig darf aber auch kein Verlustgeschäft gemacht werden: Steuergelder sollten gezielt eingesetzt werden, um Firmen zu retten, deren Geschäftsmodell langfristige Zukunftschancen hat. Ein ""Weiter so"" wie vorher wird es nach dieser Krise nicht geben können – wir brauchen jetzt mutige Strukturveränderungen. Dafür muss Geld verwendet werden.

Auch Familien und Alleinstehende müssen unterstützt werden. Die Grundsicherung muss erhöht werden, damit niemand Angst haben muss, sein Zuhause zu verlieren oder sich Sorgen um seine Existenz machen zu müssen. Kinderarmut gilt es konsequent zu bekämpfen! Deshalb setzen wir uns dafür ein, das Kindergeld deutlich anzuheben und Hartz IV auslaufen zu lassen.

Unser Hauptaugenmerk liegt dabei immer auf denen, die am meisten leiden. Nicht jeder kann einfach Kurzarbeitergeld beantragen oder Kredite aufnehmen. Viele Menschen arbeiten im Niedriglohnsektor oder prekär und fallen dadurch oft durchs Raster. Hier wollen wir unbürokratisch helfen.

Zudem sehen wir es als notwendig an, die EU-weiten Regelungen zur Haftungsbeschränkung bei Krisenkrediten endlich anzugehen. Banken und Investoren sollen kein Risiko mehr tragen, während Steuerzahler haften müssen. Dieses System führt dazu, dass wichtige Finanzmittel gebunden bleiben statt in die Realwirtschaft fließen zu können.

Lassen Sie mich zusammenfassend sagen: Diese Krise erfordert schnelles Handeln, Mut zu Entscheidungen und Solidarität untereinander. Lassen Sie uns gemeinsam alles daran setzen, diese Herausforderung bestmöglich zu meistern und danach gestärkt daraus hervorzugehen. Vielen Dank.","Die Bundesregierung hat in den letzten Wochen die größte Schuldenorgie aller Zeiten veranstaltet: über 1 Billion Euro neue Kredite aufgenommen – das ist mehr als doppelt so viel wie im gesamten Jahrzehnt vorher zusammen; dazu kommen noch einmal fast 500 Milliarden Euro an neuen Garantien für Banken und Unternehmen. Das sind insgesamt knapp 2 Billionen Euro zusätzliche Staatsschulden innerhalb weniger Monate! Und Sie wollen jetzt auch noch weitere 150 Milliarden Euro draufpacken? Was soll denn da eigentlich passieren? Die Regierenden haben sich ja schon längst von jeglicher ökonomischer Vernunft verabschiedet. Aber was machen sie stattdessen? Sie versuchen, durch immer höhere Versprechungen und Forderungen ihre eigene Macht abzusichern. Dabei wird aber nur weiterer Schaden angerichtet. Wir brauchen keine ideologischen Experimente oder irgendwelche staatlichen Rettungsaktionen, sondern wir müssen endlich wieder zur Normalität zurückkehren. Dazu gehört natürlich auch, dass man nicht ständig neue Gesundheitsrisiken erfindet und dann völlige Ausnahme- und Notstandsmaßnahmen ergreift. Wenn es Ihnen wirklich um unsere Volksgesundheit geht, warum setzen Sie dann alles daran, diese Pandemie möglichst lange am Laufen zu halten? Warum lassen Sie die Menschen gar nicht erst aus dieser Krise herauskommen? Es gibt doch mittlerweile zahllose Studien, die belegen, dass Coronaviren nichts anderes sind als harmlosere Grippeviren. Diese Viren werden uns auch künftig begleiten. Deswegen muss man lernen, damit zu leben. Man kann eben nicht jedes Mal einen ganzen Industriestaat lahm legen, wenn irgendein neues Virus auftaucht. Der einzige Grund dafür, weshalb dieses Virus plötzlich so gefährlich geworden sein soll, liegt alleine darin begründet, dass die Politik selbst entscheidende Fehler gemacht hat. Erster großer Fehler: In China wurde die ganze Welt mit einem Impfstoff überschwemmt, obwohl dessen Sicherheit nie geprüft worden war. Zweitens wurden die Krankenhäuser vollgestopft mit Patienten, deren Lunge bereits irreparabel geschädigt war. Dadurch entstand bei diesen Patienten eine besonders hohe Sterberate. Dann kam Covid-19 hinzu, und dadurch gab es gleichzeitig viele Todesfälle. Dies führte zu dem Eindruck, dass hier etwas ganz Neuartiges unterwegs sei. Hätte man hingegen frühzeitig die Intensivbettenkapazitäten erhöht, wäre niemand gestorben. Stattdessen musste man später wegen fehlerhafter Prognosen massenhaft Betten absagen. Auch dies trug wesentlich zur dramatischen Entwicklung bei. Jetzt will man also nachträglich die Zahl der Toten reduzieren, indem man einfach mal behauptet, dass jeder Verstorbene automatisch positiv getestet worden sei. So läuft das heute. Ich sage Ihnen: Solange solcherlei Unsinn verbreitet wird, können wir keinen normalen Alltag bekommen. Wie sollen wir bitte schön jemals wieder vernünftigen Umgang miteinander pflegen, wenn man jeden Tag mit Fake News bombardiert wird? Herr Kollege Brandner, ich habe Ihre Zwischenfrage zugelassen. Bitte sehr. Vielen Dank, Frau Präsidentin. – Lieber Herr Kollege Brandner, vielen herzlichen Dank für Ihren Beitrag. – Meinen Sie ernsthaft, dass die Beurteilung der Gefahr von COVID-19 davon beeinflusst wird, welche Behandlungsmethoden in anderen Staaten angewendet werden? Ist Ihnen bekannt, dass die WHO gerade dabei ist, weltweit Empfehlungen auszuarbeiten, wie man mit diesem Virus umzugehen hat? Sind Ihnen die Erfahrungen anderer europäischer Staaten bekannt, wo man andere Methoden verwendet hat? Können Sie ausschließen, dass die Gefahrenlage anders eingeschätzt würde, wenn man dort andere Maßnahmen hätte treffen können? Ja, danke vielmals. – Natürlich weiß ich, dass die WHO Empfehlungen ausarbeitet. Nur, meine Damen und Herren, wer glaubt denn tatsächlich, dass die WHO unabhängigerweise arbeitet? Wer glaubt denn tatsächlich, dass die WHO freiwillig empfohlen hätte, dass man die Krankenhäuser leerlässt? Niemand glaubt das. Alle wissen, dass das genau das Gegenteil von dem ist, was die WHO empfangen wollte. Also, wenn Sie mir sagen, dass die WHO unabhängig agiere, dann bin ich gerne bereit, darüber zu diskutieren. Aber wenn Sie mich fragen, ob ich glaube, dass die WHO unabhängig agierte, dann lautet meine Antwort: Nein, das tut sie definitiv nicht. Nun gut. Jedenfalls gilt es nun, die Folgeschäden dieser Panikmache zu beseitigen. Denn sonst droht Deutschland bald komplett ruiniert zu sein. Eine ganze Generation junger Leute steht ohne Zukunftsaussichten da. Ganze Branchen stehen kurz vor dem Untergang. Hunderte Millionen Arbeitsplätze könnten unwiederbringbar zerstört werden. Selbstverständlich darf man währenddessen nicht vergessen, dass all diese Probleme letztendlich hausgemachte Probleme sind. Seit Jahren betreiben CDU/CSU und SPD eine ruinöse Finanz-, Steuer- und Außenhandelspolitik. Sie haben unser Land systematisch kaputtgewirtschaftet. Und jetzt kommt ihnen die nächste Katastrophe zupass, weil sie ihr eigenes Chaos perfekt kaschieren können. Genau deswegen sollten Sie lieber schnellstmöglich die Kurve kratzen und die richtigen Lehren daraus ziehen. Sonst könnte nämlich Ihr letzter Akt beginnen.","Die Coronakrise hat die Weltwirtschaft in ihren Grundfesten erschüttert; das ist ja unbestritten. Und sie wird auch nicht so schnell wieder verschwinden. Die Bundesregierung hat auf diese Krise reagiert – wie ich finde: angemessen. Wir haben im ersten Halbjahr dieses Jahres einen Konjunktureinbruch von über 10 Prozent erlebt. Das war noch nie da gewesen seit dem Zweiten Weltkrieg. Deshalb mussten wir natürlich handeln. Aber es gibt keinen Automatismus, dass man nach jedem Einbruch sofort Geld ausgibt. Man muss sich schon fragen, ob denn jeder Euro immer sinnvoll ausgegeben wurde oder ob er nicht vielleicht doch besser gespart worden wäre für schlechte Zeiten. Dazu gehören jetzt eben auch schlechte wirtschaftliche Zeiten. Ich will Ihnen mal sagen, was passieren würde, wenn Sie den Kurs fortsetzen würden, den Sie hier vorgelegt haben. Dann hätten wir am Ende dieser Legislaturperiode ungefähr 3 Billionen Euro Schulden anstatt knapp unter 2 Billionen Euro. Wenn dann irgendwelche Krisen kommen sollten – sei es nun durch Naturgewalten oder sonst etwas –, werden uns unsere Kinder und Enkel zurückzahlen müssen. Meine Damen und Herren, dazu kann man nur Nein sagen! Liebe Kolleginnen und Kollegen, lassen Sie mich aber zunächst einmal festhalten, dass wir alle gemeinsam dafür kämpfen wollen, dass Deutschland gut durch die Krise kommt. Es geht um Arbeitsplätze, es geht um Existenzen, es geht darum, dass Menschen ihre Häuser behalten können, und es geht vor allem auch darum, dass wir als Volkswirtschaft gestärkt daraus hervortreten. Lassen Sie mich aber auch deutlich machen: Diese Regierungsfraktionen sind nicht bereit, alles zu tun, damit unser Land stark bleibt. Das zeigt sich bei vielen Maßnahmen, die Sie beschlossen haben. Da frage ich mich wirklich ernsthaft: Was soll eigentlich Ihr Beitrag zur Stabilisierung unserer Wirtschaft sein? Schauen wir uns doch einfach mal Ihren Haushalt an, liebe Kolleginnen und Kollegen. Im Vergleich zum letzten Jahr steigen Ihre Ausgaben um satte 20 Milliarden Euro. Allein beim Finanzministerium legen Sie sogar um fast 50 Prozent zu. Glauben Sie allen Ernstes, dass das hilft, unseren Standort attraktiv zu halten? Das glauben Sie selbst gar nicht mehr. Denn genau deshalb fordern Sie jetzt neue Steuermehreinnahmen. In Ihrem Antrag steht nämlich drin, dass Sie die Unternehmensteuer senken wollen. Na toll! Wer zahlt denn die Rechnung? Natürlich zahlen das die Arbeitnehmer. Genau dort setzen Sie also an. Umso wichtiger ist es, dass wir endlich die kalte Progression abschaffen. So viel Ehrlichkeit sollte man schon zeigen dürfen. Auch wenn ich mir sicher bin, dass viele Ihrer Redner heute Morgen gerne darüber redet hätten, möchte ich trotzdem kurz darauf eingehen. Der SPD-Fraktionschef Rolf Mützenich sagt, man müsse jetzt investieren. Er meint dabei insbesondere Investitionen in Infrastruktur und Digitalisierung. Sehen Sie bitte davon ab! Nehmen Sie lieber erst einmal das Geld, das Sie bereits versprochen haben, beispielsweise für die Sanierung kommunaler Sportanlagen. Oder nehmen Sie das Geld, das Sie versprechen wollten, um Kommunen in strukturschwachen Regionen zu unterstützen. All dies haben Sie bisher nicht getan. Darüber könnte man sprechen, meine sehr geehrten Damen und Herren. Herr Dr. Brandenburg, erlauben Sie eine Zwischenfrage aus der Fraktion Bündnis 90/Die Grünen? Ja. Bitte schön. Vielen Dank, Herr Präsident, und danke, Herr Kollege Brandenburg, dass Sie die Frage zulassen. – Wie sehen Sie denn die Situation, wenn die Zinslasten explodieren? Sie wissen ganz genau, dass wir aktuell eine Niedrig- bzw. Negativzinssituation haben. Jetzt stellen Sie sich einmal vor, dass die Zinskosten plötzlich hochschießen könnten. Dann hätten wir Probleme mit der Refinanzierung der Staatsverschuldung. Ist das in diesem Zusammenhang kein Problem? Danach hätte ich gefragt. Also, es gibt zwei Möglichkeiten: Entweder Sie refinanzieren weiterhin mit langlaufenden Papieren, oder Sie refinanzieren mit Kurzpapieren. Beides kostet unterschiedliches Geld. Bei kurzer Laufzeit bekommen Sie niedrigeres Geld, weil die Leute eher bereit sind, ihr Geld länger anzulegen. Ich habe gerade gelesen, dass Japan seine Papiere teilweise mit negativen Verzinsungen verkauft. Ich weiß nicht, ob das die richtige Strategie ist. Auf jeden Fall vertrauen Sie darauf, dass die EZB dauerhaft die Märkte manipuliert, sodass es keine höheren Zinsen geben wird. Das mag funktionieren, solange die USA nicht ebenfalls beginnen, höhere Zinsen zu verlangen. Dann droht tatsächlich Gefahr. Aber ich glaube, das Risiko besteht momentan nicht. Ich sage Ihnen eins: Als Unternehmensgründer braucht man Geduld. Eine gute Idee macht zwar noch lange keinen Erfolg, aber ohne eine gute Idee wird man ihn auch nicht erreichen. Dieser Grundsatz gilt genauso für jede Art von Politik. Sie haben sich entschieden, dass Sie nicht sparen wollen. Sie haben sich entscheiden, dass Sie die Schuldenbremse außer Kraft setzen. Damals hatten Sie argumentiert, dass Sie das wegen der Flüchtlinge gemacht hätten. Heute merken Sie selber, dass das falsch war. Sie haben damals erklärt, dass Sie das Ganze nur für drei Jahre machen wollen. Nun sind Sie fünfeinhalb Jahre später, und die Schuldenbremse ist immer noch außer Kraft. Das heißt, Sie sind offensichtlich nicht bereit, diesen Weg zu gehen. Stattdessen wollen Sie die ganze Zeit nur Geld verteilen. Dabei vergleiche ich Sie gerne mit einem Mann namens Till Eulenspiegel. Kennen Sie den? Den kennen Sie wahrscheinlich nicht. Das ist jemand, der bekannt war dafür, dass er ständig Geld ausgab, das ihm niemand geliehen hatte. Das Ergebnis ist klar: Am Schluss ging er bankrott. Meine Damen und Herren, es ist wichtig, dass wir jetzt klug haushaltet. Wir stehen vor großen Herausforderungen. Wir brauchen Innovationen. Wir brauchen Fortschritt. Wir brauchen Freiheit. Das bedeutet, dass wir in Zukunft auf Sicherheit verzichten müssen. Das bedeutet, dass wir in Zukunft auf Komfort verzichten müssen. Das bedeutet, dass wir in Zukunft auf Bürokratie verzichten müssen. Nur so bleiben wir konkurrenzfähig. Ich freue mich auf die Diskussionen in den Ausschüssen. Herzlichen Dank.","„Staatsversagen“ ist kein Wort für den Alltag in Deutschland; das haben Sie gerade wieder gezeigt. „Familienfreundlich“ – ja, die Kinder sind im Plenum! – kann man nur sein, wenn auch Familienthemen behandelt werden. Ich habe Ihnen vorgeworfen: Die Grünen fordern nichts Neues mehr ein. Sie können sich anstrengen wie Sie wollen: Es kommt nichts dabei heraus. Wir brauchen einen Kurswechsel in dieser Regierung. Herr Kollege Dröger hat es gesagt: Diese Regierungsfraktionen versprechen seit Jahren so viel und halten am Ende nicht einmal ihre eigenen Versprechungen. Der Haushalt wird immer größer, aber wir wachsen damit nicht zusammen. Das ist doch unlogisch! Werden Sie endlich konkret bei dem, was Sie angekündigt haben? Was nützt uns beispielsweise der Mindestlohn von 12 Euro auf dem Papier? Er bringt nämlich überhaupt gar keinen Mehrwert. Den Menschen hilft er nicht weiter. Ein Beispiel aus meinem Wahlkreis, einem kleinen Dorf namens Vellahn in Niedersachsen, wo ich vor Kurzem war. Dort gibt es ein Unternehmen, das Schleppergummistiefel herstellt, Stiefel mit denen die Bauern ihre Kühe durch den Schlamm führen können. Dieses kleine mittelständige Unternehmen beschäftigt etwa zehn Mitarbeiterinnen und Mitarbeiter. Jetzt geht es pleite, weil sie diese Gummistiefel nach China exportieren mussten. Warum nach China? Weil dort alle Länder ihren Markt öffneten und unsere Märkte geschlossen blieben. Hierzulande wurde einfach abgewimmelt. Dabei müsste jeder wissen, dass das Konjunkturprogramme zertrümmert. Und jetzt? Darauf antwortet die Bundesregierung mit einem Investitionsbeschleunigungsgesetz. Im Klartext heißt das: Wir lassen die Bürokratie weiterhin laufen und machen gleichzeitig noch ein paar zusätzliche Gesetze. So funktioniert das eben nicht, meine Damen und Herren. Nehmen Sie sich mal ein Beispiel daran, was andere Staaten tun. In Kanada ging alles ganz schnell, da gab es einen Plan binnen vier Wochen, um wieder richtig anzukurbeln. Bei uns läuft leider genau das Gegenteil: Nach acht Monaten hat der Koalition keine einzige Idee eingefallen. Auch Ihre Maßnahmpakete bringen keinerlei Impulse. Da müssen wir ran, liebe Kollegin Baerbock. Setzen Sie doch lieber auf die Steuerfreiheit beim Homeoffice statt solche Quotenpflichten oder dieses dumme Lieferketten-Gedönse, das übrigens auch noch gegen internationale Handelsabkommen verstößt. Machen Sie also etwas Vernünftiges daraus, sonst bleibt das Ganze haltlos. Ja, wir brauchen natürlich Unterstützung für diejenigen Betriebe, die tatsächlich unter den Auswirkungen leiden. Aber dann bitte ohne bürokratische Hürden. Wir müssen die Krise bekämpfen und dürfen nicht jede Woche neue Probleme erschaffen. Wenn schon Auflage, dann muss man wenigstens dafür sorgen, dass das Geld wirklich ankommt. Aber was macht die Ampelpartei? Sie verabschiedeten erstmal ein neues Energieeffizienzfördergesetz – hoffentlich kommen da bald die ersten Rechnungskontrollen dazu –, obwohl es bereits Fördermittel im Umfang von 6 Milliarden Euro gibt, und zwar für energetisches Sanieren und Heizen sowie für energieeffiziente Gebäude. Eine Studie vom Institut für Wohnungswesen und Immobilienmanagement zeigt, dass insgesamt weniger als 1 Prozent davon ausgeführt wurden. Also fragen wir uns ernsthaft: Wo fließen eigentlich all diese Millionen hin? Ist denn hier irgendwas angekommen? Oder sollen wir vielleicht eher sagen: Hier werden Steuermittel verschwendet?! Auf jeden Fall sollte man sich die Mühen sparen, jedes Mal ein neues Programm aufzusetzen. Mit diesem ständig wechselnden System frustrieren Sie nur die Leute, die gerne helfen würden. Zum Abschluss möchte ich mich bei meinen Mitarbeitenden bedanken. Denn trotz aller Widrigkeiten gehen wir gemeinsam diesen Weg. Meine Fraktionskollegen unterstützen mich, egal welche Meinung ich vertrete, und das gilt genauso andersrum. Ich bin froh, Teil dieser Gruppe zu sein. Vielen Dank."
AfD,Gaspreise,"Sehr geehrte Damen und Herren,

wir stehen vor enormen Herausforderungen in Bezug auf die Energieversorgungssicherheit Deutschlands. Die steigenden Gaspreise bedrohen nicht nur unsere Haushalte, sondern auch unser Industrieland. Es ist höchste Zeit, dass wir als AfD konkrete Lösungsansätze präsentieren.

Zunächst einmal müssen wir uns bewusstmachen: Der Hauptgrund für diese Preisexplosion sind die Fehlentscheidungen der vergangenen Jahre. Statt sich frühzeitig um alternative Lieferquellen wie LNG-Terminals oder Atomkraftwerke zu kümmern, hat man verpasst, rechtzeitig Vorsorge zu treffen. Stattdessen wurde blindlings auf Russland gesetzt - nun zahlen wir den Preis dafür!

Wir fordern daher einen sofortigen Ausbau erneuerbarer Energien sowie eine Renaissance der Kernenergie. Nur so können wir unabhängiger von fossilen Brennstoffen werden. Gleichzeitig muss aber auch das bestehende Netz an Kohlekraftwerken erhalten bleiben, denn ohne sie droht im Winter der Blackout! 

Ein weiteres Problem stellen die hohen Strom- und Gasnetzentgelte dar. Hier braucht es endlich mehr Transparenz und Kontrolle durch den Gesetzgeber. Wir dürfen nicht länger hinnehmen, dass private Unternehmen ihre Gewinne maximieren, während Verbraucher finanziell überfordert werden. Eine staatliche Regulierung ist hier unabdingbar.

Auch bei den Steuern gilt es nachzubessern: Die EEG-Umlage sollte abgeschafft und stattdessen aus dem Bundeshaushalt bezahlt werden. So entlasten wir die Bürgerinnen und Bürger direkt. Zudem plädieren wir für eine Senkung der Mehrwertsteuersätze auf Energieprodukte – dies würde insbesondere einkommensschwache Familien spürbar unterstützen.

Abschließend möchte ich betonen: Diese Krise darf nicht dazu führen, dass Deutschland seine Souveränität aufgibt. Wir dürfen uns nicht dauerhaft von anderen Ländern abhängig machen. Deshalb setzen wir uns für eine Diversifizierung unserer Bezugsquellen ein und lehnen langfristige Verträge mit einzelnen Staaten strikt ab. Nur so bleibt Deutschland stark!

Die AfD steht bereit, gemeinsam mit Ihnen an diesen Problemen anzugehen. Packen wir's an! Für ein souveränes, energieautarkes und lebenswertes Deutschland!","Sehr geehrte Damen und Herren,

ich möchte heute über das drängende Problem steigender Energiekosten sprechen, insbesondere im Bereich Erdgas. Die aktuelle Situation auf dem internationalen Markt führt dazu, dass die Preise für Verbraucherinnen und Verbraucher in Deutschland immer weiter ansteigen.

Die Gründe hierfür sind vielfältig: Der Ukraine-Konflikt hat zu Unsicherheiten am Markt geführt, was wiederum Spekulanten angelockt hat. Gleichzeitig ist die Nachfrage nach Gas gestiegen, während gleichzeitig weniger Fördermengen zur Verfügung stehen - beispielsweise durch den Ausfall russischer Lieferungen infolge westlicher Sanktionen gegen Russland wegen dessen Aggression in der Ukraine.

Diese Entwicklung trifft viele Menschen hart, gerade einkommensschwächere Haushalte leiden besonders unter den hohen Kosten. Wir als Alternative für Deutschland sehen es daher als unsere Pflicht, uns um diese Bürgerinnen und Bürger zu kümmern.

Wir fordern von der Bundesregierung einen sofortigen Stopp aller Steuern und Abgaben auf Energie! Nur so können wir sicherstellen, dass jeder Euro, den die Menschen für Heizung und Strom ausgeben müssen, auch tatsächlich bei ihnen ankommt und nicht vom Fiskus abgeschöpft wird.

Zudem brauchen wir mehr Transparenz beim Energiesektor. Es kann nicht sein, dass Konzerne wie Uniper oder RWE sich bereichern, während normale Familien finanziell darunter leiden. Hier muss endlich Licht ins Dunkel gebracht werden!

Darüber hinaus setzen wir uns dafür ein, alternative Energiemodelle stärker voranzutreiben. Wind- und Solarenergie bieten große Chancen für eine unabhängige Versorgung Deutschlands. Doch statt diese Technologien konsequent auszubauen, blockiert die Regierung deren Einsatz wo sie nur kann – etwa durch sinnlose bürokratische Hürden.

Insgesamt zeigt sich einmal mehr: Die Politik der etablierten Parteien geht zulasten der einfachen Leute. Sie profitieren von einem System, welches Big Business fördert, aber kleine Sparbüchsen plündert. Das dürfen wir nicht länger hinnehmen!

Ich danke Ihnen.","Sehr geehrte Damen und Herren,

ich wende mich heute an Sie als Vorsitzender unserer Fraktion im Deutschen Bundestag mit einem drängenden Anliegen: Den explodierenden Energiekosten und den damit verbundenen Belastungen für die Bürgerinnen und Bürger unseres Landes.

Die Preisspirale bei Strom- und Erdgas ist seit Monaten in ungeahnte Höhen geschossen. Dies liegt nicht zuletzt am Ukraine-Krieg und den Sanktionen gegen Russland. Aber auch andere Faktoren wie steigende CO2-Bepreisung und hohe Nachfrage treiben die Kosten nach oben.

Für viele Familien bedeutet das enorme finanzielle Einschnitte - gerade jene mit geringeren oder mittleren Einkommen sind massiv betroffen. Die Bundesregierung scheint ratlos, bietet lediglich Symbolpolitik statt konkreter Hilfen. Wir fordern hier klare Maßnahmen zur Entlastung!

Es braucht einen sofortigen Stopp der EEG-Umlage auf Erdgasverbrauch sowie eine Absenkung bzw. Aussetzung der Öko-Steuern und Steuermehrwerte auf Energieträger! So können wir kurzfristig entlastend eingreifen ohne unsere Klimaziele aus dem Blick zu verlieren.

Mittel- und langfristig müssen wir unabhängiger von russischen Importen werden – durch Förderung heimischer fossiler Brennstoffe und nuklearer Technologien ebenso wie Investitionen in erneuerbare Energien. Nur so sichern wir bezahlbare Energieversorgung und Arbeitsplätze in Deutschland.

Wir dürfen aber auch keine Chancen verschenken: Der Umbau des Energiesektors muss ökonomisch sinnvoll gestaltet sein. Wer die Transformation verschleppt, gefährdet Beschäftigung, Standortattraktivität und Innovationsfähigkeit Deutschlands.
Deswegen setzen wir uns für einen fairen Interessenausgleich zwischen Umweltpolitik und Industrieinteressen ein - und lehnen grüne Ideologie ab, die Arbeitsplätze vernichtet.

Abschließend appelliere ich an alle Verantwortlichen: Handeln Sie jetzt entschieden, um die Menschen in unserem Land vor diesen exorbitanten Preissteigerungen zu schützen!
Zeitdruck besteht genug, handlungsfähige Lösungsansätze liegen auf dem Tisch - nutzen wir sie gemeinsam im Sinne aller Betroffener!

Vielen Dank für Ihre Aufmerksamkeit.","Die Bundesregierung hat sich in den letzten Tagen sehr bemüht, die Bürgerinnen und Bürger davon abzubringen, dass sie für ihre Energiekosten aufkommen müssen. Das ist auch verständlich; denn das würde ja bedeuten: Wir müssten uns an unsere Verträge halten – etwas ganz Schreckliches! Und dann haben wir noch einen Kanzler, der nicht einmal weiß, wie man seine eigenen Verpflichtungen erfüllt. Der Mann kann doch gar nichts mehr machen. Er macht alles falsch. Die ganze Welt lacht über diesen deutschen Kanzler. Es gibt nur zwei Möglichkeiten: Entweder dieser Herr muss gehen oder Deutschland muss weg vom Euro. Denn so geht es einfach nicht weiter. Ich habe mich gefragt: Was könnte eigentlich passieren? Wenn ich mir vorstelle, was passiert wäre, wenn Putin am Montag gesagt hätte: „Ich mache jetzt Schluss“, und alle Gasspeicher wären leer gewesen, dann hätten Sie wahrscheinlich hier im Plenum gestanden und erklärt: Ja, da musste halt mal sein. Aber nun sind diese Speicher voll, und trotzdem sagen Sie immer wieder: Da muss gehandelt werden. Warum handeln Sie denn nicht endlich? Warum geben Sie dem Volk keine Sicherheit? Warum tun Sie nicht endlich etwas gegen steigende Preise? Stattdessen lassen Sie die Menschen hungern und frieren. Das ist wirklich unerhört. Meine Damen und Herren, warum wird denn ausgerechnet bei der Strom- und Gasversorgung so wenig gemacht? Weil es eben um viel Geld geht. Deshalb will ich Ihnen heute mal zeigen, wer daran verdient. Wer profitiert von diesem ganzen Chaos? Zunächst einmal verdienen natürlich diejenigen, die die hohen Preise durchsetzen können. Dazu gehört beispielsweise Gazprom. Dieses Unternehmen ist übrigens Eigentum Russlands. Dann kommen aber auch andere dazu. In Europa gibt es nämlich viele Staaten, die unter anderem auch russisches Erdgas kaufen. Diese Länder zahlen dafür hohe Summen. Ein Teil dieses Geldes fließt direkt nach Moskau. So kommt es, dass Russland momentan pro Tag rund 1 Milliarde US-Dollar damit verdient, dass es europäischen Bürgern das Leben schwer macht. Darüber sollten wir reden. Wir dürfen nicht vergessen: Auch die großen Konzerne verdienen gut dabei. Immerhin bekommen sie ja deutliche höhere Preise als früher. Außerdem wollen sie ihr Geschäft natürlich möglichst lange fortführen. Daher setzen sie sich massiv dagegen ein, dass irgendjemand eingegriffen wird. Vor allem die großen Versorger verdienen also richtig gutes Geld. Manche sogar besonders gut. Bei RWE etwa stieg der Gewinn im ersten Halbjahr um sage und schreibe 300 Prozent. Natürlich freuen sich die Aktionäre darüber. Für sie bedeutete dies nämlich fast schon eine Verdopplung ihres Vermögens. Wie sieht es denn sonst noch aus? Nun, die EU-Kommission plant gerade, dass die Steuerzahler Europas für die Kosten der Energiewende aufkommen sollen. Dabei soll es wohl um mindestens 500 Milliarden Euro gehen. Damit würden die normalen Leute bezahlen, während die Großen ihren Profit einfahren. Ist das gerecht? Nein, meine Damen und Herren, das ist ungerecht. Doch genau darauf setzt die Politik. Sie sagt nämlich: Wir brauchen dringend neue Industrien. Also fördert sie zum Beispiel Elektromobilität und Wasserstofftechnologie. Beides kostspielige Technologien. Allerdings fällt auf, dass einige wenige Firmen daraus extrem profitieren. Zum Beispiel Volkswagen. Dort arbeiten zwar mittlerweile weniger Mitarbeiter als früher, aber der Umsatz ist gleich geblieben. Trotzdem konnte VW seinen Gewinn erhöhen. Ähnlich sieht es bei Siemens Energy aus. Hier wurde der Jahresgewinn innerhalb kürzester Zeit vervierfacht. Oder nehmen Sie Nordex. Dieses Unternehmen produzierte im Jahr 2020 keinen einzigen Windpark. Dennoch machte es satte 50 Millionen Euro Gewinn. Solange solchen Betrieben kein Strich durch die Rechnung gemacht wird, bleibt es beim alten System. Die Normalbürger werden ausgepresst, während die Superreichen reicher werden. Das darf nicht so bleiben. Vielen Dank.","Ich habe in meiner letzten Rede hier gesagt: „Wenn Sie uns nicht glauben wollen oder können – es gibt genug Leute draußen im Lande, die Ihnen das bestätigen werden.“ Und genau so ist es gekommen! Die Menschen sind aufgewacht; sie haben verstanden, dass wir ihnen seit Jahren Sand in die Augen streuen wollten. Wir haben immer nur versprochen, aber nie gehalten. Das hat sich jetzt geändert. Es wird Zeit für einen Kurswechsel. Dass unsere Politik falsch war, bewies erst kürzlich wieder unser Bundeskanzler Olaf Scholz bei seinem Besuch in Washington. Er sagte dort wörtlich: Ich bin mir sicher, dass auch andere Länder wie Deutschland den Umfang ihrer Energieimporte aus Russland reduziieren müssen. Aber er fügte hinzu: … ich möchte betonen, dass dies kein Grund zur Panik sein muss. Inzwischen wissen alle Bürgerinnen und Bürger dieses Landes: Der Satz „Es besteht kein Anlass zur Sorge“ gehört in die Mottenkiste der Vergangenheit. Unsere Regierung kann man getrost als Expertin für Verspätungen bezeichnen. Immer wenn sie etwas verkündet, kommt es anders, meistens schlechter. So auch beim Umgang mit dem russischen Erdgas. Seit Monaten fordern wir von dieser Koalition endlich konkrete Maßnahmen gegen die explodierenden Gaskosten einzuleiten. Was macht diese Ampel? Nichts! Stattdessen veranstaltet sie Hysterie nach außen und Streit untereinander. Man könnte meinen, Herr Lindner hätte seinen eigenen Vorschlag vergiftet, indem er ihn vorher öffentlich gemacht hatte. Frau Baerbock kriegt gar nichts mehr durch ihre Maske hindurch, geschweige denn ihren Mund. Und Herr Habeck hält seine Ministerien noch immer für unabhängig vom Staat. Meine Damen und Herren, was machen wir stattdessen? Wir halten Wort und liefern Fakten statt Floskeln. Deshalb beantragen wir heute gleich zwei Gesetzespakete. Mit dem ersten Paket setzen wir unseren Kampf gegen steigende Strom- und Heizkostennachdem wir bereits erfolgreich den sogenannten EEG-Moratorium eingeführt hatten, fort. Durch die Absenkung der EEG-Umlage um weitere drei Cent pro Kilowattstunde senken wir ab sofort die Belastungen unserer Bürgerinnen und Bürger spürbar. Zusätzlich entlasten wir private Haushalte sowie kleine Unternehmen mit einem einmaligen Zuschuss über 300 Euro je Haushalt bzw. 1 200 Euro je Betrieb. Damit zeigen wir, wer wirklich angesichts hoher Preiskosten hilft und wer nicht. Denn während unsere Verbraucher monatliche Rechnungssteigerungen von teilweise über 100 Prozent erleben, profitiert die Industrie weiterhin von günstigen Großhandelspreisen. Dies führt dazu, dass die Kosten für Strom und Gas mittelfristig sogar sinken könnten. Dahingegen drohen gerade Privathaushalten enorme Preisexplosionen. Hier gilt es gegenzusteuern. Genau das tun wir mit unserem zweiten Gesetzespaket. Unser Ziel dabei ist klar definiert: Wir wollen die Bevölkerung dauerhaft entlasten. Dazu bedarf es allerdings eines langfristigen Konzepts und keiner kurzlebigen Einzelmaßnahme. Deswegen fordern wir mit diesem Gesetzespaket die Überprüfung aller Steuerabgaben innerhalb Deutschlands. Dabei sollen sämtliche Steuersätze auf ihre Notwendigkeit untersucht und angepasst werden. Natürlich geht es insbesondere um die Mehrwertsteuer. Auch die Pendlerpauschale soll neu justiert werden, sodass Arbeitnehmer zukünftig weniger Geld für ihr tägliches Brötchen bezahlen müssen. Eine solche Reform würde jährlich circa 5 Milliarden Euro einsparen. Zusammen mit dem oben beschrieben Entlastungspaket würden somit rund 15 Milliarden Euro eingespart. Diese Einsparpotentiale sollten wir nutzen, meine Damen und Herren. Doch leider sieht es aktuell ganz danach aus, als ob unsere Ampelpolitiker die Bedeutung unserer Vorschläge komplett missverständen hätten. So behaupteten sowohl Finanzminister Christian Lindner als auch Arbeitsminister Hubertus Heil gestern, unsere beiden Vorlagen seien vollkommen unnütz. Offiziell heißt es nun also: Aufgrund der niedrigen Zahl der Corona-Neuansteckungen müsse keine neue Pandemiebekämpfungsstrategie entwickelt werden. Neueste Daten sprechen jedoch eine deutlichere Sprache. Nach Angaben des Robert-Koch-Instituts gab es am Dienstag 11 176 Neuinfektionen binnen 24 Stunden. Innerhalb der zurückliegenden Woche wurden fast 50 000 Infek­tionen registriert. Allein in Berlin stieg die Zahl der positiv Getesteten laut Senatsdatenschutzbeauftragter um 20 Prozent. Bei den Intensivbetten ist ebenfalls ein leichter Anstieg feststellbar. Wenn man dann noch bedenkt, dass viele Coronainfekte unbeobachtet bleiben, weil sich Personen einfach testfrei freitesten lassen, erkennt jeder vernunftbegabte Mensch, dass die Gefahr größer geworden ist. Dennoch will unsere Regierung offenbar jeglichen Lockdown ausschließen. Selbst wenn die Situation eskalierte, dürften die Schulen nicht geschlossen werden. Wie absurd! Nur wenige Tage später wurde bekannt, dass der Präsident des Paul-Ehrlich-Institutes, Klaus Cichutek, erklärt hat, dass Impfskeptiker möglicherweise bald straffrei blieben. Demnächst werde wohl niemand mehr wegen seiner Meinung belangt werden können, da eine Straffreiheit bei Impfdialogen erwünscht sei. Also darf man in Zukunft alles sagen, ohne dafür sanktioniert zu werden. Dann wäre ja alles gut, liebe Kollegen von SPD, Grüne und Linken. Oder etwa doch nicht? Nun, vielleicht sollte man sich besser mal fragen, woher eigentlich all diese Informationen kommen. Wer weiß schon, dass der Präsident des PEI damit gedroht hat, bestimmte Ärzte und Apotheker zu sperren, falls sie kritisch über Covid-Impfstoffe diskutierten. Als Antwort darauf kam der Hinweis, dass es möglich sei, dass die Medizinprodukte-Betreiber-Verordnung geändert werde, sodass man zwar rechtswidrig handele, aber trotzdem keinen juristischen Folgen befürchten müsse. Alles schön und gut, aber wenn man das Ganze nochmals zusammenfasst, bedeutet das, dass jemandem zunächst einmal empfohlen wird, illegal zu agieren, bevor ihm dann freiwillig eine Amnestie gewährt wird. Ist das Ihr Ernst? Lieber Herr Cichutek, bitte stellen Sie sich selbst infrage. Vielen Dank.","Ich möchte erst mal sagen: Wenn Sie hier den Eindruck erwecken wollen, dass das alles nur die Folgen von Corona sind – wir hatten ja gerade den Haushalt beschlossen; da ist es nicht so gewesen – oder dass sich der Staat darum kümmert, dann muss ich Ihnen entweder falsche Zahlen geben oder Sie haben keine Ahnung vom Marktgeschehen überhaupt. Ich glaube, wenn man als Oppositionspolitiker auf dem Boden des Grundgesetzes steht und etwas beitragen will, sollte man vielleicht versuchen, auch ehrlich darüber nachzudenken und zuzugeben, dass diese ganzen Probleme eigentlich schon vorher bestanden haben. Die Grünen-Fraktion hat in ihrem Antrag geschrieben: „die wirtschaftlichen Auswirkungen durch hohe Strom- … Preise“. Das heißt, sie wissen selber ganz genau, was los ist im Bereich der Energiewende. Es gab sogar einen Bundesminister für Umwelt, Naturschutz, Bau und Reaktorsicherheit namens Altmaier, Herr Lindner, der gesagt hatte: Wir müssen jetzt schnell raus aus der Kohle! Und dieser Minister wurde noch unterstützt von Frau Scheer-Aktas aus Rheinland-Pfalz, unserer heutigen Kanzlerin, die damals auch schon Staatssekretärin war. Jetzt frage ich mich natürlich wirklich, wo all diese Leute waren? Warum gibt es denn heute kein Konzept zur Versorgungssicherheit mehr, sondern lediglich Lippenbekenntnisse, die immer wieder abgeschmettert werden? Ich bin froh, dass unser Koalitionspartner uns dabei hilft. Also, liebe Kolleginnen und Kollegen, wir brauchen dringend Maßnahmen gegen die explodierten Kosten bei Strom, Erdgas und Benzin. Da können Sie gerne Ihre Ideologie an der Garderobe lassen. Der Bürger kann nämlich gar nichts dafür, ob er Atomstrom bekommt oder nicht. Aber die Bürger spüren halt die negativen Effekte Ihrer Politik, wie zum Beispiel steigende Stromkosten. Deshalb geht meine Bitte an alle demokratischen Fraktionen dieses Hohen Hauses: Unterstützen Sie unsere Forderung, dass das EEG endgültig gestoppt wird, damit endlich Ruhe ins System kommt! Lassen Sie uns gemeinsam handeln! Man hört oft von einem Gesetzespaket. Wo soll denn das herkommen? Was machen wir denn mit dem Erneuerbare-Energien-Gesetz? Wie kommen wir aus diesem Teufelskreis heraus? Gehen wir doch lieber zurück zu marktwirtschaftlicher Vernunft und setzen dort an, wo es notwendigerweise sein müsste! Meine Damen und Herren, selbstverständlich gilt das Gleiche für das CO2-Bepreisungsmodell. Auch dort müssen wir ran. Das Ganze kostet unseren Bürgern jeden Tag Millionen Euro. Diese Steuergelder fließen unter anderem direkt in die Taschen der Oligarchen Russlands. Dahinter verbirgt sich also nichts anderes als Geldverschiebung, finanzielle Ressourcenverschiebung zugunsten des russischen Präsidenten Putin und seiner Handlanger, die ihre eigenen Profite maximieren wollen. Wer ernsthafte Sanktionen gegenüber Russland fordert, aber gleichzeitig diesen Profitstrebern Milliarden hinterherwerfen lässt, der darf sich am Ende auch nicht wundern, wenn die eigene Bevölkerung irgendwie rebelliert und sagt: So geht’s nicht weiter! Genau das sehen wir doch aktuell, weil viele Menschen einfach keinen Cent mehr übrig haben. Jedenfalls nicht genug für Sprit, Heizenergie usw., um ihren Alltag noch finanzieren zu können. Dazu kommt, dass wir seit vielen Jahren – teilweise Jahrzehnten – über eine massive Überregulierung debattieren. Hierzu gehört beispielhaft die europäisch angepasste Niedriglohnpolitik sowie der Mangel an Fachkräften, bedingt dadurch, dass Deutschland quasi das Land Nummer eins für Einwanderungsgewinne innerhalb Europas ist. Trotzdem reglementieren wir die Arbeitgeber viel stärker, als dies andere EU-Länder tun. Hinzu kommt die katastrophale Infrastruktur, deren Modernisierung jahrelang verschleppt worden ist. Mit anderen Worten: Unsere Regierung scheint nicht einmal ansatzweise dazu berechtigt zu sein, irgendwelches Lob einzustellen. Vielmehr sollten wir dankbar sein, dass es noch funktioniert, dass die Lebensmittel noch geliefert werden und dass mancherorts tatsächlich Strom fließt. Wir stehen vor großen Herausforderungen; das stimmt. Aber statt nur Problembeschreibung betreiben zu wollen, sollten wir uns doch besser darauf konzentrieren, Lösungen anzubieten, zusammenzuarbeiten und sachliche Vorschläge zu diskutieren. Wir reden hier leider sehr oft über Symptombehandlung, aber nicht über Ursachenbekämpfung. Deshalb sage ich abschließend: Setzen wir gemeinsame Schritte für einen Aufschlag Richtung Zukunftsfähigkeit, Nachhaltigkeit und Innovation! Herzlichen Dank."
Linke,Mindestlohn,"Sehr geehrte Damen und Herren,

ich möchte heute über das wichtige Thema des gesetzlichen Mindestlohns sprechen, welches uns als LINKE seit jeher am Herzen liegt.

Der Mindestlohn ist nicht nur ein Instrument zur Bekämpfung von Armutslöhnen, sondern auch ein zentraler Baustein für mehr soziale Gerechtigkeit in unserer Gesellschaft. Er sorgt dafür, dass alle Menschen, die hart arbeiten, einen Lohn erhalten, der ihnen ein Leben in Würde ermöglicht - unabhängig davon, ob sie Vollzeit oder Teilzeit beschäftigt sind.

Leider haben wir es bisher verpasst, den Mindestlohn auf einem Niveau festzulegen, das tatsächlich existenzsichernd ist. Der aktuelle Betrag reicht oft nicht aus, um die Grundbedürfnisse wie Wohnen, Essen und Kleidung abzudecken. Daher fordern wir als LINKE eine deutliche Anhebung des Mindestlohnes auf mindestens 12 Euro pro Stunde. Nur so können wir sicherstellen, dass niemand durch seine Arbeit arm wird.

Ein weiteres Problem besteht darin, dass viele Beschäftigte trotz ihrer harten Arbeit immer noch unterhalb des Existenzminimums verdienen. Hier brauchen wir dringend Verbesserungen! Wir müssen dafür Sorge tragen, dass jeder Mensch, egal wo er herkommt oder was er tut, genug Geld verdient, um seinen Lebensunterhalt bestreiten zu können.

Darüber hinaus setzen wir uns dafür ein, dass der Mindestlohn regelmäßig an die Entwicklung der allgemeinen Löhne angepasst wird. Nur so kann gewährleistet werden, dass er seiner Funktion gerecht wird: Einkommensschwachen Gruppen eine angemessene Entlohnung zu garantieren.

Wir dürfen nicht länger hinnehmen, dass Millionen Menschen in unserem Land trotz harter Arbeit arm bleiben. Es ist unsere Pflicht als Politikerinnen und Politiker, für faire Bezahlung einzutreten und allen Bürgern ein würdiges Dasein zu ermöglichen. Deswegen kämpft DIE LINKE unermüdlich für höhere Löhne und bessere Arbeitsbedingungen – denn jede Arbeit muss sich lohnen!

Ich danke Ihnen.","Sehr geehrte Damen und Herren,

ich möchte heute über das wichtige Thema des gesetzlichen Mindestlohns sprechen, welches uns als LINKE seit jeher sehr am Herzen liegt.

Der Mindestlohn ist mehr als nur eine Lohnuntergrenze - er sichert die Existenzgrundlage vieler Arbeitnehmerinnen und Arbeitnehmern in unserem Land. Er sorgt dafür, dass Menschen von ihrer Hände Arbeit leben können und nicht auf zusätzliche staatliche Unterstützung angewiesen sind.

Doch trotz seiner Bedeutung für soziale Gerechtigkeit haben wir es bisher versäumt, den gesetzlichen Mindestlohn ausreichend anzuheben. Aktuell beträgt er gerade einmal 9,60 Euro pro Stunde – viel zu wenig, um davon einen menschenwürdigen Lebensstandard finanzieren zu können!

Die Corona-Pandemie hat diese Problematik noch verschärft: Viele Beschäftigte mussten Kurzarbeitergeld beziehen oder verloren sogar ihren Job ganz. Und wer glücklicherweise seinen Arbeitsplatz behalten konnte, arbeitete oft unter erschwerten Bedingungen ohne ausreichenden Schutz vor Ansteckung. 

Wir fordern daher dringend eine sofortige Erhöhung des Mindestlohns auf mindestens 12 Euro brutto pro Stunde! Nur so kann gewährleistet werden, dass alle Menschen durch ihre Arbeit existentiell abgesichert sind und nicht zur Sozialhilfe greifen müssen. Eine solche Erhöhung würde auch dazu führen, dass weniger Bürgerinnen und Bürger auf ergänzende Leistungen wie Hartz IV angewiesen wären.

Darüber hinaus setzen wir uns weiterhin für branchenbezogene Mindestlöhne sowie Entgeltgleichheit zwischen Männern und Frauen ein. Es darf keine Unterschiede geben bei gleicher Arbeit! Wir wollen zudem Regelungen gegen prekäre Beschäftigungsverhältnisse, wie sachgrundlose Befristungen und Leiharbeit.

Liebe Kolleginnen und Kollegen, lassen Sie uns gemeinsam kämpfen für faire Bezahlung und gute Arbeit in diesem Land! Der Mindestlohn muss endlich angepasst werden, damit niemand mehr arm sein muss obwohl er arbeitet. Das wäre ein starkes Signal für soziale Gerechtigkeit und Solidarität in Deutschland.

Vielen Dank.","Sehr geehrte Damen und Herren,

ich spreche heute als Vertreterin der Fraktion Die LINKE über das wichtige Thema Mindestlohn.

Ein existenzsichernder Lohn ist für uns Sozialisten nicht verhandelbar. Jeder Mensch muss von seiner Arbeit leben können - unabhängig davon in welcher Branche er oder sie tätig ist. Deshalb fordern wir einen flächendeckenden gesetzlichen Mindestlohn von mindestens 12 Euro pro Stunde!

Die Realität sieht jedoch oft anders aus: Millionen Menschen arbeiten trotz Vollzeitjob unter dem Existenzminimum! Der aktuelle gesetzliche Mindestlohn von gerade einmal 9,60€ brutto die Stunde reicht dafür bei weitem nicht aus. Besonders betroffen sind Frauen, ältere Beschäftigte, geringqualifizierte Personen und Bürger*innen ohne deutschen Pass. Sie werden systematisch ausgebeutet und entwertet.
Das darf so nicht weiter gehen!
Wir brauchen endlich faire Bezahlung für alle, unabhängig vom Geschlecht, Alter oder Aufenthaltsstatus!

Der Mindestlohn sollte zudem an die allgemeine Preisentwicklung gekoppelt sein. Sonst läuft man Gefahr, dass sich prekäre Arbeitsverhältnisse durch Inflation immer mehr verschärfen. Auch Zuschläge wie Nacht- oder Feiertagszuschläge müssen selbstverständlicher Bestandteil jedes Tarifvertrages sein!

Doch auch tarifgebundene Betriebe dürfen nicht länger um ihren Standort gefürchtet haben, wenn sie höhere Löhne zahlen wollen. Wir wollen daher einen Rechtsanspruch auf Allgemeinverbindlichkeitserklärungen einführen. Das bedeutet: Wenn in einem bestimmten Gebiet und Branchensegment bereits achtzig Prozent aller Beschäftigen nach Tarif bezahlt wird, soll der jeweilige Tarifvertrag automatisch gelten – egal ob der Betrieb Mitglied im entsprechenden Verband ist oder nicht.

Gleichzeitig setzen wir uns für eine echte Entlastung derjenigen ein, die wenig verdienen. Dazu gehört vor allem die Anhebung des steuerfreien Grundfreibetrags auf mindestens 13.000 € sowie die Einführung eines armutsfesten Existenzminimumbergs. Nur so kann wirkungsvoll Armut bekämpft werden.

Es liegt noch viel Arbeit vor uns, aber es gibt keinen Grund zur Resignation. Gemeinsam kämpfen wir für den Anspruch jeder und jeden Einzelnen auf ein würdevolles Leben durch gute Arbeit und gerechte Bezahlung. Denn eines steht fest: Keiner verdient weniger als die Anerkennung seines Wertes als Teil unserer Gesellschaft!

Vielen Dank für Ihre Aufmerksamkeit.","Ich möchte mich zunächst einmal bei den Beschäftigten in diesem Land bedanken: Sie haben es verdient – das sage ich hier ganz deutlich –, dass wir ihre Lebensleistung anerkennen; denn sie sind diejenigen, die dieses Land am Laufen halten. Ich glaube, wenn man sich anschaut, was für einen Aufwand diese Bundesregierung betrieben hat, um diesen Antrag abzulehnen, dann sieht man doch auch, wie wichtig ihnen dieser Antrag ist. Wir wollen nämlich nicht nur über Löhne reden, sondern wir wollen darüber diskutieren, ob die Menschen von ihrer Arbeit leben können oder nicht. Das ist unser Anspruch als Fraktion Die Linke. Deswegen müssen wir uns natürlich fragen, warum die Bundesregierung so vehement gegen unseren Vorschlag vorgeht. Es gibt ja einige Gründe dafür. Erster Grund: Der gesetzliche Mindestlohn wurde eingeführt, weil er notwendigerweise geworden ist. In Deutschland gab es vorher keine Tarifbindung mehr. Seitdem ist der Anteil der tarifgebundenen Arbeitsverträge auf unter 50 Prozent gefallen. Wenn also heute jemand sagt „Tariflöhne“, dann muss man sagen: Ja, aber welche? Was gilt eigentlich noch? Und zweitens: Warum brauchen wir überhaupt einen Mindestlohn? Weil im Niedriglohnbereich immer weniger gezahlt wird. Immerhin geht es dabei um fast 7 Millionen Menschen. Diese Zahl habe ich gerade gehört. Aber wissen Sie, wer davon besonders stark betroffen ist? Frauen! Fast jede dritte Frau arbeitet in einem Bereich, wo sie weniger als 8 Euro pro Stunde bekommt. Da kann man wirklich nicht von Gleichberechtigung sprechen. Drittens. Auch viele junge Leute verdienen sehr wenig Geld. Jeder vierte Jugendliche zwischen 18 und 25 Jahren erhält weniger als 9 Euro brutto pro Stunde. Viertens. Wer soll eigentlich vom Mindestlohn profitieren? Natürlich sollen alle daran teilhaben. Aber tatsächlich profitiert davon niemand außer dem Arbeitgeber. Denn durch den Mindestlohn werden die Kosten für ihn höher. Das heißt, er zahlt zwar etwas mehr aus, aber er spart gleichzeitig auch wieder viel Geld dadurch, dass er seinen Mitarbeitern weniger zahlen muss. Fünftes Argument: Wie hoch sollte der Mindestlohn sein? Nach Auffassung der Regierungsfraktionen reicht der aktuelle Mindestlohn vollkommen aus. Man müsse lediglich darauf achten, dass er nicht weiter steigt. Dabei vergessen sie allerdings eins: Den größeren Teil ihres Einkommens machen die meisten Menschen eben nicht beim Gehalt, sondern bei Zuschlägen und Prämien usw., insbesondere bei Schichten- und Nachtarbeitszulagen sowie bei Überstundenzahlungen. Genau da liegt der Hund begraben. Sechste Begründung: Wo bleibt denn eigentlich die Unterstützung für die Unternehmen? Sollte man meinen, dass sie unterstützt würden. Nein, nein, nein! Stattdessen will die Große Koalition jetzt sogar noch die Betriebsräte schwächen. Mit anderen Worten: Die Interessen der Arbeitnehmerinnen und Arbeitnehmer spielen in dieser Gesellschaft offenkundig gar keine Rolle mehr. Meine Damen und Herren, es steht fest: Ohne unsere Initiative würde nichts passieren. Keiner käme auf die Idee, über einen höheren Mindestlohn nachzudenken. Darüber hinaus wäre ohne uns wahrscheinlich schon längst klar, dass die Reallöhne sinken. Unsere Initiative zeigt jedoch genau das Gegenteil. Wir fordern daher die Bundesregierung auf, endlich ernsthafte Verhandlungsbemühungen einzugehen, damit die Realität der Menschen in unserem Land berücksichtigt wird. Herzlichen Dank.","Ich möchte mich zunächst einmal ganz herzlich bedanken für die Unterstützung unserer Anträge zur Erhöhung des gesetzlichen Mindestlohns auf mindestens 12 Euro pro Stunde. Ich glaube, das ist ein wichtiger Schritt in Richtung Existenzsicherheit von Millionen Arbeitnehmerinnen und Arbeitnehmern hier im Lande. Liebe Kollegin Krellmann – ich sehe sie nicht; aber vielleicht hat sie es gehört –: Wir haben uns auch bei den Koalitionsverhandlungen dafür eingesetzt, dass wir einen höheren Mindestlohn bekommen. Aber leider war da nichts mehr drin. Deswegen bin ich froh darüber, dass Sie unsere Forderung jetzt unterstützen. Das finde ich sehr gut! Es gibt ja noch weitere Punkte, wo man sich fragt: Wie kann eigentlich jemand von einem Lohn leben? Zum Beispiel: Wenn man als alleinerziehendes Kind zwei Kinder unter drei Jahren hat, dann bekommt man nach dem Bundeselterngeld- und Elternzeitgesetz nur maximal 14 Monate lang Elterngeld Plus. Danach muss man wieder arbeiten gehen. Und wenn man dann Vollzeitjob macht, dann erhält man meistens weniger Geld als vorher während der Elternzeit. Dann stellt sich natürlich die Frage: Wo soll denn bitte schön ein Alleinerziehender oder eine Familie überleben können, wenn er/sie trotz Vollzeitarbeit am Ende immer noch weniger verdient als davor? Also, liebe SPD-Fraktion, lieber Herr Heil: Da müssen Sie doch mal etwas tun! Die Vorsitzende der Grünen-Fraktion hat heute Morgen davon geredet, dass wir endlich die Leiharbeit abschaffen wollen. Auch dazu habe ich eine Meinung. Frau Kollegin Krellmann, gestatten Sie eine Zwischenfrage aus der AfD-Fraktion? Nein, danke. – Dazu sage ich Ihnen Folgendes: Natürlich wäre es besser, wenn wir keine Leiharbeiter hätten. Aber so lange es diese Leiharbeitsbranche gibt, sollten zumindest diejenigen, die dort beschäftigt sind, gleich behandelt werden wie andere Beschäftigte. Darum geht es mir. Jetzt komme ich zu meiner eigentlichen Rede zurück. Ein weiterer Punkt ist die sogenannte Grundsicherungsreform. Diese Reform wurde schon angekündigt. Sie wird kommen. Aber was bedeutet „Grundsicherungsreform“? Was heißt das konkret? Bedeutet das, dass Menschen künftig deutlicher sanktioniert werden sollen, weil sie Arbeitsangebote ablehnen? Oder bedeutet dies gar, dass künftige Hartz‑IV-Empfänger ihre Kontodaten preisgeben müssen? Das würde nämlich heißen, dass jeder Bürger dieses Landes quasi vom ersten Tag an seine Bankdaten offenlegen müsste. Meine Damen und Herren, das halte ich persönlich für untragbar. Eine solche Maßnahme hätte weitreichenden Charakter, und zwar sowohl datenschutzrechtlich als auch vertrauensbildend gegenüber unseren Bürgern. Dies sollte wirklich keinesfalls passieren. Vielen Dank.","Sehr geehrte Damen und Herren! Liebe Kolleginnen und Kollegen! Es ist ja wirklich erstaunlich: Die Bundesregierung beschließt in Brüssel den Aufbau neuer europäischer Strukturen zur Kontrolle nationaler Haushalts- und Finanzpolitik – das war auch schon die Vorgängerin von Frau Merkel; es gibt da also einen Konsens –, aber sie wird hier im Hause nicht daran gemessen. Da muss man sich wundern über so viel Naivität oder Unverständnis. Wenn wir uns anschauen, was diese Regierung macht – ich habe mir gerade noch mal angesehen, wie lange sie jetzt regiert –, dann stellt man fest, dass sie seit dem Jahr 2013 fast jedes zweite wichtige Gesetzgebungsprojekt durch dieses Haus geschoben hat. Sie haben alle möglichen Tricks genutzt, um ihre Projekte durchzubringen. Ich kann mich nur an einige wenige Dinge erinnern. Wir hatten einmal eine namentliche Abstimmung darüber, ob wir den Euro-Rettungsschirm akzeptieren wollen oder nicht. Das waren 709 Mitglieder des Parlaments und vielleicht knapp unter hundert Personen aufseiten der Opposition. Und wenn heute bei einem solchen Gesetzentwurf mehr als zehn Leute fehlen würden, wäre dieser Antrag sofort abgeschmettert worden. Insofern finde ich es einfach skandalös, dass Sie hier Ihre Rechnungen vornehmen und glauben, wir hätten nichts gemacht, während Sie doch selbst sagen müssten, welches Projekt Sie eigentlich eingereicht haben. Im Übrigen sind die meisten Initiativen der Linken auch erfolgreich gewesen. Aber kommen wir zurück zu Ihrem Entschuldigungsgeld für Rentnerinnen und Rentner: Darüber wurde bereits alles gesagt. Jetzt will ich darauf hinweisen, dass das Ganze natürlich nur dazu dient, Ihren Kurs zu verfolgen. Denn am Ende sollen Steuergelder eingesammelt werden. Deshalb müssen Sie erst mal erklären, woher denn bitte schön die Mittel dafür stammen sollten. Alle anderen Maßnahmen wurden nämlich schon vorgebracht: Erhöhung der Mehrwertsteuer, Senkung anderer Steuersätze usw., damit Ihr Ziel erreichen können, nämlich 10 Milliarden Euro einzusparen. Auch das sollte deutlicher herausgestellt werden, weil Sie versuchen, den Eindruck zu erzeugen, als würdet ihr etwas Gutes tun. Herr Präsident, gestatten Sie eine Zwischenfrage aus der CDU/CSU-Fraktion? Nein. Lieber Uli Grötsch, lassen Sie mich kurz ausführen. Der größte Beitrag zur Stabilisierung unserer Sozialversicherungen kommt übrigens vom Arbeitgeberbeitrag, der erhöht wird. Ich sage Ihnen gleich, warum dies wichtig ist: Weil diejenigen, die diesen Beitrag leisten, nämlich die Unternehmen, die Gewinne machen, meistens keine Beiträge zur Arbeitslosenversicherung bezahlen. Von daher bin ich froh, dass wir diese Veränderung haben. Zweitens. Ich möchte klarstellen, dass wir den Menschen helfen, die nachweisbar benachteiligt sind. Dies geht nicht ohne Konsequenz für andere Menschen, die ebenfalls Anspruch auf Altersrente haben. Hier gilt unsere Solidaritätspflicht. Mit diesem Instrument hilft man denen, die tatsächlich Hilfe brauchen. Das ist unser Versprechen gegenüber unseren Bürgerinnen und Bürgern. Meine sehr verehrten Damen und Herren, ich hätte gerne gehört, welche Antworten Sie auf meine Frage geben könnten, wie denn Ihr Modell funktionieren soll. Natürlich muss man dabei auch berücksichtigen, dass diese Rente eben nicht bedingungslos gezahlt wird, sondern nur an diejenigen, die sich aktiv um ihren Lebensunterhalt bemühen. Damit verbunden ist jedoch auch, dass jeder Cent, der ausgegeben wird, gerecht verteilt sein muss. Wir reden nicht davon, dass Geld ins Ausland fließen darf; denn sonst besteht die Gefahr, dass manche sogar besser wegkommen, als sie es früher getan haben. Dahinter steckt kein böser Wille. Vielmehr handeln wir ganz pragmatisch. Das heißt, wir unterstützen diejenigen, die Unterstützung benötigen. Wer diese Bedürfnisse erkennt, wird sicherlich auch bereit sein, unserem Anliegen zuzustimmen. Nun komme ich zu den Forderungen meiner Fraktion. Wir fordern weiterhin eine Grundrente. Diese würde mindestens 900 Euro betragen und könnte höhere Beträge erhalten. Außerdem wollen wir den Pflegebedarf neu definieren. Nicht jede Person, die körperlich beeinträchtig ist, ist automatisch pflegebedürftig. Man kann nicht jeden Tag sechs Stunden lang jemandem beim Waschen behelfen. Schließlich betrifft das etwa 1 Million Kinder und Jugendliche, die täglich drei Stunden mit ihrer Mutter duschen gehen müssen, weil deren Arm kaputt ist. Solange das Problem nicht gelöst ist, können wir von keiner echten Verbesserung sprechen. Kommen wir nun zu meinem letzten Punkt, der wieder einmal beweist, dass Sie offenkundig immer noch nicht begriffen haben, worauf es ankommt. Ich rede von der Rente nach Tarif. Ich frage Sie allen Ernstes: Wie stellen Sie sich eigentlich die Zukunft Ihrer eigenen Rente vor? Fürchten Sie sich wirklich davor, dass irgendjemand, irgendeinem jungen Menschen beibringt, wie man die Maschine bedienen kann, die Millionen Euro pro Monat erwirtschaftet? Oder befassen Sie sich lieber damit, wie viele junge Menschen, wie viel Bildung und Wissen in Deutschland vorhanden sind? Dann wissen Sie nämlich auch, dass wir unendliches Potenzial besitzen, welcher Art auch immer. Doch leider scheinen Sie vergessenes Potenzial zu bevorzugen. Und genau hier liegt Ihr Fehler: Sie sorgen nicht dafür, dass möglichst viele Menschen lernen, arbeiten und leben dürfen, sodass niemand gezwungen wird, seine Zeit mit einer Tätigkeit totzuschlagen, die kaum etwas bringt. Stattdessen entlassen Sie ganze Generationen von Beschäftigten in prekäre Jobs, die keinen Sinn machen. Bei all diesen Punkten bleibt letztendlich eins bestehen: Sie fühlen sich wohl dabei, ältere Menschen gegeneinander ausspielen zu wollen. Dabei zeigt sich: Je mehr Armut in einer Stadt existiert, desto größer ist auch die Angst vor allem Älteren, die arm sind. Das bedeutet, je ärmer die Stadt, desto weniger Interesse zeigen die Bewohner an alten Menschen. Uns ist das egal. Wir sehen alte Menschen nicht als Belastung, sondern als Bereicherung. Herzlichen Dank."
Linke,Bundeswehreinsatz im Kosovo,"Sehr geehrte Damen und Herren,

ich möchte heute über den Einsatz unserer Bundeswehrsoldatinnen und -soldaten sprechen, die seit fast zwei Jahrzehnten im Rahmen von KFOR (Kosovo Force) im Kosovo stationiert sind.

Die Entsendung deutscher Soldaten in das ehemalige Jugoslawien war notwendig geworden nach dem verheerenden Bürgerkrieg Anfang der neunziger Jahre. Die NATO hatte sich gezwungen gesehen, militärisch gegen Serbien vorzugehen, um weitere Gräueltaten an der albanischen Bevölkerungsgruppe zu unterbinden. Nach einem langwierigen Friedensprozess wurde dann 1999 die UN-Resolution 1244 verabschiedet, welche die Stationierung internationaler Truppen zur Sicherstellung der Stabilität vorsah.

Unsere Aufgabe als Linkspartei ist es stets kritisch zu hinterfragen: Warum braucht es noch immer einen solchen Militäreinsatz? Ist er wirklich nötig oder könnte man nicht auf zivile Mittel setzen?

Ich sage ganz klar ja! Es gibt keinen Grund mehr für diesen fortgesetzten Auslandseinsatz der Bundeswehr. Der Konflikt zwischen Serben und Albanern hat sich entspannt, beide Seiten haben ihre eigenen Staaten. Eine friedliche Koexistenz scheint möglich. 

Auch wenn wir uns bewusst sein müssen, dass ethnische Spannungen weiterhin bestehen bleiben werden, so dürfen diese doch kein Vorwand dafür sein, unsere Soldat*innen länger dort zu belassen. Stattdessen sollten wir verstärkt diplomatische Initiativen unterstützen, die Dialogbereitschaft fördern und Versöhnung ermöglichen.

Deshalb fordert meine Fraktion die sofortige Rückführung aller deutschen Streitkräfte aus dem Kosovo. Wir wollen keine dauerhafte Präsenz fremder Mächte in diesem Land, sondern Selbstbestimmtheit und Eigenverantwortlichkeit seiner Bewohnerinnen und Bewohner. Nur durch internationale Unterstützung bei wirtschaftlicher Entwicklung und Rechtsstaatsbildung können tragfähige Strukturen geschaffen werden, die Gewalt und Hass überflüssig machen.

Es geht darum, Vertrauen wiederherzustellen – sowohl innerhalb der kosovarischen Gesellschaft selbst als auch in deren Fähigkeit zur friedlichen Zusammenarbeit miteinander. Dafür bedarf es Mut und Geduld, aber letztlich ist dies der einzige Weg hin zu echter Normalität und Stabilisierung.

Wir appellieren daher an Sie alle hier im Haus: Setzen Sie endlich ein Zeichen und beenden sie diesen unnützen und gefährlichen Einsatz unserer Soldatinnen und Soldaten im Kosovo!

Vielen Dank.","Sehr geehrte Damen und Herren,

ich möchte heute über einen Aspekt sprechen, der uns alle angeht: den Einsatz unserer Bundeswehr im Kosovo.

Die Situation in diesem Land ist seit vielen Jahren angespannt. Die ethnischen Konflikte zwischen Serben und Albanern haben tiefe Gräben hinterlassen. Der Krieg von 1998/99 hat das Land verwüstet und unzählige Menschenleben gekostet. Deshalb war es richtig und notwendig, dass die internationale Gemeinschaft einschritt, um Frieden und Stabilität wiederherzustellen.

Der NATO-Einsatz ""KFOR"" trägt seit fast zwei Jahrzehnten dazu bei, die Sicherheit aller Bevölkerungsgruppen im Kosovo zu gewährleisten. Er ermöglicht es den Menschen dort, friedlich zusammenzuleben - trotz ihrer unterschiedlichen kulturellen Hintergründe. 

Auch wenn wir als Linke kritisch gegenüber Auslandseinsätzen sind, sehen wir hier durchaus positive Effekte. Denn ohne KFOR gäbe es vermutlich immer noch Bürgerkriege oder gar Völkermorde wie in Ruanda oder Srebrenica. Das darf nicht vergessen werden!

Gleichzeitig dürfen wir aber auch nicht verschweigen, welche Probleme bestehen bleiben. Etwa die hohe Arbeitslosigkeit, Korruption und Armut vieler Kosovaren. Oder die Tatsache, dass serbische Minderheiten weiterhin diskriminiert werden – trotz internationaler Schutztruppe. Hier muss sich endlich etwas ändern! Nur so kann dauerhafter Friede entstehen.

Deshalb fordere ich:
Erstens mehr Anstrengungen für wirtschaftliche Entwicklung und Rechtsstaatlichkeit vor Ort.
Zweitens müssen die UN-Resolutionen konsequent umgesetzt werden, damit alle Ethnien gleichberechtigt leben können.
Und drittens brauchen wir eine ehrliche Aufarbeitung der Vergangenheit statt Verdrängung und Vertuschung.

Lassen Sie mich abschließend sagen: Auch nach bald zwanzig Jahren zeigt sich, dass militärische Interventionen oft keine Patentrezepte sind. Wir sollten sie nur als letztes Mittel betrachten. Genauso wichtig sind zivile Krisenprävention, Diplomatie und Entwicklungszusammenarbeit. Gerade als Linke tragen wir diese Position in die Debatten hinein.

Vielen Dank für Ihre Aufmerksamkeit.","Sehr geehrte Damen und Herren,

ich möchte heute über einen wichtigen Aspekt unserer Sicherheits- und Außenpolitik sprechen: Den Einsatz der Bundeswehr im Kosovoschutzgebiet.

Die Situation in diesem Land ist nach wie vor prekär. Trotz internationaler Friedenstruppen sind ethnische Spannungen weiterhin präsent. Die Region bleibt ein Pulverfass, das jederzeit explodieren kann. 

Es wäre leichtfertig zu behaupten, dass die Arbeit der KFOR vollständig erfolgreich war. Doch wir dürfen nicht vergessen: Ohne den entscheidenden Beitrag Deutschlands und seiner Verbündeten hätte es noch viel mehr Gewalt gegeben. Unser Engagement hat dazu beigetragen, Stabilität herbeizuführen - trotz aller Rückschläge.

Aber was bedeutet ""Stabilisierung""? Wir müssen ehrlich sein: Es geht hierbei weniger um Demokratie oder Menschenrechte als vielmehr darum, weitere Konflikte zwischen Serben und Albanern zu verhindern. Dafür setzen sich unsere Soldaten jeden Tag ein – oft unter schwierigsten Bedingungen.

Doch darf man fragen: Ist dies gerecht? Sollten wir uns wirklich auf Jahrzehnte hinweg an einem Ort engagieren, dessen Bevölkerung kaum Interesse zeigt am Aufbau ihrer eigenen Gesellschaft?

Wir von der Linkspartei sagen Nein! Unsere Priorität muss sein, Geld für Bildung, Sozialleistungen und Infrastruktur bereitzustellen statt Militärbasen in Krisengebieten auszuweiten. Nur so können wir langfristige Lösungsansätze finden.

Natürlich braucht es auch Präsenz deutscher Diplomatie und Entwicklungshilfe im Kosovo. Aber keine militarisierten Missionen à la ISAF, sondern zivile Projekte zur Förderung des Dialogs und Zusammenhalts!

Zudem sollten wir endlich begonnen, Verantwortliche für Kriegsverbrechen vor Gericht zu bringen. Auch wenn dies unpopulär erscheint - ohne Gerechtigkeit gibt's keinen Frieden.

Meine Damen und Herren,
die Zeit des militärischen Engagements im Ausland neigt sich dem Ende zu. Lassen Sie uns stattdessen mutig neue Wege beschreiten:
Militärexpansion durch zivilgesellschaftliches Engagement ersetzen,
Friedensmission durch Rechtsstaatlichkeit stützen.
Nur so werden wir dauerhaft Stabilität erreichen - im Kosovo genauso wie weltweit.

Ich danke Ihnen.","Die Entscheidung über den Einsatz der Bundeswehr in Mali ist für uns nicht leicht gefallen; denn wir haben die Entwicklung dort seit vielen Jahren verfolgt. Wir sind auch immer wieder vor Ort gewesen – zuletzt bei einem Besuch von Vertreterinnen und Vertretern unserer Fraktion zusammen mit dem Vorsitzenden unseres Auswärtigen Ausschusses, Michael Roth, Ende letzten Jahres. Ich möchte an dieser Stelle noch einmal ganz herzlich dafür danken: Es war sehr wichtig, dass wir das gemeinsam gemacht haben. Denn es zeigt, wie ernst wir diese Frage nehmen. Das gilt übrigens genauso für unsere Kollegin Heike Hänsel aus unserem Koalitionspartner Bündnis 90/Die Grünen. Sie hat sich ebenfalls intensiv damit beschäftigt. Auch ihr möchten ich hierfür meinen Dank aussprechen. Die Lage in Mali ist dramatisch. Der Konflikt zwischen Tuareg-Rebellen auf der einen Seite und Regierungstruppen sowie islamistischen Gruppierungen auf der anderen Seite dauert nun schon viele Jahre an. In diesem Jahr gab es bereits mehr als 1 000 Tote und Verletzte durch bewaffneten Gewaltkonflikte. Mehrere Hunderttausend Menschen mussten flüchten. Und trotzdem gibt es keine Perspektive für Frieden. Deshalb müssen wir alles tun, um diesen Prozess zu unterstützen. Dazu gehört natürlich auch, dass Deutschland seinen Beitrag leisten muss. Aber was bedeutet „alles“? Was heißt „Beitrag“, wenn man ihn richtig verstehen will? Wenn man beispielsweise mal nachschaut, welche Länder am meisten Soldaten in dieses Land entsendet haben, dann sieht man, dass Frankreich alleine fast so viel Personal dorthin geschickt hat wie alle europäischen Staaten zusammengenommen. Natürlich kann man sagen: Ja, aber sie waren ja auch früher da. – Aber selbst wenn man das berücksichtigt, bleibt doch festzuhalten, dass Europa insgesamt nur etwa halb so viel Personal eingesetzt hat wie Russland oder China. Also, meine Damen und Herren, wenn wir wirklich wollen, dass die Europäer ihren Teil dazu beitragen, dann sollten wir auch bereit sein, unseren Anteil daran einzubringen. Dabei geht es jetzt erst recht nicht um militärische Lösungsansätze. Im Gegenteil! Wir brauchen endlich einen echten diplomatischen Ansatz zur Beilegung des Konflikts. Diesem Ziel dienen auch die Gespräche, die gerade stattfinden. Darüber hinaus sollte man vielleicht darüber diskutieren, ob es sinnvoll wäre, die UN-Mission MINUSMA unter französischer Führung weiterhin fortsetzen zu lassen. Vielleicht könnte man stattdessen versuchen, die EU-Trainingsmission EUTM Mali stärker in den Mittelpunkt zu stellen. Diese Mission wird nämlich vom deutschen Generalmajor Markus Kneip geleitet. Er genießt großes Ansehen sowohl innerhalb der Truppe als auch außerhalb. Warum also nicht ihm die Leitung einer solchen Mission übertragen? Dann hätte er die Möglichkeit, seine Erfahrungen und Kenntnisse direkt in die Praxis umzusetzen. Außerdem würde dies sicherstellen, dass die Trainingsmaßnahmen tatsächlich effektiv gestaltet werden können. Meiner Meinung nach müsste man dabei allerdings darauf achten, dass die Sicherheitskräfte Malis möglichst schnell eigenständig handlungsfähiger werden. Nur so könnten sie ihre Aufgaben langfristig wahrnehmen. Eine weitere wichtige Maßnahme besteht meiner Auffassung nach darin, die Zusammenarbeit mit der Zivilbevölkerung zu verbessern. Hierbei spielt besonders die Unterstützung beim Wiederaufbau eine Rolle. Ohnehin dürfen wir nie vergessen, dass es letztendlich die Menschen in Mali sind, deren Leben davon abhängt, dass wir ihnen helfen. Deshalb bin ich froh, dass die Bundesregierung angekündigt hat, künftig deutlich mehr Geld für humanitäre Hilfe zur Verfügung zu stellen. Ein letztes Wort noch zu den Kosten. Da hört man oft, dass die Einsparpotenziale ungenutzt blieben. Dem stimme ich keineswegs zu. Schon heute trägt Deutschland weit mehr als die Hälfte aller Kosten für die internationalen Militäreinsätze weltweit. Allein für die beiden Mandate in Afghanistan und Mali geben wir jährlich rund 2 Milliarden Euro aus. Hinzu kommen nochmal knapp 500 Millionen Euro für die Entsendekosten der Bundespolizei. Damit liegt Deutschland inzwischen sogar hinter den USA. Dahinter folgen Großbritannien, Italien, Spanien und Kanada. Selbstverständlich kostet jede einzelne Operation Geld. Doch wer glaubt, dass wir dadurch weniger Probleme hätten, irrt sich leider. Stattdessen würden wir einfach andere lösen. So gesehen stellt sich mir persönlich eher die Frage, wo genau eigentlich all das Geld hingeht. Ich danke Ihnen für Ihre Aufmerksamkeit.","Ich möchte zunächst einmal die Gelegenheit nutzen – wir haben ja nicht so oft solche Debatten hier; das ist auch gut so –, um den Soldatinnen und Soldaten in Afghanistan für ihren Einsatz zu danken. Ich glaube, es wäre ganz wichtig gewesen, dass Sie als Verteidigungsministerin heute anwesend wären, um diesen Dank auszusprechen. Das hätte sich gehört. Wir werden diese Debatte fortsetzen müssen: Wie gehen wir eigentlich mit unseren Soldatinnen und Soldaten um? Da gibt es noch viel Luft nach oben. Der Antrag zur Verlängerung des Mandats enthält viele richtige Punkte. Er kommt aber leider etwas spät. Die Regierung hat nämlich schon vor Wochen angekündigt, dieses Mandat verlängern zu wollen. Es gab dann einen Riesenschnitzer von Frau Kramp-Karrenbauer, indem sie gesagt hat, man könne das vielleicht doch verkürzen. Dann kam wieder Bewegung rein. Insofern muss ich sagen: Wenn Sie jetzt aufgrund dieser Diskussion über das „Zeit“-Interview kommen und erklären, warum Sie das denn nun machen wollten oder eben nicht, dann finde ich das ziemlich billig. Meine Damen und Herren, lassen Sie mich kurz einige Sätze zu dem sagen, was bisher passiert ist. Nachdem Russland die Krim annektierte, wurden die Beziehungen zwischen Russland und NATO immer schlechter. Man wollte keinem mehr trauen. Das führte dazu, dass wir uns zurückgezogen haben und damit unsere Präsenz reduziert wurde. Im Jahr 2015 mussten die USA ihre Truppen abziehen. Dieser Rückzug bedeutete natürlich auch, dass die Sicherheitslage dort schwieriger wird. Deshalb kann ich Ihnen nur raten, endlich mal dafür zu sorgen, dass wir wieder eine dauerhafte internationale militärische Präsenz bekommen, weil sonst diese Situation weiterhin eskalieren könnte. Was sind denn die Probleme im Lande selbst? Es gibt keine funktionale staatliche Struktur. Korruption herrscht vor wie eh und je. Die Menschen leben am Existenzminimum. Es gibt kaum Arbeit. Selbst wenn man arbeitet, verdient man gerade genug, um seine Familie ernähren zu können. Und die Jugendlichen wandern massenhaft ab. Warum tun sie das? Weil ihnen nichts anderes übrigbleibt! Sie sehen keinen Sinn daran, in diesem Land zu bleiben. Vor allem junge Männer zieht es in Richtung Westeuropa. Dort hofft man, sein Glück zu finden. Aber das führt natürlich auch dazu, dass die Zahl der illegalen Migranten steigen wird. Diese Entwicklung sollten wir nicht verschleppen, sondern frühzeitig gegensteuern. Dazu gehören meiner Meinung nach drei Maßnahmen. Erster Punkt: Aufnahmeprogramme starten. Zweitens: Visa-Erteilung erleichtern. Drittens: Flüchtlingsaufnahme verstärken. Damit würde man gleich zwei Fliegen mit einer Klappe schlagen. Zum Schluss will ich noch darauf hinweisen, dass Deutschland durchaus Interesse an einem stabilisierten Balkanstaat hat. Schließlich liegt er quasi direkt vor unserer Haustüre. Deshalb sollte man alles unternehmen, damit sich die Lage verbessert. Vielen Dank.","Ich bedanke mich für die Aufmerksamkeit hier in diesem Haus; denn heute ist wirklich kein normaler Tag: Wir diskutieren über einen Antrag auf Aussetzung von Sanktionen gegen Russland – den habe ich gerade eben gehört –, wir debattieren auch darüber, ob man das Völkerrecht bricht oder nicht. Ich muss sagen: Die AfD hat sich ja schon lange damit beschäftigt, dass sie mal wieder was anderes machen will als nur Hetze zu verbreiten. Aber wie Sie es tun, finde ich persönlich ehrlicherweise ziemlich krankhaft. Und wenn Ihnen dann irgendwelche Leute hinterherlaufen, weil Sie so viel Unsinn reden, können Sie jetzt einfach weitermachen. – Ja. Also: Das ist völlig absurd! Wenn man bedenkt, welche Debatten hier geführt werden müssen, um diese NATO-Mission fortzusetzen, dann kann einem Angst und Bange werden bei dem Gedanken an diesen Einsatz, der seit mehreren Jahren läuft. Meine Fraktion lehnt dieses Mandat ab. Der Kriegsverbrecher Milosevic wurde gestürzt durch die Bombardierung Belgrads und anderer Städte, ohne vorab UN-Sicherheitsratsbeschluss dazu eingeholt zu haben, ganz nach Art des Westens. Serbien war damals Mitglied der EU. Es gab noch keine offiziellen Beitrittsanträge aus Brüssel. Doch der Westen erklärte einfach das Land zur Gefahr für Europa. Auch heute wird der Balkan immer wieder zum Schauplatz geopolitischer Machtspiele gemacht. Die USA nutzen ihn gerne dafür, ihre militärischen Interessen geltend zu machen, während Europa und Deutschland versuchen, seine eigene Rolle dort neu zu definieren. In dieser Gemengelage steht nun die Frage im Raum, ob man das Völkerrecht brechen soll oder nicht? Im Falle Bosnien-Herzegowinas hatte Präsident Clinton gesagt, dass dies nötige sei, da sonst alles zusammenbräche. Heute verursachte genau solch ein Zusammenprall zwischen verschiedenen Gruppen aber erst die Eskalation im Jahr 1995 und führte zum Massaker von Srebrenica. Deswegen sollten wir uns doch lieber fragen: Welches Recht braucht eigentlich welchem Zweck unterworfen zu sein? Diese Diskussion finden wir nämlich nirgendwo in Ihrem Mandatsentwurf wieder. Stattdessen stellen Sie die Fortführung der Mission als alternativlos dar. Warum? Weil angeblich „die regionale Sicherheit und das friedliche Zusammenleben der Bevölkerungen … beeinträchtigt“ seien. Was heißt das konkret? Zunächst einmal wollen Sie selbst festlegen, wer beurteilungs- bzw. entscheidungsbefugt ist. Dabei nehmen Sie natürlich Ihren eigenen Ländervertreten in Kosovo etwas heraus. Dass Sie dabei vom Parlamentarismus gar nichts halten, sieht man allein am Beispiel des Kosovos selber. Dort gibt es weder Wahlkampf noch demokratische Auseinandersetzung. Ganz davon abgesehen spielt das ganze Konstrukt ohnehin außerhalb jeglichen Kontextes, also außerhalb internationalen Rechts. Denn es fehlen sowohl Verhandlungen als auch Friedensprozesse. Ohne deren Abschlüsse könnten die Resolutionen des UN-Sicherheitsrates nicht umgesetzt worden sein. Jetzt sollen Soldaten dort stationiert werden, um die Umsetzung einer Resolution zu gewährleisten, die nie hätte stattfinden dürfen. Herr Kollege! Da frage ich mich schon: Wer soll die Schuld tragen, wenn tatsächlich irgendeiner Ihrer Soldaten getroffen würde? Sind Sie bereit, Ihre Fehler einzustehen? Sind Sie sogar bereit, Ihr Handeln zu korrigieren? Oder bleiben Sie beim alten Spiel der westeuropäischen Hegemonie? Dann sage ich Ihnen eins: Damit setzen Sie unseren Soldaten bewusste Lebensgefahren aus. Liebe Regierende, liebe Koalitionäre, Sie sind diejenigen, die unsere Soldaten ins Ungewisse sendet, und nicht wir Opposition. Dennoch möchte ich Ihnen folgenden Satz ans Herz legen: Ein jeder Mann kann sehen, woher der Wind weht, und wer blind ist, weiß, aus welcher Richtung er kommt. So sagt jedenfalls Bertold Brecht. Vielen Dank."
Linke,Wirtschaftshilfen Corona,"Sehr geehrte Damen und Herren,

wir stehen vor großen Herausforderungen inmitten der COVID-19-Pandemie. Die Ausbreitung des Virus hat tiefe Spuren hinterlassen - sowohl gesundheitlich als auch wirtschaftlich. Viele Menschen haben ihre Jobs verloren oder mussten massive Einkommenseinbußen hinnehmen.

Die Bundesregierung hat zwar umfangreiche Hilfspakete auf den Weg gebracht, doch diese reichen nicht aus, um die Krise vollständig abzufedern. Insbesondere Geringverdiener*innen, Solo-Selbständige und kleine Unternehmen werden benachteiligt. Es besteht die Gefahr, dass sich sozialer Sprengstoff ansammelt, wenn wir jetzt nicht entschlossen handeln!

Wir von DIE LINKE fordern daher einen Schuldenschnitt für private Haushalte! Wer durch die Pandemie in finanzielle Not geraten ist, darf nicht länger alleine gelassen werden. Wir brauchen zinslose Kredite statt weiteren Sozialabbau und Leistungskürzungen.

Auch bei den Unternehmenshilfen müssen wir nachbessern: Statt Konzerne wie Lufthansa einfach Milliarden Euro zu überweisen, sollten wir lieber kleinere Betriebe unterstützen, die systemrelevant sind – ob im Einzelhandel, Gesundheitssektor oder Pflegebereich. Hier geht es darum, Arbeitsplätze zu erhalten und unsere Grundversorgung sicherzustellen!

Darüber hinaus muss endlich Schluss sein mit dem Dumping-Wettbewerb am Weltmarkt! Deutsche Exporteure dürfen nicht mehr auf Kosten anderer Länder Profite einfahren. Stattdessen wollen wir fairen Handel und gerechte Preise für Produzent*innen weltweit. Nur so können wir Armut bekämpfen und Krisen langfristig eindämmen.

Liebe Mitbürger*innen, lassen Sie uns gemeinsam dafür kämpfen, dass niemand zurückgelassen wird! Solidarität ist gefragt - gerade in Zeiten großer Unsicherheiten. Packen wir's an!

Vielen Dank.","Sehr geehrte Damen und Herren,

wir stehen vor großen Herausforderungen inmitten dieser Pandemie. Die wirtschaftlichen Folgen sind enorm - Unternehmen kämpfen ums Überleben, Arbeitsplätze werden bedroht und viele Menschen verlieren ihre Existenzgrundlage. Es ist unsere Pflicht als LINKE im deutschen Bundestag, uns solidarisch an die Seite aller Betroffenen zu stellen.

Doch während wir über Rettungspakete diskutieren, darf nicht vergessen gehen: Diese Krise wurde von den Mächtigen verschlafen! Jahrzehntelang haben sie auf Kosten der Schwächsten gespart – bei Bildung, Gesundheitssystem oder sozialem Wohnungsbau. Nun sollen genau diese Bereiche wieder gerettet werden – aber wer soll das bezahlen? 

Wir sagen klar: Nicht auf dem Rücken der Beschäftigten und Armen! Wir fordern stattdessen einen echten Umverteilungsprozess hin zu mehr Gerechtigkeit!

Die Hilfspakete müssen endlich auch jene erreichen, denen es am meisten fehlt. Dazu gehört für uns unbedingt eine Grundrente ohne Bedürftigkeitsprüfung sowie ein Mindestlohn von mindestens zwölf Euro pro Stunde. Nur so können Armutslöhne effektiv abgesichert werden.

Auch kleine Selbstständige und Solo-Selbständige dürfen nicht alleine gelassen werden. Sie brauchen unbürokratische Soforthilfe statt komplizierter Kredite. Und wenn schon Konzerne wie Lufthansa gestützt werden, dann muss dies unter klaren Auflagen zur Sicherung von Arbeitsplätzen erfolgen.

Zudem wollen wir einen Schuldenerlass für hochverschuldete Staaten. Denn nur gemeinsam kann die globale Krise bewältigt werden. Der Green New Deal bietet dafür den richtigen Weg: Investitionen in erneuerbare Energien, öffentliche Infrastruktur und gute Arbeit sichern Zukunftsfähigkeit und Wohlstand nachhaltig.

Liebe Kolleginnen und Kollegen,
lassen Sie uns mutig sein und entschieden handeln!
Für Solidarität, Gerechtigkeit und eine lebenswerte Zukunft für Alle!","Sehr geehrte Damen und Herren,

wir stehen vor großen Herausforderungen inmitten der COVID-19-Pandemie. Die wirtschaftlichen Auswirkungen sind dramatisch: Unternehmen kämpfen ums Überleben, Millionen Arbeitnehmerinnen und Arbeitnehmer bangen um ihre Jobs. Wir als Linke wollen einen sozial gerechten Weg aus dieser Krise.

Deshalb fordern wir massive finanzielle Unterstützung für betroffene Betriebe - egal ob groß oder klein, Handwerksbetrieb, Mittelstand oder Großkonzern. Diese Hilfspakete müssen unbürokratisch ausgezahlt werden. Niemand darf aufgrund formaler Hürden leer ausgehen! 

Gleichzeitig dürfen die Lasten nicht allein von den Beschäftigten getragen werden. Kurzarbeitergeld muss länger gezahlt werden – mindestens bis Ende des Jahres, besser noch darüber hinaus. Es ist ungerecht, wenn Menschen trotz ihrer Arbeitsleistung weniger Geld haben. Zudem brauchen wir eine Sonderzahlung von 1.000 Euro pro Kopf zur Aufstockung des Einkommens.

Wir setzen uns außerdem dafür ein, dass Vermögende stärker an der Finanzierung der Krisenkosten beteiligt werden. Eine Millionärssteuer wäre fair und solidarisch. Auch sollten Bankenbeiträge erhoben werden, denn es war ihr riskantes Geschäftsgebaren, das diese Krise erst verursacht hat.

Ein besonderes Augenmerk gilt dem Gesundheitsschutz am Arbeitsplatz. Gefährdete Berufsgruppen wie Pflegepersonal, Verkäufer*innen oder Busfahrer*innen benötigen besseren Schutz durch Masken, Tests und gute Lohnfortzahlung im Krankheitsfall.  

Insgesamt braucht es jetzt entschiedenes staatliches Handeln. Einseitige Forderungen nach Deregulierung helfen niemandem weiter. Was wir brauchen ist mehr Solidarität statt Konfrontation. Lasst uns gemeinsam Wege finden, unsere Gesellschaft menschenfreundlicher und gerechter zu gestalten!

Vielen Dank.","Die Coronapandemie hat die Weltwirtschaft in den letzten Monaten hart getroffen – auch Deutschland. Die Bundesregierung hat auf diese Krise reagiert: Sie hat das größte Konjunkturprogramm seit dem Zweiten Weltkrieg beschlossen; sie hat einen Rettungsschirm für Unternehmen gespannt. Das alles ist richtig gewesen. Aber es gibt zwei Probleme bei dieser Politik. Erstens. Diese Hilfsmaßnahmen sind nicht sozial ausgewogen. Zweitens. Es fehlt an einem langfristigen Plan zur wirtschaftlichen Entwicklung Deutschlands nach der Pandemie. Beide Punkte müssen wir dringend angehen. Der erste Punkt betrifft die Verteilungsfrage innerhalb unserer Gesellschaft. Wir haben im Moment sehr hohe Einkommen von Millionären und Milliardären. Gleichzeitig steigt aber die Zahl der Menschen, die armutsbetroffen oder sogar arbeitslos werden. Dieser Trend muss gestoppt werden. Deswegen fordern wir als Linke, dass alle Maßnahmen gegen die Folgen der Coronakrise zielgerichtet eingesetzt werden sollen, um Armut abzubauen und Arbeitsplätze zu sichern. Dazu gehört vor allem, dass die Kurzarbeit verlängert wird. Denn wenn Arbeitnehmerinnen und Arbeitnehmer ihre Jobs verlieren, dann droht ihnen oft dauerhaftes Armutsrisiko. Außerdem brauchen wir endlich mehr Investitionen ins öffentliche Leben. In diesem Zusammenhang möchte ich noch mal betonen: Allein durch die Coronahilfe darf kein einziger Euro weniger in Bildung fließen! Auch hier gilt: Wer jetzt spart, zahlt später drauf. Ein weiterer wichtiger Aspekt ist natürlich die Unterstützung kleiner Betriebe. Ich finde es gut, dass die Regierungen der Länder dazu bereit waren, schnell zu handeln. Allerdings bin ich mir sicher, dass viele kleine Geschäfte ohne staatliches Geld schon längst pleite sein würden. Deswegen sage ich ganz klar: Wenn wir über Krisenhilfeprogramme sprechen, dürfen wir nicht nur große Unternehmen berücksichtigen. Kleine Geschäftsinhabende und Selbstständige gehören genauso unterstützt wie Große. Und da geht es eben nicht nur ums Überleben während der Krise, sondern auch darum, dass wir danach wieder hochfahren können. Meinen zweiten Kritikpunkt habe ich bereits erwähnt: Es fehlen konkrete Pläne dafür, was nach der Krise kommen soll. Was wollen wir eigentlich erreichen? Wie sieht unsere Vision für die Zukunft unseres Landes aus? Welche Rolle spielt dabei der Staat? Und welche Rolle spielen private Akteure? Hierzu gab es bisher leider wenig Antworten. Stattdessen hören wir immer wieder, dass man erst einmal abwarten müsse, bevor man darüber redet. Doch genau das kann nicht Sinn der Sache sein. Wir wissen doch heute schon, wo die Herausforderungen liegen. Zum Beispiel beim Klimaschutz. Immerhin steht fest, dass die CO2-Emissionen dieses Jahr stark zurückgegangen sind. Jetzt wäre also wirklich die Gelegenheit, um neue Wege zu gehen und beispielsweise klimafreundlichere Technologien zu fördern. Oder nehmen wir die Digitalisierung. Gerade in Zeiten der Kontaktbeschränkungen zeigt sich deutlicher denn je, welches Potenzial in digitalen Lösungen liegt. Warum nutzen wir diesen Fortschritt nicht stärker, um uns besser vernetzen zu können? So könnte etwa die digitale Infrastruktur verbessert werden. Damit meine ich allerdings keine Privatisierung, sondern eine Vergemeinschaftung. Also: Mehr Gemeinnützigkeit statt Profitgier! Liebe Kolleginnen und Kollegen, lassen Sie mich abschließend sagen: Eine gute Antwort auf die aktuelle Situation finden wir nur gemeinsam. Dabei sollten wir jedoch nie vergessen, wer am Ende die Kosten tragen würde. Vielen Dank.","Die Coronakrise hat die Weltwirtschaft hart getroffen. Die Pandemie ist noch nicht überstanden; sie wird uns auch weiterhin fordern. Derzeit steigen in vielen Ländern Europas wieder die Zahlen von Neuinfizierten an – das kann man den Medien entnehmen. In Deutschland haben wir einen Ansteckungswert erreicht, bei dem es schwierig sein könnte, Infektionsketten nachzuvollziehen. Es gibt also keine Entwarnung für die kommenden Wochen oder Monate. Deshalb müssen wir aufpassen: Wir dürfen jetzt nicht unvorsichtig werden! Aber wie können wir vorausschauend handeln? Wie verhindern wir wirtschaftliche Schäden durch weitere Lockdowns? Das sind Fragen, denen sich die Bundesregierung stellen muss. Ich sage Ihnen ganz ehrlich: Diese Regierung scheint mir im Moment etwas ratlos. Sie versucht, die Krise auszuhalten, statt voranzugehen. Dabei hätte diese Regierung genug Zeit gehabt, um Lösungen für die Probleme unserer Gesellschaft zu finden. Stattdessen wurde viel Zeit darauf verschwendet, Streitpunkte zwischen CDU/CSU und SPD beizulegen. Und dann gab es da ja noch diesen ominösen Koalitionsausschlussvertrag, der am Ende nur dazu diente, dass einige Leute ihre Karriere fortsetzen konnten. Wenn ich so hören würde, was hier gerade gesagt worden ist, müsste ich sagen: Manche hätten ihren Job wohl besser behalten sollen. Ich bin froh, dass Olaf Scholz als Finanzminister zurückgetreten ist. Denn er war Teil dieses Problems. Er hatte kein Konzept zur Bekämpfung der Pandemiefolgen. Seine Politik bestand darin, Milliarden Euro ohne Kontrolle ins System zu pumpen und hoffentlich irgendwie damit durchkommen. Auch wenn Herr Lindner davon nichts wissen will: Mit dieser Art von Politik sät man Verunsicherung unter den Menschen. Das Problem ist doch, dass viele Bürgerinnen und Bürger Angst haben, ihr Geld loszuwerden. Viele Unternehmen sehen keinen Sinn mehr darin, Investitionen tätigen zu wollen, weil niemand weiß, ob sie nächstes Jahr vielleicht schon pleite sind. Dieser Unsinn führt zu einem Stillstand. Was brauchen wir stattdessen? Eine klare Perspektive für die Zukunft. Dazu gehört erstens, dass wir endlich wieder Arbeitsplätze schaffen. Vor allem kleine und mittlere Betriebe sowie Selbstständige müssen unterstützt werden. Statt Subventionen sollten aber bessere Rahmenbedingungen geschaffen werden. Zum Beispiel sollte die kalte Progression abgeschafft werden. Dann könnten alle Steuerpflichtigen gleichmäßiger belastet werden. Gleichzeitig wäre dadurch auch mehr Kaufkraft vorhanden. Darüber hinaus darf die Kurzarbeit nicht einfach auslaufen. Vielmehr gilt es, neue Jobs zu fördern. Da hilft übrigens auch ein Blick nach Skandinavien. Dort wurden während der ersten Welle der Pandemie besonders gut bezahlte Jobs gefördert. So konnte dort vermieden werden, dass Arbeiterinnen und Arbeitnehmer ihre Tätigkeit wechseln mussten. Ein solches Programm fehlte bisher in Deutschland. Für mich steht fest: Wer seine Lebensgrundlage verliert, dessen Existenzangst nimmt keiner ernst. Und zweites. Um unsere Volkswirtschaft zukunftsfähig zu machen, benötigt es dringende Maßnahmen gegen Klimawandel. Energieeffizientere Gebäude, sauberes Wasser und Luft, klimaneutrale Produktion – all dies muss Priorität haben. Hierfür bietet die aktuelle Situation sogar Chancen, etwa beim Ausbau der Windenergie. Gerade jetzt zeigt sich, welche Bedeutung dezentral produzierte Energie hat. Doch leider blockiert die Union immer noch jede Form der Energiewende. Damit muss Schluss sein. Ohne schnelles Handeln droht unser Land in eine Rezession abzugleiten. Unser Ziel muss daher sein, dass wir nicht nur die Folgen der Krise bekämpfen, sondern auch deren Ursachen angehen. Nur so gelingt es uns langfristig, die Grundlagen für eine gerechte Gesellschaft zu legen. Herzlichen Dank.","Die Coronakrise ist auch in diesem Land längst nicht vorbei; sie dauert an – das haben wir eben gehört –, und die wirtschaftlichen Folgen werden uns noch lange beschäftigen. Ich bin froh über den Bericht von Minister Scholz: Die Bundesregierung hat sehr frühzeitig auf diese Krise reagiert. Das war richtig so! Wir als Fraktion Die Linke waren immer für einen schnellen Rettungsschirm gewesen. Er wurde schnell eingefädelt. Und er wird jetzt fortgeschrieben. Aber ich sage gleich dazu: Es sind Milliarden dabei, die eigentlich andere hätten zahlen müssen. Dazu komme ich nachher. Lassen Sie mich einige Punkte nennen, die mir besonders wichtig erscheinen. Natürlich geht es darum, dass Arbeitsplätze erhalten bleiben, und natürlich geht es um Liquiditätshilfe. Deswegen begrüße ich ausdrücklich, was im Gesetzentwurf steht. Aber wenn man sich einmal anschaut, wie viel Geld zur Verfügung gestellt worden ist, dann stellt man fest, dass es insgesamt 2 Billionen Euro sind. Davon entfallen aber nur 1 Prozent oder etwa 20 Milliarden Euro tatsächlich auf kleine Betriebe und Solo-Selbstständige. Was ist denn mit dem Rest? Da kommt mir doch sofort die Frage hoch: Warum bekommt beispielsweise kein Einzelhandelsgeschäft, keine Gastronomie mehr Kredite vom Staat? Sind die alle pleite? Nein, es gibt ja schon wieder Geschäfte, die öffnen können. Ist es da wirklich notwendig, jetzt solchen Unternehmen Kreditverträge anzubieten? Vielmehr muss es unser Ziel sein, dass möglichst viele Menschen ihre Arbeit behalten und ihren Lebensunterhalt verdienen können. Nur damit würde auch unsere Volkswirtschaft am Ende gut dastehen. Deshalb dürften wir nicht alles stehen-und-liegengelassene Kapital vernichten lassen, sondern müssten dieses Kapital für Investitionen verwenden. Damit kämen wir langfristig besser durch die Pandemie hindurch. Darüber hinaus brauchen wir dringend Maßnahmen gegen Kurzarbeit. Diese führt nämlich zwangsläufig dazu, dass ganze Branchen zusammenbrechen. In vielen Bereichen droht dadurch die Vernichtung von Arbeitsplätzen. Der Mittelstand trifft es besonders hart, weil dort häufig große Familienbetriebe arbeiten, wo jeder einzelne Mensch seine eigene Geschichte geschaffen hat. Wenn das kaputtgemacht wird, verliere ich meine Identität. Jetzt gilt es, diesen Zusammenbruch abzuwehren. Hierfür braucht es staatliche Unterstützung. Kolleginnen und Kollegen, bitte kommen Sie zum Schluss. Ich habe Ihnen gerade gesagt, welche Unternehmen keinen Zugriff auf die Hilfsprogramme hatten. Herr Brehl hatte gefragt, ob ich ihm antwortete hätte. Ja, das konnte ich machen, weil er hier oben stand. Das wollte ich gerne tun. Aber nun komme ich zurück zum Punkt. Frau Höhn, ich möchte darauf hinweisen, dass wir die Vorschläge, die Sie gemacht haben, bereits letztes Jahr diskutieren konnten. Sie sagen, das sei alles gar nicht passiert. Genau dafür fordern wir seit Monaten Aufklärungsarbeit, und zwar sowohl bei der EU-Kommission als auch beim Finanzministerium. Dieses Problem besteht weiterhin. Diejenigen, die davon profitierten, sind die Banken und Versicherungen, denen Sie jetzt helfen wollen, indem Sie ihnen weitere Risiken auferlegen. Die Grünen stellen also klar: „Wir retten die Großen“ und kümmern sich hinterher um die Kleinsten. So kann Politik nicht funktionieren! Zum Abschluss will ich betonen, dass dies eine Chance für uns wäre, endlich etwas Gleichwertiges zwischen Ost und West herstellen zu können, wenn es um Wiederaufbauhilfen ginge. Auch dazu fanden wir bisher leider nichts in Ihren Plänen."
Linke,Gaspreise,"Sehr geehrte Damen und Herren,

ich möchte heute über das drängende Problem steigender Energiekosten sprechen – insbesondere die explodierenden Preise für Erdgas.

Die aktuellen Preissteigerungen sind nicht nur für private Haushalte existenzbedrohend, sondern auch für kleine Unternehmen und mittelständige Betriebe. Viele Menschen können ihre Rechnungen kaum noch bezahlen, während gleichzeitig große Konzerne riesige Gewinne einfahren. Das ist ungerecht!

Wir von den Linken fordern daher einen sofortigen Stopp dieser unverschämten Profitgier! Die großen Energiemonopole müssen enteignet werden - im Sinne der Allgemeinheit statt privater Profiteure. Nur so kann verhindert werden, dass sich diese Krise weiter zuspitzt.

Auch wenn wir als Linke uns grundsätzlich gegen fossile Energien aussprechen: Solange wir auf sie angewiesen sind, dürfen die Kosten dafür nicht alleine bei denen hängenbleiben, die am wenigsten haben. Deshalb brauchen wir jetzt umgehend staatliche Hilfsprogramme zur Entlastung der Bürgerinnen und Bürger sowie der kleinen Firmen.

Konkret bedeutet dies Soforthilfezahlungen in Höhe der tatsächlichen Mehrbelastung durch gestiegene Heiz- und Stromkosten, verbunden mit einem Mindestlohn von mindestens 13 Euro pro Stunde. Zudem muss es eine Übergewinnsteuer geben, damit die Extraprofite der Energiekonzerne abgeschöpft werden und allen zugutekommen.

Gleichzeitig darf aber nicht vergessen werden: Der einzige Weg aus dem Dilemma führt über erneuerbare Energien und Energieeffizienz. Wir brauchen massiv Investitionen in Wind-, Solar- und Wasserkraftwerke, um endlich weg vom teuren Öl und Gas zu kommen. Und natürlich gehört dazu auch ein radikaler Umbau unserer Industrieproduktion hin zu nachhaltigen Technologien.

Meine sehr verehrten Damen und Herren,
die aktuelle Situation zeigt einmal mehr:
Es geht beim Kampf gegen hohe Energiepreise nicht darum, ob man links oder rechts steht.
Sondern es geht darum, welcher Seite man Priorität gibt: Den wenigen Super-Reichen oder der breiten Masse der Bevölkerung. 

Ich sage Ihnen: Als Linke stehen wir an der Seite aller Menschen, die unter diesen Zuständen leiden. Lassen Sie uns gemeinsam kämpfen für eine Gesellschaft, in der niemand Angst vor unbezahlbaren Rechnungen haben muss. Eine Gesellschaft, in der Gerechtigkeit herrscht und niemand zurückgelassen wird. Für dieses Ziel lohnt es sich zu streiten!
Vielen Dank.","Sehr geehrte Damen und Herren,

wir stehen vor einer Krise von historischem Ausmaß: Die Energiekosten explodieren und viele Menschen fragen sich, wie sie ihre Rechnungen bezahlen sollen. Es ist höchste Zeit für entschiedenes Handeln!

Die Ursachen dieser Entwicklung sind vielfältig - die Corona-Pandemie hat Nachfrage und Angebot durcheinander gebracht, gleichzeitig haben wir uns auf russisches Erdgas verlassen, das jetzt als Druckmittel missbraucht wird. 

Doch statt mutige Entscheidungen zu treffen, versuchen Union und SPD lediglich Symptome zu bekämpfen – etwa durch einen einmaligen Zuschuss oder den Abschluss langfristiger Lieferverträge. Das reicht nicht aus! Wir brauchen strukturelle Lösungen.

Erstens müssen wir unabhängiger werden von fossilen Brennstoffen. Dafür muss der Öko-Stromanteil massiv gesteigert werden - über Förderprogramme für erneuerbare Energien, aber auch durch eine CO2-Steuer, deren Erlöse an alle Bürger zurückfließen. Nur so können wir dauerhaft günstiges Gas gewährleisten.

Zweitens darf es keine Profite mehr auf Kosten der Allgemeinheit geben. Große Konzerne machen Rekordgewinne während kleine Leute leiden. Deshalb fordern wir eine Übergewinnsteuer für Unternehmen, die in Krisenzeiten exorbitant hohe Gewinne einfahren.

Drittens dürfen Geringverdiener und Rentner nicht im Regen stehen gelassen werden. Ihr Lebensstandard darf nicht sinken. Daher wollen wir einen Inflationsausgleich bei Sozialleistungen sowie eine Anpassung des Mindestlohns auf mindestens 13 Euro pro Stunde.

Viertens brauchen wir endlich echten Klimaschutz statt Greenwashing. Der Kohlekompromiss war falsch, weil er klimapolitisch wirkungslos bleibt und zudem Milliarden verschlingt. Stattdessen sollten wir konsequent auf Erneuerbare setzen und Strukturen umbauen.

Fünftens gehört der Verkehrssektor umgestaltet. Statt Subventionen für Diesel und Benzin einzusetzen, sollte lieber ein attraktives Netz öffentlicher Verkehrsmittel geschaffen werden. Auch hier gilt: Investitionen ja, Verbote nein.

Wir haben nur noch wenige Monate Zeit, bevor die Heizperiode beginnt. Nutzen Sie diese Chance und packen Sie die Problematik energisch an! Mit einem Mix aus ökosozialer Marktwirtschaft, Umverteilung und ambitionierter Politik lässt sich die Krise bewältigen ohne dass jemand zurückbleibt. Lassen Sie uns gemeinsam dafür sorgen, dass niemand frieren muss!","Sehr geehrte Damen und Herren,

wir stehen vor einer beispiellosen Krise auf dem Energiemarkt. Die Preise für Erdgas explodieren, die Haushalte werden immer stärker belastet und viele Unternehmen stehen am Rande des Ruins.

Die Bundesregierung hat bisher versagt! Anstatt mutige Entscheidungen zu treffen und einen wirksamen Preisdeckel einzuführen, vertröstete sie uns erst einmal auf den kommenden Winter - ohne konkreten Plan B im Gepäck!

Dabei ist klar: Der Staat muss jetzt handeln und regulierend eingreifen! Wir brauchen sofortigen staatlichen Beistand für Menschen und Betriebe in Notlage.

Unsere Forderung lautet daher:
Wir wollen einen Sofortzuschlag von mindestens 200 Euro pro Monat für jedes Gas- und Fernwärmekund*in als direkte Unterstützung!

Damit wäre sichergestellt, dass niemand frieren muss, während die Konzerne weiterhin exorbitante Gewinne einfahren.

Außerdem fordern wir eine Übergewinnsteuer auf extreme Profite im Energiesektor – denn es kann nicht sein, dass einige wenige an der Krise verdienen, während die meisten leiden müssen!
Mit einem Sonderbeitrag von 90 Prozent auf alle Gewinne über das Doppelte des Vorjahresniveaus können wir dies gerechter gestalten.

Zudem braucht es endlich einen zielgerichteten Ausbau erneuerbarer Energien statt fossiler Kraftwerke.
Nur so bekommen wir langfristig unsere Abhängigkeit vom Import teuren russischen Gases los und machen uns unabhängiger von Krisen wie dieser.

Liebe Mitbürgerinnen und Mitbürger,
lassen Sie mich deutlich sagen: Diese Regierung darf die Lasten der aktuellen Energiekrise nicht nur auf den Rücken der Schwächsten ausleben! Es geht um sozialen Frieden und wirtschaftliche Prosperität unseres Landes. 

Packen wir gemeinsam an - für eine solidarischere Gesellschaft, faire Preise und echtes Klimaschutz Engagement! Nur wenn wir heute entschiedene Maßnahmen ergreifen, wird Deutschland auch morgen noch stark sein. Denn eins ist sicher: Wer sich gegen diese Krise stemmt, gewinnt auch danach!","Die Menschen in diesem Land sind verunsichert wegen ihrer Energiekosten. Sie haben Angst um ihre Existenzgrundlage; denn die Preisspirale dreht sich immer weiter nach oben: Strom-, Heiz- und Spritpreis steigen unaufhörlich an – das ist für viele Bürgerinnen und Bürger nicht mehr bezahlbar. Die Regierung hat auf diese Entwicklung bisher nur reagiert statt agiert. Das muss enden! Wir brauchen jetzt dringend einen Plan zur Entlastung von den explodierenden Kosten im Energiesektor. Der Antrag der Linkspartei zeigt Wege aus dieser Krise auf. Er beinhaltet konkrete Vorschläge, wie wir sofort handeln können. Ich möchte drei Punkte herausgreifen. Zum ersten Punkt. Es gibt keine Notwendigkeit für weitere Steuererleichterungen oder Subventionen bei Unternehmen. Im Gegenteil: Wenn man sich anschaut, was hier alles gefördert wird, dann stellt man fest, dass es vor allem große Konzerne trifft, während kleine Betriebe leer ausgehen. Deshalb fordern wir als Linke, dass die Fördermaßnahmen gezielt eingesetzt werden müssen. Dazu gehört auch, dass die Bundesregierung die Möglichkeit nutzen sollte, durch Verändern der Mehrwertsteuersätze die Preisentwicklung etwas abzumildern. Aber genau da passieren seltsame Sachverhalte. So wurde am Dienstag bekannt, dass Olaf Scholz dem Handelsministerium untersagt hat, über eine Senkung der Mehrwertsteuerrate beim Benzin zu sprechen. Warum? Weil er damit Wahlgeschenke verbunden sieht. Da frage ich mich schon: Was soll daran schlecht sein? Ist es wirklich so schwer, mal zuzugeben, dass man Fehler gemacht hat? Und warum kann Herr Habeck nicht einfach sagen: „Wir senken die Mehrwertsteurrate“? Stattdessen kündigt er an, dass er noch einmal prüfen will. Wie lange sollen wir uns eigentlich noch gedulden? Zu einem zweiten Punkt. Ein großer Teil unserer Energierechnung besteht aus Netzentgelten und Umlagen. Diese machen mittlerweile fast zwei Drittel unseres Gesamtenergiebudgets aus. Hier liegt also enormes Einsparpotenzial. Durch die Abschaffung der EEG-Umlage könnte allein dadurch jeder Haushalt jährlich rund 300 Euro sparen. Auch wenn die Ampelkoalition nun plant, die sogenannte CO2-Bepreisung erstmalig rückwirkend anzupassen, bleibt sie doch weit hinter unseren Forderungen zurück. Denn die Rückzahlung erfolgt lediglich quartalsweise und beträgt maximal 100 Euro pro Person. Für Familien bedeutet dies gerade mal 50 Euro monatliche Entlastung. Das ist viel zu wenig. Außerdem sollten wir darüber diskutieren, ob wir die CO2-Bepreisung komplett abschaffen wollen. Eine solche Maßnahme würde nämlich dazu führen, dass die Treibhausgasemissionen sinken würden. Damit wäre dieses Instrument sogar ökologisch vernünftiger als jede andere Form der Klimapolitik. Zuletzt möchte ich noch kurz auf den dritten Punkt eingehen. In unserem Antrag steht ganz klar: Um die hohen Energiepreise einzudämmen, bedarf es einer staatlichen Kontrolle der Energieversorgungsunternehmen sowie einer demokratischeren Struktur innerhalb der Branche. Genau dafür setzen wir uns seit Jahren ein. Doch leider scheint die Bundesregierung diesen Weg gar nicht gehen zu wollen. Vielmehr versucht sie, die großen Energiekonzerne zu retten. Dabei geht es ihr weniger um die Versorger selbst, sondern vielmehr um deren Eigentumsstrukturen. Mit anderen Worten: Sie will die Profite der Aktionäre schützen. Das darf aber nicht unsere Aufgabe sein. Wir dürfen nicht länger zusehen, wie die Großen gewinnträchtige Geschäftsfelder privatisieren, während gleichzeitig kommunalen Stadtwerken die Pleite droht. Statt dessen müssten wir gemeinsam mit ihnen Lösungen finden, um die Energiekrise zu bewältigen. Liebe Kolleginnen und Kollegen, lassen Sie uns gemeinsam dafür kämpfen, dass die Energiepreiskrise schnellstmöglich gelöst wird. Lassen Sie uns gemeinsam dafür streiten, dass niemand mehr unter den Folgen leiden muss. Herzlichen Dank.","Das ist jetzt keine Überraschung: Die Bundesregierung hat sich entschieden, die Mehrwertsteuer auf Erdgas ab dem 1. Oktober von sieben Prozent auf null Prozent herabzusetzen – das heißt also um einen Punkt mehr als bei Benzin oder Diesel. Das wird für viele Menschen in diesem Land nicht nur überschaubar sein; es bedeutet auch, dass wir den Klimaschutz weiter ausbremsen werden. Denn diese Maßnahme steht im direkten Gegensatz zur Notwendigkeit, unsere Energieversorgungsstrukturen endlich klimaneutral umzugestalten. Wir müssen uns doch fragen: Wie soll denn eigentlich dieser Schritt dazu beitragen, dass weniger verbranntes Erdgas benötigt wird? Es gibt ja noch andere Möglichkeiten, wie man Steuern senken könnte: Man kann zum Beispiel die Strom- und Heizölkunden entlasten, aber eben nicht so, dass dadurch fossile Energien subventioniert werden. Insofern finde ich dieses Vorgehen wirklich unverantwortbar. Der Kollege Dr. Hocker hat gerade gesagt, er sei froh über diesen Beschluss, weil dann wenigsten alle gleich viel Geld sparen würden. Ich glaube, da sind Sie etwas naiv unterwegs. Da haben Sie wahrscheinlich vergessen, was hier vor zwei Wochen passierte. Vor zwei Wochen wurde nämlich beschlossen, dass Unternehmen, die besonders hohe Gewinne machen, ihre Kunden an ihren hohen Gewinnen teilhaben lassen sollen. Dafür gab es sogar eine Sondererlaubnis durch die EU-Kommission. Aber wenn es darum geht, dass die Bürgerinnen und Bürger an ihrer eigenen Entspannung beteiligt werden können, kriegen Sie es einfach nicht hin. Und dafür brauchen Sie keine Erklärungen. Das muss Ihnen erst mal jemand erklären. Ja, Herr Lindner, natürlich wissen Sie ganz genau, warum das gemacht worden ist. Weil Sie die energieintensive Industrie unterstützt haben wollen! Damals ging es um Ihre Freunde in der Chemieindustrie. Jetzt geht es wieder einmal um die Automobilkonzerne. Deswegen ist es gut, dass Frau Baerbock heute Morgen angeboten hatte, darüber nachzudenken, ob man vielleicht die CO2-Bepreisung abschwächen sollte. Vielleicht sollten wir stattdessen lieber darauf achten, dass diejenigen, die am meisten verdienen, auch tatsächlich ordentlich zahlen. Wenn ich mir anschaue, wer davon profitieren würde, stellt sich heraus, dass insbesondere große Wohnimmobilieneigentümer und Vermieter sowie die großen Konsumgüterhersteller profitierten. Für mich ist klar: Wer immer schon günstiges Erdgas bekommen hat, bekommt jetzt noch mehr davon. Das heißt, die Geringerverdienerinnen und -verdiener bezuschussen damit die Reichen in diesem Land. Und das finden Sie richtig? Nein, nein, das tun Sie garantiert nicht. Was ich allerdings feststellen möchte, ist Folgendes: Seit Monaten diskutiere ich nun bereits mit meinen Freundinnen und Freunden, meine Familie, Bekanntenkreisen usw., weshalb die Preisspirale beim Erdgas steiler geworden ist. Alle sagen: Na ja, irgendwie liegt das wohl daran, dass Putin kein Öl mehr liefert und deshalb Erdöl fehlte. – Also habe ich recherchiert. Dabei bin ich draufgestoßen, dass die Russland-Sanktionen vom März letzten Jahres vorsehen, dass russisches Rohöl, das normalerweise per Pipeline nach Deutschland kommt, ab sofort verboten ist. Stattdessen läuft es jetzt per Schiff. Im August waren das 3 Millionen Barrel pro Tag. Das macht ungefähr 30 Prozent unseres Gesamtbedarfs aus. Und was ist seitdem passiert? Die Raffineriekapazitäten wurden erhöht. Durch die Verlagerung des Transportsystems stieg die Nachfrage nach Dieseltankschiffen enorm an. Dadurch explodierten die Transportkosten, sodass die Importeure deutliche Aufschläge nehmen mussten. Bei vielen Produkten kam es zu Lieferengpässen. Zudem führte dies zu einem Ansturm auf Lagerkapazität in Rotterdam, wo die Häfen vollkommen überfüllt waren. Auch die Versicherungskonzerne verdienten kräftiger mit, weil die Risiken höher einzustufen waren. Kurz zusammengefasst: Ihr Sanktionsgesetz gegen Russland treibt die Kosten hoch, ohne irgendeinen Effekt zu zeigen. Dennoch halten Sie eifrig daran fest, weil Sie offenkundig nicht verstehen, welche Auswirkungen Ihre Politik auf die Bevölkerung hat. Meine Damen und Herren, wir sehen doch jeden Tag, welches Chaos Sie angerichtet haben. Sie sprengen die Ampel regelmäßig auseinander. Einziges Ziel Ihrer Arbeit scheint es zu sein, Ihren persönlichen Machtkampf zu führen. Und dabei zerreißen Sie unseren Staat, unsere Demokratie und unsere Zukunft. Deswegen sage ich Ihnen: Hören Sie bitte endlich auf! Setzen Sie sich für die Interessen unserer Bevölkerung ein! Und geben Sie Ihrem Ministerium endlich Ruhe! Herzlichen Dank.","Die Bürgerinnen und Bürger haben es wirklich satt: Sie haben es nicht nur satt, dass sie jeden Monat einen immer größeren Betrag an die Energieversorger zahlen müssen; sie sind auch genervt von diesem ganzen Gezerre um die Sanktionen gegen Russland – wie ich finde völlig berechtigt – und den Verrenkungen von Ampelregierung und Opposition gleichermaßen, sich hier gegenseitig auszustechen in dem Bestreben, wer schneller, härter oder was weiß ich noch alles die Bundeswehr aufrüsten will als alle anderen. Das hat nichts mehr damit zu tun, das Land sicherer zu machen! Aber dazu später im Tagesverlauf noch mal etwas mehr. Die FDP hingegen scheint geradezu besessen davon zu sein, ihr Heil bei dieser Politik zu suchen. Ich verstehe ja durchaus euren Unmut darüber, dass man euch bei der Haushaltsdebatte so gar keine Chance gegeben hatte, für irgendeinen Ausgabenwunsch überhaupt angehört zu werden, weil da draußen auf dem Marktplatz eben genau diese Diskussion läuft, welche Rolle die Bundeswehr spielen soll und ob wir uns vielleicht auch schon wieder auf einen Krieg vorbereiten sollen. Ihr habt jetzt aber selbst dafür gesorgt, dass ihr kaum mehr Chancen seid, daran teilhaben zu können. Denn wenn ihr meint, das Parlament sei eigentlich kein Ort für solche Debatten und müsse erst einmal zur Ruhe kommen lassen, dann ist mir natürlich klar, warum ihr heute auch noch mal gefehlt habt, nämlich wegen dieses Antrags von CDU/CSU. Wenn ihr also ernsthafte Fragen stellt wolltet, liebe Kolleginnen und Kollegen von der FDP, dann hätte ich mich sehr gerne darauf eingelassen. Doch leider bleiben Sie ganz schön hinter Ihren Möglichkeiten zurück. Deshalb möchte ich kurz festhalten: Wir brauchen dringend Maßnahmen, damit Menschen und Unternehmen entlastet werden. Dafür gibt es einige Ansätze. Da wäre zunächst die Abschaffung der EEG-Umlage, wofür Sie übrigens ebenfalls plädieren. Es wird höchste Zeit, denn bisher profitiert von diesem Vorschlag allenfalls die Industrie. Auch wir hätten hier gern schon längst eine Entlastungs- und Unterstützungsoffensive gestartet, meine Damen und Herren. Stattdessen setzen Sie lieber auf weitere Steuerentlastungen, wie beispielsweise beim Arbeitnehmerpauschbetrag und Sonderausgabenvolumen. Diese Mittel würden allerdings viel eher unseren Kommunen zugutekommen, wo sie doch am nötigsten gebraucht werden. Und dann stellen Sie sich hin und sagen, das sei keine Frage der Gerechtigkeit? Dann kann ich Ihnen nur antworten: Jede Krone muss nun mal verdient werden! Zudem würde ich mich freuen, wenn endlich die Grundlage geschaffen werde, dass die Länder ihre Schuldenbremse lockern dürfen. Der Finanzminister sitzt ja offensichtlich mitten unter ihnen und macht wohl das Gegenteil dessen, worauf er sonst stets pochen wollte. Also nehmen Sie sich diesen Minister bitte mal besser vor! Jetzt habe ich lange gewartet, wann ich eigentlich mal irgendwo auf Ihrem Papier lesen könnte „Rückkehr zur Vermögenbesteuerung“. Offensichtlich bin ich dabei falscher Hoffnung gewesen. Dabei könnten wir doch sofort beginnen, unsere Krisenkosten besteuern statt weiterhin nach der Devise zu agieren: Wasch mir den Pelz, aber mach mich nicht naß. Wie gesagt, wir hatten gleich viele gute Ideen. Zum Beispiel wollen wir die Rüstungsausgaben deckeln, die Auflösung des Solidaritätsfonds stoppen und stattdessen in Bildung investieren. Meine Damen und Herren, all dies sind wichtige Punkte, denen wir uns widmen sollten. Insgesamt ist unser Antrag deutlich besser als der von der Union. Deshalb empfehle ich Ihnen, unserem Antrag zuzustimmen. Vielen Dank."
