party,topic,base_speech_03,base_speech_05,base_speech_07
Union,Mindestlohn,"Sehr geehrte Damen und Herren,

wir stehen heute vor einem wichtigen Thema: Der Einführung eines flächendeckenden gesetzlichen Mindestlohns in Deutschland.

Die Forderung nach einem Mindestlohn ist nicht neu. Schon seit vielen Jahren wird sie immer wieder laut - von Gewerkschaften, Sozialverbänden und auch Teilen unserer Fraktion hier im Haus. Die Gründe dafür sind vielfältig:

Erstens geht es darum, Lohndumping einzudämmen. Es kann nicht sein, dass Unternehmen ihre Mitarbeiterinnen und Mitarbeiter ausbeuten, indem sie ihnen einen Hungerlohn zahlen. Das untergräbt den sozialen Frieden und die Gerechtigkeit in unserem Land.

Zweitens soll durch den Mindestlohn verhindert werden, dass Menschen trotz Vollzeitjob armutsgefährdet sind. Wer hart arbeitet, muss davon leben können! Ein existenzsichernder Lohn gehört zur Grundidee unseres Sozialstaates dazu.

Drittens wollen wir fairen Wettbewerb zwischen Betrieben ermöglichen. Wenn einige Arbeitgeber Dumpinglöhne zahlen, haben andere kaum noch Chancen auf dem Markt bestehen zu können. Hier braucht es Regeln für mehr Fairness!

Und last but not least: Mit einem Mindestlohn stärken wir unsere Binnennachfrage. Jeder Euro, den Beschäftigte zusätzlich verdienen, kommt als Kaufkraft zurück in die Wirtschaft und hilft somit allen Bürgern und Betrieben.

All diese Argumente überzeugten uns schon lange – aber erst jetzt scheint endlich Bewegung in die Sache zu kommen. Nach jahrelangem Zögern hat sich die Bundesregierung nun doch bereiterklärt, einen allgemeinen Mindestlohn einzuführen. Dafür danken wir ihr sehr!
Wir begrüßen diesen Kurswechsel außerordentlich und hoffen, dass er konsequent umgesetzt wird.

Unser Ziel bleibt klar: Wir fordern einen flächendeckenden Mindestlohn von mindestens 12€ pro Stunde. Nur so lässt sich Armutslöhnen effektiv entgegenwirken. Und nur so stellen wir sicher, dass alle Menschen von ihrer Hände Arbeit gut leben können.
Ein solcher Mindestlohn wäre ein Meilenstein für mehr soziale Gerechtigkeit in diesem Land.

Gleichzeitig wissen wir natürlich um mögliche negative Folgen wie Jobverlust oder Produktionsverlagerungen ins Ausland. Deshalb müssen wir bei aller Begeisterung für das Prinzip ""faire Entlohnung"" auch Augenmaß bewahren. Eine sorgsame Umsetzung ist gefragt.

Aber eins steht fest: Jetzt gibt es keine Ausreden mehr! Die Zeit des Zauderns ist vorbei. Packen wir's an und setzen gemeinsam einen echten Mindestlohn durch! Für mehr Gerechtigkeit am Arbeitsmarkt und ein starkes Signal gegen Altersarmut. Denn wer gearbeitet hat, sollte im Alter abgesichert sein. 

Ich danke Ihnen.","Sehr geehrte Damen und Herren,

wir als CDU/CSU-Fraktion im Deutschen Bundestag stehen für soziale Marktwirtschaft und einen starken Sozialstaat, in dem jeder Mensch die Chance auf Teilhabe hat - unabhängig von seiner Herkunft oder seinem Einkommen.

Ein zentraler Pfeiler unseres Sozialsystems ist der gesetzliche Mindestlohn: Er sorgt dafür, dass Arbeit fair entlohnt wird und niemand durch niedrigste Löhne ausgebeutet werden kann. Denn wer Vollzeit arbeitet, muss davon auch leben können!

Deshalb haben wir bereits 2015 den allgemeinen flächendeckenden Mindestlohn eingeführt – ein Meilenstein für mehr Gerechtigkeit am Arbeitsmarkt! 

Auch wenn es Kritik gab, war dies der richtige Schritt: Der Mindestlohn stärkt nicht nur die Kaufkraft vieler Beschäftigte und ihrer Familien, sondern sichert auch fairen Wettbewerb zwischen Unternehmen. Und das zeigen die Zahlen deutlich:

Der aktuelle gesetzliche Mindestlohn liegt bei 9,60 Euro pro Stunde. Seit dessen Einführung sind die Niedriglöhnerhaushalte um rund 10% gewachsen, während die Zahl der Mini-Jobs um fast 20% zurückging. Auch Tarifverträge wurden gestärkt, da viele Branchen ihre Entgelte anpassten.

Trotzdem dürfen wir uns jetzt nicht ausruhen. Die Inflation macht den Menschen weiterhin zu schaffen. Deshalb setzen wir uns für eine Anhebung des Mindestlohns auf mindestens 12€ ab Januar 2022 ein.

Gleichzeitig müssen wir aber darauf achten, dass diese Erhöhung keine negativen Folgen wie Jobabbau nach sich zieht. Daher wollen wir sie schrittweise einführen und flankierend Maßnahmen ergreifen, etwa durch Weiterbildungsförderung oder Verbesserungen beim Kurzarbeitergeld.

Wir sehen den Mindestlohn daher als wichtigen Baustein unserer Politik für gute Arbeit und soziale Sicherheit. Mit ihm geben wir Millionen Menschen Planbarkeit und Perspektive. Das ist gelebter Sozialstaat und Ausdruck christlicher Werteverpflichtung zugleich.

Ich danke Ihnen.","Sehr geehrte Damen und Herren,

wir stehen heute hier im Deutschen Bundestag vor einem wichtigen Thema: Der Einführung eines flächendeckenden gesetzlichen Mindestlohns.

Die Union hat sich stets dafür eingesetzt, dass Arbeit fair entlohnt wird. Niemand soll für seine Arbeitskraft ausgebeutet werden können. Deshalb haben wir auch den ersten Schritt gemacht und einen allgemeinen gesetzlichen Mindestlohn eingeführt - allerdings mit Augenmaß und unter Berücksichtigung aller Interessen. 

Wir sind uns sicher, dass es richtig ist, weiterhin auf diese Weise vorzugehen:

Ein einfacher pauschaler Mindestlohn würde viele Branchen über Gebühr belasten und insbesondere kleine Unternehmen hart treffen. Viele Betriebe könnten dann ihre Löhne nicht mehr bezahlen oder wären gezwungen Stellen abzubauen – genau das wollen wir vermeiden! Stattdessen setzen wir darauf, die Tarifautonomie der Sozialpartner zu respektieren und ihnen bei ihren Verhandlungen zur Seite zu stehen.

Es geht darum faire Rahmenbedingungen zu schaffen, damit Gewerkschaften und Arbeitgeber selbst gute Lösungen finden können. Das fördert letztlich auch sozialpartnerschaftliches Denken und Handeln in den Betrieben!

Denn klar ist: Ein guter Mindestschutz muss branchenspezifisch festgesetzt sein. Nur so kann gewährleistet werden, dass niemand von seiner Hände Arbeit leben kann. Gleichzeitig dürfen wir aber nicht vergessen: Auch wer wenig verdient, möchte arbeiten gehen und etwas leisten.

Gerade deshalb müssen wir die Leistungsfähigkeit unserer Volkswirtschaft im Blick behalten. Hohe Mindestlöhne gefährden Jobs gerade dort wo sie am nötigsten gebraucht werden: Bei ungelernten Kräften ohne Alternative am Arbeitsmarkt.

Meine sehr verehrten Damen und Herren,
die CDU/CSU-Bundestagsfraktion setzt sich daher nachdrücklich für einen differenzierteren Ansatz beim Mindestlohn ein. Wir brauchen kein starres Gesamtkonzept sondern flexiblere Regelungen, die auf die individuellen Gegebenheiten jedes einzelnen Unternehmens Rücksicht nehmen.
Nur wenn alle Beteiligten an einem Strang ziehen, kann echtes Fairnessprinzip gelingen - davon bin ich zutiefst überzeugt!

Vielen Dank."
Union,Bundeswehreinsatz im Kosovo,"Sehr geehrte Damen und Herren,

wir stehen heute vor einem wichtigen Entscheidungsprozess: Der Verlängerung unseres Einsatzes in der KFOR-Mission im Kosovo. Es ist unsere Pflicht als verantwortliche Politikerinnen und Politiker, sorgfältig abzuwägen zwischen dem Schutz unserer Soldatinnen und Soldaten auf der einen Seite und unserem Engagement für Frieden und Stabilität auf der anderen.

Der Kosovo hat seit seiner Unabhängigkeitserklärung im Jahr 2008 enorme Fortschritte gemacht. Die wirtschaftlichen Rahmenbedingungen haben sich verbessert, die Infrastruktur wurde ausgebaut und es wurden bedeutende Anstrengungen unternommen, um den Rechtsstaat weiter zu stärken. Dennoch gibt es noch viel zu tun - insbesondere bei der Bekämpfung von Korruption und organisiertem Verbrechen sowie beim Aufbau funktionierender Institutionen.

Die Präsenz der internationalen Gemeinschaft inklusive Deutschlands durch KFOR trägt maßgeblich dazu bei, diese Herausforderungen anzugehen. Sie gewährleistet Sicherheit und Stabilität, ermöglicht freie Meinungs- und Pressefreiheit und unterstützt den Prozess der Versöhnung zwischen Serben und Albanern. 

Unsere Soldatinnen und Soldaten leisten hierbei hervorragenden Dienst unter schwierigen Bedingungen. Ihre Arbeit verdient höchste Anerkennung! Gleichzeitig müssen wir uns bewusst sein, dass jeder einzelne Tag ihres Einsatzes auch Risiken birgt – sei es durch terroristisch motivierte Gewalt oder Naturkatastrophen wie Überschwemmungen oder Erdbeben.
Es liegt an uns allen, alles dafür zu tun, damit sie bestmöglich geschützt sind und ihre Mission erfolgreich erfüllen können.

Deshalb spreche ich mich klar für eine weitere Beteiligung Deutschlands am KFOR-Einsatz aus. Wir dürfen nicht zulassen, dass jahrzehntelange Errungenschaften wieder zerfallen. Vielmehr gilt es, das Erreichte zu festigen und weiterhin aktiv zur Verbesserung der Lebensumstände beizutragen.

Gemeinsam mit unseren europäischen Partnerinnen und Partnern tragen wir so entscheidend dazu bei, dass der multiethnische Staat Kosovo dauerhaft stabil bleibt und seine Zukunft selbstbestimmt gestalten kann. Eine stabile Region Europa braucht starke Nachbarländer – gerade jetzt, wo wir gemeinsame Antworten finden müssen auf globale Krisen und Herausforderungen. Dafür setzen wir uns als Union konsequent ein!

Ich bitte Sie daher alle um Zustimmung zur Verlängerung des deutschen Engagements im Kosovo. Lassen Sie uns zusammenarbeiten, damit Deutschland seinen Beitrag für mehr Frieden und Zusammenhalt in Europa leistet. Danke.","Sehr geehrte Damen und Herren,

ich spreche heute als Mitglied der Unionsfraktion über den Einsatz unserer Bundeswehrsoldatinnen und -soldaten in der internationalen Schutztruppe KFOR im Kosovo.

Der Konflikt zwischen Serben und Albanern hat das Land seit dem Ende des Bosnienkrieges fest im Griff gehalten. Die Vereinten Nationen haben daraufhin entschieden, dass die internationale Gemeinschaft eingreifen muss, um Frieden und Stabilität wiederherzustellen. Deutschland ist Teil dieser multinationalen Truppe, um zur Sicherheit und Stabilisierung dieses Krisengebiets beizutragen.

Die Mission von KFOR besteht darin, einen sicheren Umfeld für die Rückkehr vertriebener Personen zu gewährleisten, den Übergangsprozess hin zu demokratischen Institutionen zu unterstützen sowie die territoriale Integrität und Souveränität des Kosovos sicherzustellen. Wir tragen dazu bei, ethnisch motivierte Gewalt einzudämmen und einen friedlichen Machtübergang an lokale Behörden voranzubringen.

Unsere Soldatinnen und Soldaten leisten hierbei hervorragende Arbeit unter schwierigen Bedingungen. Sie sind täglich im Einsatz, um die Bevölkerung zu schützen und damit auch unsere eigenen Interessen zu wahren: Freiheit, Demokratie und Menschenwürde weltweit zu verteidigen. Dafür gebührt ihnen unser Dank!

Trotz aller Fortschritte bleibt es eine Herausforderung, stabile Verhältnisse im multiethnischen Kosovo langfristig zu etablieren. Der Aufbau rechtsstaatlicher Strukturen braucht Zeit und Geduld. Auch wenn wir keine einfachen Lösungen bieten können – wir dürfen nicht nachlassen in unserem Engagement für Frieden und Versöhnung auf dem westlichen Balkan.

Deshalb appelliere ich an alle Fraktionen dieses Hauses: Lassen Sie uns gemeinsam hinter unseren Streitkräften stehen! Unsere Bundeswehr verdient unsere volle Unterstützung beim wichtigen Beitrag zur globalen Friedenssicherung. 

Ich danke Ihnen.","Sehr geehrte Damen und Herren,

ich stehe heute hier vor Ihnen als Mitglied der CDU/CSU-Bundestagsfraktion um über den aktuellen Einsatz unserer Soldatinnen und Soldaten in der multinationalen Friedensmission KFOR im Kosovo zu sprechen.

Der seit fast zwei Jahrzehnten währende Konflikt zwischen Serben und Albanern hat tiefe Narben hinterlassen. Viele Menschen mussten ihr Zuhause verlieren, Familien wurden auseinandergerissen. Umso mehr freut es mich feststellen zu können: Die Lage im Kosovo ist heute stabiler denn je!

Dieser Erfolg basiert auf dem unermüdlichen Engagement aller Beteiligten - allen voran unseren Soldatinnen und Soldaten, die dort ihren Dienst leisten. Sie sichern Stabilität, tragen zur friedlichen Koexistenz bei und ermöglichen so einen Neuanfang für viele Menschen. 

Aber wir dürfen uns nicht täuschen lassen: Es bleibt noch viel Arbeit! Der Aufbau von Rechtsstaatlichkeit und Demokratie geht nur langsam voran, Korruption und organisierte Kriminalität sind nach wie vor ernsthafte Probleme. Gerade jetzt müssen wir daher alles daransetzen, diese Mission fortzusetzen.

Wir alle wissen: Eine dauerhafte Sicherheit und Stabilisierung kann nur gelingen, wenn wir weiterhin entschlossen an einem Strang ziehen. Deshalb gilt unser Dank auch all jenen Staaten, die sich ebenfalls aktiv am Multilateralismus beteiligen – insbesondere den NATO-Partnern und der Europäischen Union.

Die Zukunft Jugoslawiens liegt in Europa. Mit dieser Überzeugung haben wir damals gehandelt und ich bin sicher, dass wir damit richtig lagen. Wir werden auch künftig unsere Verantwortung wahrnehmen und unseren Beitrag dazu leisten, dass das Land seinen Weg in eine bessere Zukunft findet.

Dafür brauchen wir aber auch Ihre Unterstützung sehr herzlich. Denn nur gemeinsam können wir erreichen, was nötig ist: Ein stabiles und prosperierendes Südeuropa, getragen vom Geist europäischer Solidarität und Zusammenarbeit. Ich bitte Sie daher: Stimmen Sie unserem Antrag zu und senden Sie damit ein starkes Signal an unsere Streitkräfte: Deutschland steht solidarisch an Ihrer Seite!

Vielen Dank."
Union,Wirtschaftshilfen Corona,"Sehr geehrte Damen und Herren,

wir stehen vor großen Herausforderungen in unserer Gesellschaft aufgrund der COVID-19-Pandemie. Die Ausbreitung des Virus hat tiefe Spuren hinterlassen - sowohl im privaten als auch im wirtschaftlichen Bereich.

Die Bundesregierung hat umfangreiche Maßnahmen ergriffen, um die Folgen abzumildern. Dazu gehören unter anderem Kurzarbeitergeld, Überbrückungskredite für Unternehmen sowie direkte Zuschüsse zur Sicherstellung von Löhnen und Gehältern. Diese Hilfspakete waren notwendig und richtig, um Arbeitsplätze zu sichern und Existenzen zu retten.

Doch wir dürfen nicht vergessen: Wir haben noch einen langen Weg vor uns. Viele Branchen leiden weiterhin stark unter den Einschränkungen. Insbesondere kleine Betriebe und Solo-Selbstständige benötigen unsere Unterstützung mehr denn je.

Deswegen fordert die CDU/CSU-Bundestagsfraktion weitere gezielte Hilfsmaßnahmen:

Erstens brauchen wir ein verlängertes Programm für das Kurzarbeitergeld über den Juni hinaus. Gerade dort wo es keine Perspektive gibt wieder voll arbeiten zu können, muss der Staat aushelfen.

Zweitens müssen wir sicherstellen, dass alle Selbständigen Zugang zum Soforthilfeprogramm erhalten – unabhängig davon ob sie Gewerbetreibende oder Freiberufler sind.

Und drittens sollten wir prüfen wie wir besonders betroffene Sektoren wie Gastronomie, Kultur und Tourismus durch zielgerichtete Programme unterstützen können.

Wir dürfen jetzt nicht nachlassen! Es geht darum Jobs zu sichern, Existenzen zu bewahren und unseren Mittelstand zu stärken. Nur gemeinsam werden wir diese Krise meistern!

Vielen Dank.","Sehr geehrte Damen und Herren,

wir stehen vor einer beispiellosen Herausforderung: Die COVID-19-Pandemie hat unsere Gesellschaft und Wirtschaft hart getroffen. Umso wichtiger ist es nun, entschlossen und solidarisch zusammenzustehen.

Die Bundesregierung hat bereits umfangreiche Maßnahmen ergriffen, um die Ausbreitung des Virus einzudämmen und Unternehmen sowie Arbeitnehmerinnen und Arbeitnehmern in dieser Krisensituation unter die Arme zu greifen. Wir als Union unterstützen diese Bemühungen nach Kräften.

Doch wir dürfen nicht vergessen: Diese Pandemie wird noch lange anhalten – vielleicht sogar über Jahre hinweg. Daher müssen wir jetzt vorausschauend handeln und Weichen für den wirtschaftlichen Neuanfang stellen.

Unsere oberste Priorität muss sein, Arbeitsplätze zu sichern und Existenzen zu retten. Dafür braucht es gezielte Hilfsprogramme - sowohl kurzfristig zur Überbrückung akuter Liquiditätsengpässe als auch mittelfristige Unterstützung bei der Transformation unserer Wirtschaft.

Wir fordern daher von der Regierung einen ""Wirtschaftsfonds Deutschland"", aus dem zinsgünstige Kredite bereitgestellt werden können. Damit soll insbesondere kleinen und mittelständischen Betrieben geholfen werden, durch die Krise zu kommen.

Darüber hinaus setzen wir uns dafür ein, dass steuerliche Erleichterungen verlängert oder angepasst werden. So sollte etwa das Kurzarbeitergeld weiterhin großzügig ausgelegt und flexibel genutzt werden können.

Auch Investitionen sind unverzichtbar! Gerade jetzt gilt es, in Zukunftsbereiche wie Digitalisierung, Bildung und Infrastruktur zu investieren. Nur so können wir gestärkt aus der Krise herauskommen.

Meine sehr verehrten Damen und Herren,
die kommenden Monate werden schwierig bleiben. Aber ich bin fest davon überzeugt, dass wir sie meistern werden – wenn wir gemeinsam stark bleiben und zusammenrücken!

Vielen Dank.","Sehr geehrte Damen und Herren,

wir stehen heute vor enormen Herausforderungen: Die Ausbreitung von COVID-19 hat tiefe Spuren in unserer Gesellschaft hinterlassen und die Wirtschaft unseres Landes schwer getroffen. Es ist unsere Aufgabe als Politikerinnen und Politiker, entschlossen und solidarisch zusammenzustehen und alles daran zu setzen, um diese Krise bestmöglich zu bewältigen.

Die Bundesregierung hat bereits schnell und unbürokratisch Hilfspakete geschnürt, um Unternehmen, Selbstständige und Arbeitnehmer*innen finanziell zu unterstützen. Diese Maßnahmen waren notwendig und richtig - doch wir dürfen nicht vergessen: Wir sind noch lange nicht am Ende dieser Pandemie. Deshalb müssen wir jetzt weiterhin handeln – konsequent, zielgerichtet und verantwortungsbewusst!

Wir als Union werden alles tun, damit niemand zurückgelassen wird! Unser Ziel bleibt klar: Jedes Unternehmen muss durch diese schwere Zeit kommen können, jeder Arbeitsplatz muss erhalten bleiben und kein Mensch darf Angst haben, seinen Job oder seine Existenzgrundlage zu verlieren.
Deshalb fordern wir als Union weitere gezielte Unterstützung für Betriebe, insbesondere kleine und mittlere Unternehmen sowie Solo-Selbständige und Kulturschaffende, die besonders hart von den Folgen der Krise betroffen sind.

Darüber hinaus brauchen wir einen fairen Lastenausgleich zwischen jenen Branchen, die stark belastet wurden und denen, die im Gegenteil sogar profitieren konnten. Niemand kann es hinnehmen, dass einige wenige ihre Gewinne in Rekordhöhe steigern, während andere ums Überleben kämpfen. Hier gilt es klare Regeln aufzusetzen und ggf. auch Umsatzsteuerrückzahlungen entsprechend anzupassen.

Ein besonderer Fokus liegt dabei natürlich auf dem Mittelstand. Er bildet das Rückgrat unserer Volkswirtschaft und trägt maßgeblich zur Schaffung von Arbeitsplätzen bei. Seine Stärke und Innovationskraft wollen wir nachhaltig sichern und ausbauen. Dafür benötigt er gerade jetzt unsere volle Unterstützung. 

Gleichzeitig dürfen wir aber auch die langfristigen Perspektiven nicht außer Acht lassen. Nach überstandenem Krisenmodus gilt es, die Weichen neu zu stellen für mehr digitale Infrastruktur, Forschung & Entwicklung und Bildungsangebote. Nur so können wir unseren Wohlstand sichern und neue Chancen nutzen.

Liebe Mitbürgerinnen und Mitbürger,
die Bewährungsprobe steht uns allen bevor. Lasst uns gemeinsam anpacken, Verantwortung zeigen und füreinander da sein!
Es geht um nichts Geringeres als den Zusammenhalt unserer Gesellschaft - in guten wie in schlechten Zeiten. Und darauf können Sie sich als Bürger dieses Landes verlassen: Die Union steht fest an Ihrer Seite!"
Union,Gaspreise,"Sehr geehrte Damen und Herren,

wir stehen vor enormen Herausforderungen in Bezug auf die Energieversorgungssicherheit Deutschlands und Europas. Die aktuelle Situation am globalen Gasmarkt ist geprägt von Unsicherheiten und steigenden Preisen.

Die Gründe dafür sind vielfältig: Der russische Angriffskrieg gegen die Ukraine hat nicht nur zu einem massiven Einbruch bei den Erdgaslieferungen aus Russland geführt, sondern auch das Vertrauen in stabile Lieferketten erschüttert. Zudem haben Spekulationen an den internationalen Finanzmärkten sowie wetterbedingte Faktoren wie eine mildere Winterperiode im letzten Jahr dazu beigetragen, dass sich die Lage weiter verschärft hat.

Als CDU/CSU-Fraktion sehen wir uns in der Pflicht, entschiedene Maßnahmen zur Stabilisierung der Marktpreise und zur Entlastung der Bürgerinnen und Bürger zu ergreifen. Wir müssen alles daran setzen, unsere Versorgungsabhängigkeit von einzelnen Ländern zu reduzieren und gleichzeitig alternative Bezugsquellen für fossiles Erdgas zu erschließen.

Dazu gehört zunächst einmal eine beschleunigte Ausweitung erneuerbarer Energien als langfristige Lösung. Nur durch einen konsequenten Um- und Aufbau unserer Stromproduktion können wir unabhängiger werden vom Import von fossilen Brennstoffen. Hierbei gilt es insbesondere Windenergie und Solarenergie stärker auszubauen und dabei sowohl private Haushalte als auch Unternehmen finanziell zu unterstützen.

Zur kurzfristigen Absicherung der Versorgungslage müssen wir zudem alle Möglichkeiten nutzen, um zusätzliche Kapazitäten zu schaffen - sei es durch LNG-Terminals oder Pipelineverbindungen nach Nordeuropa. Auch hier braucht es schnelle Entscheidungen seitens Politik und Behörden, damit diese Projekte zeitnah realisiert werden können.

Nicht zuletzt wollen wir sozial gerechte Mechanismen etablieren, um besonders betroffene Menschen effektiv zu entlasten. Eine faire Verteilung der Lasten muss gewährleistet sein – niemand darf zurückgelassen werden! Dafür streben wir u.a. eine temporäre Senkung der EEG-Umlage und weitere direkte Hilfen für einkommensschwache Familien an.

Liebe Kolleginnen und Kollegen,
die aktuellen Krisenzeiten stellen uns vor große Herausforderungen. Aber sie zeigen auch deutlich: Es geht jetzt darum, mutig neue Wege einzuschlagen und pragmatische Lösungen zu finden. Mit dem klaren Blick darauf, was wirklich notwendig ist und ohne ideologischen Ballast. Denn eins steht fest: Deutschland kann mehr tun, um seine Energieversorgung sicherer und bezahlbarer zu machen!

Ich danke Ihnen.","Sehr geehrte Damen und Herren,

wir stehen vor großen Herausforderungen: Die Energiekrise infolge des Ukraine-Krieges hat die Preise für Strom und insbesondere Erdgas in ungeahnte Höhen getrieben. Viele Bürgerinnen und Bürger sorgen sich um ihre Zukunft und fragen sich, wie sie diese enorm gestiegenen Kosten bewältigen sollen.

Als CDU/CSU-Fraktion im Deutschen Bundestag ist es uns wichtig, dass niemand zurückgelassen wird. Deshalb haben wir bereits zahlreiche Maßnahmen auf den Weg gebracht, um Familien und Unternehmen finanziell zu entlasten:

Zum einen haben wir das ""Erdölbevorratungs- und -verwertungsgesetz"" angepasst. Dies ermöglicht es dem Staat nun, bei einem Versorgungsengpass schnell handeln zu können. So stellen wir sicher, dass auch künftig genügend Gas zur Verfügung steht.

Darüber hinaus haben wir das Wohngeld erhöht und ausgeweitet, so dass mehr Menschen Anspruch darauf haben. Auch die Pendlerpauschale wurde verdoppelt, damit Berufspendler nicht zusätzlich belastet werden. Mit diesen Maßnahmen wollen wir verhindern, dass einkommensschwache Haushalte unter der Krise leiden müssen.

Für energieintensive Betriebe gibt es zudem Hilfen über das Kreditprogramm ""KfW-Sonderprogramm Energieeffizienz"". Damit soll Investitionen in effiziente Technologien erleichtert werden.

Wir setzen außerdem alles daran, unabhängiger von russischem Öl und Gas zu werden. Dazu gehört neben dem beschleunigten Ausbau erneuerbarer Energien auch die Unterstützung unserer Partnerländer beim Aufbau eigener Kapazitäten. Nur gemeinsam können wir langfristige Lösungen finden.

Gleichzeitig dürfen wir aber auch die Chancen dieser Situation nicht vergessen. Der Umbau unseres Energiesystems hin zu nachhaltigkeit bietet große Potenziale – ökonomisch wie ökologisch. Wir als Unionsfraktion werden daher weiterhin konsequent an diesem Ziel arbeiten.

Lassen Sie mich abschließend betonen: In schwierigen Zeiten muss Politik zusammenhalten. Es geht jetzt darum, Verantwortung zu zeigen und entschiedene Schritte einzuleiten. Das tun wir als Union mit Entschlossenheit und Augenmaß. Denn nur gemeinsam meistern wir diese Krise!

Vielen Dank.","Sehr geehrte Damen und Herren,

wir stehen vor großen Herausforderungen: Die Energiekrise hat die Welt erfasst und uns alle hart getroffen. Insbesondere die steigenden Gaspreise belasten viele Menschen in unserem Land enorm.

Wir als Union haben es uns zur Aufgabe gemacht, unsere Bürgerinnen und Bürger in dieser schwierigen Zeit nicht im Stich zu lassen. Es ist unser Anspruch, faire Lösungen für alle anzubieten - unabhängig von Alter oder Einkommen.

Deshalb werden wir umgehend einen Entlastungspaket auf den Weg bringen, das gezielt dort ansetzt, wo Hilfe am meisten gebraucht wird:

Für einkommensschwache Haushalte wollen wir einen Heizkostenzuschuss einführen. Dieser soll unbürokratisch ausgezahlt werden und sicherstellen, dass niemand frieren muss. Gleichzeitig setzen wir auch bei Familien mit Kindern zusätzliches Geld an, um ihnen entstandene Mehrbelastungen abzufedern.

Unternehmen, die unter hohen Kosten leiden, unterstützen wir durch zielgerichtete Hilfsprogramme. Dabei achten wir darauf, dass diese Mittel schnell und effektiv fließen können. Denn jeder Euro hilft, Arbeitsplätze zu sichern und Krisenzeiten gemeistert zu bekommen.

Gleichzeitig wissen wir aber auch: Langfristige Lösungsansätze sind gefragt! Deshalb investieren wir massiv in erneuerbare Energien und Energieeffizienz. Nur so können wir dauerhaft günstiges und klimaneutrales Gas gewährleisten. 

Unsere Maßnahmen zeigen: Wir nehmen die Sorgen unserer Mitbürger ernst und handeln entschlossen. Gerade jetzt brauchen wir Zusammenhalt und Solidarität – dafür steht die Union!

Ich danke Ihnen."
SPD,Mindestlohn,"Sehr geehrte Damen und Herren,

ich freue mich sehr über die Gelegenheit heute hier vor Ihnen stehen zu dürfen und das wichtige Thema ""Mindestlohn"" anzusprechen.

Die Sozialdemokratische Partei Deutschlands steht seit jeher für soziale Gerechtigkeit und faire Arbeitsbedingungen in unserem Land. Ein zentraler Punkt dabei ist unser Einsatz für einen flächendeckenden gesetzlichen Mindestlohn.

Ein existenzsichernder Lohn muss jedem Arbeitnehmer zugutekommen - unabhängig von Branche oder Region. Deshalb setzen wir uns dafür ein, dass der aktuelle Mindestlohn auf mindestens 12 Euro pro Stunde angehoben wird. Nur so können Menschen von ihrer Hände Arbeit wirklich leben und ihre Familien ernähren.

Gleichzeitig müssen wir auch den Niedriglohnbereich insgesamt eindämmen. Viele Beschäftigte arbeiten trotz Vollzeitjob am Existenzminimum. Das kann nicht sein! Wir wollen gute Arbeit für alle – ohne Ausnahmen!

Deshalb fordern wir als SPD außerdem branchenspezifische Tarifverträge, die deutlich höhere Löhne vorsehen. Damit würden viele Branchen endlich aus dem prekären Bereich herausgeholt werden. Denn nur durch gerechte Bezahlung entsteht echter Aufschwung für unsere Gesellschaft.

Auch bei Zeitarbeit und Werkverträgen brauchen wir dringend Reformen: Hier darf es keine Benachteiligung gegenüber Stammbeschäftigen geben. Die Entgeltungleichheiten zwischen Leiharbeitnehmern und Festangestellten sind unhaltbar. 

Wir kämpfen für gleichen Lohn für gleichwertige Arbeit! Dafür braucht es klare Regeln statt umgangssprachlicher Tricks wie ""Equal Pay"". Es geht darum, faire Bedingungen für alle Beschäftigtengruppen herbeizuführen.

Liebe Mitbürgerinnen und Mitbürger,
die SPD setzt sich weiterhin vehement für bessere Löhne und fairen Lohngerechtigkeit ein. Unser Ziel bleibt klar:
Jeder Mensch soll vom eigenen Einkommen gut leben können - egal ob er nun im Supermarkt kassiert, Möbel zusammenbaut oder Pflegekräfte ist.
Das ist gelebte Solidarität und Teil unserer sozialdemokratischen DNA!
Lassen Sie uns gemeinsam anpacken und diese Ziele erreichen.

Vielen Dank für Ihre Aufmerksamkeit.","Sehr geehrte Damen und Herren,

ich freue mich heute hier vor Ihnen stehen zu können um über das wichtige Thema Mindestlöhne in Deutschland zu sprechen.

Wir als Sozialdemokraten haben uns immer für faire Löhne eingesetzt - denn Arbeit muss sich lohnen! Es kann nicht sein, dass Menschen von ihrer Hände Arbeit kaum leben können oder auf staatliche Unterstützung angewiesen sind. Deshalb ist es unsere Aufgabe einen gesetzlichen Mindestlohn einzuführen, welcher existenzsichernd ist.

Ein Mindestlohn bedeutet mehr Gerechtigkeit im Arbeitsmarkt. Wer hart arbeitet soll auch gut davon Leben können – unabhängig vom Geschlecht, Alter oder Berufsabschluss. Das stärkt die Kaufkraft und sorgt dafür, dass Geld wieder vermehrt bei den Beschäftigen ankommt statt beim Staat. Zudem entlasten wir damit unser soziales Sicherungssystem.

Doch wie hoch sollte dieser Mindestlohn ausfallen? Die Höhe hängt natürlich von verschiedenen Faktoren ab: Lebenshaltungskosten, Inflation sowie Tarifverträge spielen dabei eine Rolle. Wir plädieren daher für einen dynamischen Mindestlohn, der regelmäßig angepasst wird. Auch Branchenspezifika müssen berücksichtigt werden. Ein Fließbandarbeiter verdient nunmal anders als ein Kellner.

Die Einführung eines allgemeinen flächendeckenden Mindestlohns würde zudem dazu führen, dass viele Unternehmen ihre Preise erhöhen müssten. Dies könnte negative Auswirkungen auf Konsum und Wirtschaftswachstum haben. Daher braucht es hierbei Augenmaß und Verantwortungsbewusstsein seitens Politik und Gewerkschaften.

Unser Ziel bleibt klar: Jede Arbeit muss fair bezahlt werden! Dafür setzen wir uns weiterhin vehement ein. Denn nur wenn alle Bürgerinnen und Bürger am wirtschaftlichen Erfolg teilhaben, hat diese Gesellschaft Zukunft. 

Ich danke Ihnen.","Sehr geehrte Damen und Herren,

ich stehe heute vor Ihnen als Sozialdemokratin im Namen meiner Fraktion, um über das Thema ""Mindestlohn"" zu sprechen - einem Thema von größter Bedeutung für die Arbeitnehmerinnen und Arbeitnehmer in unserem Land.

Es ist unsere Pflicht als Vertretende des Volkes sicherzustellen, dass alle Menschen, unabhängig ihrer beruflichen Position oder Qualifikation, einen angemessenen Lohn erhalten, um ihre Grundbedürfnisse decken zu können. Der Mindestlohn spielt dabei eine entscheidende Rolle.

Ein existenzsichernder Lohn sollte kein Luxus sein, sondern eine Selbstverständlichkeit! In Deutschland arbeiten Millionen Menschen trotz Vollzeitbeschäftigung unterhalb dieses Niveaus – oft sind es Frauen, gering qualifizierte Beschäftigte oder Teilzeitarbeiter*innen. Das kann nicht akzeptabel sein!

Die Einführung des gesetzlichen Mindestlohns war daher ein wichtiger Schritt zur Bekämpfung prekärer Arbeitsverhältnisse und zur Anerkennung geleisteter Arbeit. Allerdings haben wir seit dessen Inkrafttreten auch bemerkenswerten Erfolgen verzeichnen dürfen: Die Anzahl der Geringfügig-Beschäftigen sank deutlich, Tarifabschlüsse wurden höher ausgehandelt und insgesamt stieg das Durchschnittseinkommen. Es zeigt sich also ganz klar: Ein guter Mindestlohn trägt dazu bei, sozialen Frieden und wirtschaftliche Stabilität zu fördern.

Doch nun stehen wir erneut an einem Punkt, an dem wir uns fragen müssen: Reicht dieser Mindestlohn noch aus? Sind wir zufrieden damit, wie viele Menschen immer noch darunter liegendes Entgeld bekommen?

Nein, meine sehr verehrten Kolleginnen und Kollegen, das sind wir nicht!
Wir wollen mehr für all jene tun, deren Arbeit tagtäglich unseren Lebensstandard aufrecht erhält. Daher setzt sich die SPD dafür ein, den aktuellen Mindestlohn weiterhin dynamisch anzupassen und ihn regelmäßig an die Entwicklung der durchschnittlichen Bruttostundenlöhne anzukoppeln.
Außerdem fordern wir zusätzlich einen Sockelbetrag oberhalb des jetzigen Mindestlohnniveaus, um gerade in Branchen ohne flächendeckenden Tarifvertrag eine bessere Vergütung zu gewährleisten.

Unser Ziel bleibt klar definiert:
Jeder Mensch muss vom eigenen Verdienst leben können. Dafür braucht es faire Bezahlung und gute Rahmenbedingungen am Arbeitsplatz. Wir werden alles dafür tun, diese Ziele umzusetzen - denn jeder Euro zählt!

Vielen Dank."
SPD,Bundeswehreinsatz im Kosovo,"Sehr geehrte Damen und Herren,

ich möchte heute über einen wichtigen Aspekt unserer Sicherheits- und Verteidigungspolitik sprechen: den Einsatz der Bundeswehr im Kosovo.

Die Situation in dem südosteuropäischen Land ist seit vielen Jahren angespannt. Nachdem die NATO-Truppen 1999 militärisch interveniert hatten, um ethnische Säuberungen durch serbisch-nationalistische Kräfte gegen die albanische Bevölkerungsmehrheit zu beenden, blieben internationale Friedenstruppen zurück, darunter auch Soldatinnen und Soldaten aus Deutschland.

Der KFOR-Einsatz hat dazu beigetragen, Stabilität herzustellen und das friedliche Zusammenleben verschiedener Ethnien zu fördern. Dennoch gibt es nach wie vor Herausforderungen - etwa bei der Bekämpfung von Korruption oder beim Aufbau rechtsstaatlicher Strukturen. Auch wirtschaftlich steht das Land noch am Anfang eines langwierigen Prozesses.

Deshalb halte ich es für richtig, dass wir unseren Beitrag zur Stabilisierung des Kosovos leisten – sowohl zivil als auch militärisch. Die Präsenz deutscher Soldatinnen und Soldaten zeigt den Menschen dort: Wir stehen fest an eurer Seite!

Gleichzeitig müssen wir uns bewusst sein: Militär kann Konflikte nicht lösen, sondern nur Raum für Verhandlungen und Versöhnungsprozesse schaffen. Deshalb setzen wir auf Dialog zwischen allen Beteiligten, unterstützen Polizei und Justiz sowie Zivile Missionen. Nur so können dauerhafte Lösungen entstehen.

Unser Ziel muss es bleiben, den Kosovo weiterhin dabei zu begleiten, sich stabilisiert entwickeln zu können. Dafür braucht es Kontinuität in unserem Engagement - ob nun durch unsere Truppe vor Ort oder finanzielle Unterstützung. Denn klar ist: Eine Zukunft ohne Gewalt und Hass kann es nur geben, wenn alle Seiten ihren Teil dazu beitragen.

Ich danke Ihnen.","Sehr geehrte Damen und Herren,

ich möchte heute über den Einsatz unserer Bundeswehr im Kosovo sprechen – einen Einsatz, der seit nunmehr fast zwei Jahrzehnten andauert.

Als Sozialdemokraten stehen wir für Frieden, Stabilität und Sicherheit in Europa. Der Krieg auf dem Balkan war vor 20 Jahren noch allgegenwärtig. Serbien versuchte die Unabhängigkeit von Kosovos Bevölkerungsmehrheit gewaltsam zu verhindern. Die NATO reagierte darauf mit Luftangriffen gegen serbisches Militär und paramilitärische Einheiten. Es folgte der sogenannte ""Kosovo-Konflikt"", bei dem auch unsere Soldatinnen und Soldaten im Einsatz waren.

Heute ist aus diesem Konfliktherd eine stabile Region geworden - dank der Präsenz internationaler Truppen, darunter auch der Bundeswehr. Wir haben es geschafft, durch diplomatische Bemühungen und militärisch unterstützte Friedenssicherung einen dauerhaften Frieden herbeizuführen.

Die Mission hat sich weiterentwickelt: Aus einem reinen Schutz- und Überwachungsmandat wurde mittlerweile ein Auftrag zur Unterstützung kosovarischer Behörden beim Aufbau staatlicher Strukturen. Unsere Soldat*innen helfen dabei, Polizei und Justiz aufzubauen sowie Korruption einzudämmen. Sie leisten damit einen wichtigen Beitrag dazu, dass das Land seinen Weg hin zu Demokratie und Rechtsstaatlichkeit fortsetzen kann.

Natürlich kostet dieser Einsatz Geld und Ressourcen. Aber er lohnt sich! Denn was wäre die Alternative? Eine Rückkehr zu Gewalt und Chaos? Das dürfen wir nicht zulassen!

Der Kosovo-Einsatz zeigt uns aber auch etwas Grundsätzliches: Internationale Kriseneinsätze sind keine Selbstläufer. Sie brauchen Kontinuität und Beständigkeit. Deshalb müssen wir als Politik alles dafür tun, um diese Einsätze nachhaltiger zu machen. Dazu gehört neben einer guten Ausrüstung und Ausbildung unserer Soldat*innen insbesondere auch eine klare Strategie und Zielorientierung. Nur so können wir sicherstellen, dass unser Engagement Früchte trägt und am Ende wirklich mehr bleibt als nur ein kurzfristiges Absichern von Flughäfen.

Lassen sie mich abschließend sagen: Ich bin stolz auf unseren Einsatz im Kosovo. Er steht exemplarisch für die erfolgreiche Arbeit unserer Streitkräfte weltweit. Und ich danke allen Soldatinnen und Soldaten, die dort ihren Dienst verrichten, ganz besonders unserem Kommando Spezialkräfte (KSK), welches ebenfalls Teil dieses Engagements ist. Ihr seid Vorbilder an Professionalität und Pflichtbewusstsein!

Vielen Dank.","Sehr geehrte Damen und Herren,

wir stehen heute vor einem entscheidenden Punkt in unserer Geschichte als Nation: Der Einsatz der Bundeswehr im Rahmen der KFOR-Mission im Kosovo. Dieser Einsatz ist von großer Bedeutung für die Sicherheit und Stabilität auf dem westlichen Balkan.

Die Lage im Kosovo hat sich seit den bewaffneten Auseinandersetzungen zwischen serbischen Separatisten und albanischer Bevölkerungsgruppe deutlich stabilisiert. Dennoch gibt es weiterhin Herausforderungen wie ethnisch motivierte Gewalttaten sowie soziale Spannungen zwischen den verschiedenen Gemeinden. 

Es liegt an uns allen - an Deutschland und seinen Bündnispartnern -, dass diese Fortschritte Bestand haben. Deshalb unterstützen wir den kontinuierlichen Beitrag Deutschlands zur internationalen Friedenssicherung durch seine Teilnahme am NATO-Einsatz KFOR.

Unser Ziel bleibt klar definiert: Die Umsetzung des Friedensabkommens von Dayton sowie das Zusammenleben verschiedener Ethnien im multiethnischen Kosovo unter Beachtung ihrer Rechte und Freiheiten. Dafür setzen wir uns auch zukünftig vollumfänglich ein.

Ich bin überzeugt davon, dass unsere Soldatinnen und Soldaten einen wichtigen Beitrag leisten können, um diesen Prozess voranzutreiben. Sie sind nicht nur Garantie dafür, dass kein neuer Konflikt entsteht, sondern fördern gleichzeitig Dialoge zwischen unterschiedlichen Gruppen und sorgen somit für mehr Verständigung miteinander statt Gegeneinander.

Natürlich wissen wir alle um die Schwere dieser Aufgabe und danken unseren Soldat*innen daher sehr herzlich für ihren unermüdlichen Dienst! Ihre Präsenz dort trägt dazu bei, dass Menschen friedlicher zusammen leben können – etwas wofür wir Sozialdemokrat*innen seit jeher eintreten!

Aber wir dürfen nicht vergessen: Unsere Unterstützung gilt auch den lokalen Akteuren, insbesondere den Institutionen UNMIK und EULEX. Ihr Engagement bildet die Grundlage für positive Entwicklungen vor Ort. Nur gemeinsam werden wir langfristige Stabilisierung erreichen können.

Deshalb fordern wir heute alle Fraktionen dieses Hauses auf, den Einsatz fortzusetzen und damit unser Signal der Solidarität mit den Menschen im Kosovo erneuern. Denn obwohl viel erreicht wurde, steht noch vieles bevor. Es braucht weitere Anstrengungen, um die fragile Balance zwischen Serben und Albanern dauerhaft abzusichern.

Wir freuen uns auf konstruktive Debatten darüber, was wir tun müssen, um den Weg hin zu einem vereinten Europa weiter zu gehen. Dabei sollten wir jedoch nie aus den Augen verlieren, welch großen Anteil unsere Soldatinenn und Soldaten daran tragen, dass wir heute über solche Fragen diskutieren können ohne Angst um unser aller Zukunft zu haben.

Vielen Dank."
SPD,Wirtschaftshilfen Corona,"Sehr geehrte Damen und Herren,

wir stehen vor großen Herausforderungen in dieser Krise. Die Ausbreitung des Coronavirus hat unsere Gesellschaft und Wirtschaft hart getroffen. Viele Unternehmen kämpfen ums Überleben, Millionen Menschen haben ihre Jobs verloren oder sind von Kurzarbeit betroffen.

Als Sozialdemokraten ist es unser oberstes Ziel, die Folgen dieser Pandemie abzumildern und den sozialen Zusammenhalt in unserem Land zu stärken. Deshalb fordert die SPD massive finanzielle Hilfsprogramme für Betriebe und Arbeitnehmerinnen und Arbeitnehmer.

Wir müssen alles tun, damit niemand zurückgelassen wird - weder im Krankheitsfall noch bei Arbeitslosigkeit. Dafür brauchen wir einen Rettungsschirm für alle Beschäftigten: Ein Recht auf Kurzarbeitergeld für alle, unabhängig vom Einkommen und der Branche. Und wer seinen Job verliert, muss schnell und unbürokratisch Unterstützung erhalten – durch Transferleistungen wie das Arbeitslosengeld I statt Hartz IV.

Auch kleine Selbstständige und Solo-Selbständige dürfen nicht vergessen werden. Sie benötigen dringend Soforthilfe, um über die Runden zu kommen. Wir setzen uns dafür ein, dass diese Hilfe zielgerichtet und unbürokratisch ausgezahlt wird.

Für große Konzerne gilt harte Auflagen: Wer Staatshilfen annimmt, darf keine Dividenden ausschütten und Mitarbeiter entlassen. Stattdessen sollen sie sich verpflichten, nach der Krise wieder ausreichend Personal einzustellen. Nur so können wir sicherstellen, dass am Ende der Krise nicht nur einige wenige profitieren, sondern alle Bürgerinnen und Bürger.
Die Bundesregierung muss jetzt handeln! Es geht darum, Existenzen zu retten und unseren gesellschaftlichen Zusammenhalt zu bewahren. Lassen Sie uns gemeinsam stark sein gegen diese Krise!

Vielen Dank.","Sehr geehrte Damen und Herren,

wir stehen vor großen Herausforderungen inmitten dieser Pandemie. Die Ausbreitung von COVID-19 hat unsere Gesellschaft hart getroffen und viele Menschen sind durch den Lockdown wirtschaftlich betroffen worden.

Die Bundesregierung hat schnell reagiert und umfangreiche Hilfspakete geschnürt, um die Folgen abzumildern. Dafür möchte ich mich an erster Stelle bei unserem Finanzminister Olaf Scholz bedanken. Wir als Sozialdemokraten setzen uns für einen sozialen Ausgleich ein und wollen sicherstellen, dass niemand zurückgelassen wird.

Unsere oberste Priorität ist es nun, Arbeitsplätze zu sichern und Unternehmen dabei zu unterstützen, diese Krise zu überwinden. Deshalb haben wir Soforthilfen für Solo-Selbstständige, kleine Betriebe sowie Familien auf den Weg gebracht. Darüber hinaus wurden Kredite bereitgestellt, damit Firmen ihre Liquiditätsengpässe überbrücken können.
Auch Kurzarbeitergeld wurde massiv ausgeweitet – dies stärkt die Kaufkraft vieler Arbeitnehmerinnen und Arbeitnehmern und hilft gleichzeitig unseren Unternehmen, Personal halten zu können.

Trotz aller Maßnahmen werden einige Branchen besonders stark getroffen sein - insbesondere Gastronomie, Hotellerie oder Veranstaltungsbranche. Hier brauchen wir weitere Unterstützung, denn ohne sie geht unser kulturelles Leben verloren. Daher fordert die SPD zusätzliche direkte Zuschüsse für solche Betroffene, die keine Rücklagen bilden konnten. 

Gleichzeitig dürfen wir aber auch nicht vergessen: Diese Hilfe kommt letztendlich vom Steuerzahler. Und genau darum müssen wir sorgsam haushalten. Es gilt jetzt schon vorauszudenken, wie wir nach Überwindung der Krise wieder gestärkt dastehen können. Dazu gehört unter anderem eine gerechte Besteuerung großer Digitalkonzerne, die während der Krise enorm profitieren konnten.

Meine sehr verehrten Damen und Herren,
die nächsten Wochen und Monate werden entscheidend dafür sein, ob Deutschland gut durch diese Krise kommen kann. Als Sozialdemokratinnen und Sozialdemokraten sehen wir es als unsere Pflicht, Verantwortung zu übernehmen und Lösungen anzubieten, die sowohl solidarisch als auch zukunftsorientiert sind. Denn nur gemeinsam meistern wir diese Krise!

Vielen Dank.","Sehr geehrte Damen und Herren,

wir stehen heute vor großen Herausforderungen für unsere Gesellschaft und Wirtschaft durch die COVID-19-Pandemie. Die Ausbreitung des Virus hat uns gezeigt, wie verwundbar unser System ist.

Die Bundesregierung hat schnell gehandelt und umfangreiche Hilfspakete geschnürt, um Unternehmen und Arbeitnehmerinnen und -nehmern in dieser Krise unter die Arme zu greifen. Wir von der Sozialdemokratischen Partei Deutschlands unterstützen diese Maßnahmen ausdrücklich.

Doch wir dürfen nicht vergessen: Es geht dabei auch darum, soziale Gerechtigkeit zu wahren. Nicht jeder profitiert gleichermaßen von diesen Hilfeleistungen. Besonders hart getroffene Branchen wie Gastronomie oder Kulturschaffende bleiben oft auf der Strecke. Hier müssen wir ansetzen!

Wir fordern daher einen Fonds zur Unterstützung besonders betroffener Sektoren. Gerade solche Bereiche prägen das Lebensgefühl unserer Stadtviertel und tragen wesentlich dazu bei, dass sich Menschen wohl fühlen können. Sie verdienen es, jetzt nicht allein gelassen zu werden.

Auch die Beschäftigten dort brauchen unseren Schutz. Kurzarbeitergeld darf nicht automatisch bedeuten, dass sie weniger Geld erhalten als Hartz IV-Empfänger*innen – das wäre unsozial! Deshalb setzen wir uns dafür ein, dass während der Zeit im Kurzarbeit mindestens das volle Nettogehalt gezahlt wird.

Eine weitere Baustelle sehe ich beim Zugang zu den Soforthilfen. Kleinunternehmen und Solo-Selbstständige haben oftmals Schwierigkeiten, die bürokratische Hürden zu überwinden. Hier benötigen wir unbürokratische Lösungen, um allen Betroffenen gerecht zu werden.

Zudem mahnen wir an, nachhaltiges Handeln stärker in den Vordergrund zu rücken. Nur wenn wir jetzt Weichen stellen, können wir sicherstellen, dass am Ende aller Pandemienormale Geschäftstätigkeiten wieder möglich sind ohne unsere Umwelt weiter zu belasten. Nachhaltiger Konsum und Produktion muss gefördert werden.

Liebe Kolleginnen und Kollegen, lassen Sie uns gemeinsam stark sein für diejenigen, die gerade am meisten leiden. Lassen Sie uns mutig genug sein, neue Ideen zuzulassen statt nur Altbekanntes fortzusetzen. Und lassen Sie uns solidarisch handeln – miteinander, füreinander und vorausschauend für die Zukunft unseres Landes.

Vielen Dank."
SPD,Gaspreise,"Sehr geehrte Damen und Herren,

ich möchte heute über das drängende Problem steigender Energiekosten sprechen - insbesondere die explodierenden Preise für Erdgas.

Die aktuelle Situation ist besorgniserregend: Viele Menschen müssen immer tiefer in ihre Tasche greifen, um Heizung und Warmwasser aufrechtzuerhalten. Gleichzeitig sorgen sich Unternehmen um ihre Existenzfähigkeit. Die sozialen Folgen sind bereits jetzt spürbar – Familien sehen sich gezwungen, Sparmaßnahmen zu ergreifen oder gar den Gürtel enger schnallen zu müssen.

Als Sozialdemokraten stehen wir an der Seite dieser Bürgerinnen und Bürger! Wir werden nicht zulassen, dass sie unter diesen Umständen leiden müssen!

Deshalb fordern wir als SPD einen sofortigen Preisdeckel für Erdgas. Dieser soll sicherstellen, dass niemand mehr als einen bestimmten Betrag pro Kilowattstunde bezahlen muss. Damit wäre gewährleistet, dass auch einkommensschwächere Haushalte genug Geld zur Verfügung haben, um ihren Lebensunterhalt bestreiten zu können.

Darüber hinaus setzen wir uns dafür ein, dass es Entlastungsmechanismen gibt, damit Unternehmen durch hohe Energiekosten nicht in existentielle Schwierigkeiten geraten. Denn nur wenn unsere Wirtschaft stabil bleibt, kann Deutschland wettbewerbsfähig bleiben und Arbeitsplätze gesichert werden.

Um diese Ziele erreichen zu können, brauchen wir jedoch Unterstützung von allen Seiten. Es liegt im Interesse aller demokratischer Kräfte, hier gemeinsam Lösungen zu finden. Nur zusammen können wir verhindern, dass unser Land auseinanderdriftet.

Ich appelliere daher an Sie alle: Lassen Sie uns solidarisch sein und alles daran setzen, die Lasten gerecht zu verteilen. Packen wir dieses Problem entschlossen an - zum Wohle unserer Gesellschaft!

Vielen Dank.","Sehr geehrte Damen und Herren,

wir stehen vor großen Herausforderungen in Zeiten steigender Energiekosten und insbesondere bei den Erdgaspreisen. Die Auswirkungen dieser Entwicklung sind spürbar: Viele Haushalte müssen tiefer in die Tasche greifen für ihre Heiz- und Stromrechnung, Unternehmen sehen sich mit zusätzlichen Belastungen konfrontiert.

Als Sozialdemokratinnen und Sozialdemokraten ist es unsere Pflicht, hier anzusetzen und Lösungsansätze aufzuzeigen, um diese Probleme abzumildern. Wir wollen einen fairen Übergang hin zur Klimaneutralität gestalten - doch dabei dürfen niemanden zurückgelassen werden!

Unser Ziel muss sein, dass alle Menschen unabhängig von ihrem Einkommen Zugang zu bezahlbaren Energien haben. Deshalb fordert die SPD einen sozial gerechten Mechanismus, um besonders betroffene Verbrauchergruppen finanziell zu entlasten. Eine solide Finanzierung durch eine Übergewinnsteuer wäre dafür ein wichtiger Baustein.

Wir setzen uns zudem für mehr Transparenz am Markt ein. Es darf nicht sein, dass einige wenige große Akteure überhöhte Preise diktieren können. Hier braucht es klare Regeln und Kontrollmöglichkeiten seitens der Politik.

Auch im Bereich der Industrie gilt es, Gerechtigkeit herzustellen. Für energieintensive Betriebe müssen wir Wege finden, damit sie wettbewerbsfähig bleiben können. Dafür bedarf es gezielter Unterstützung und Anpassungsprozesse.

Darüber hinaus plädieren wir als SPD für Investitionen in erneuerbare Energien und Energieeffizienz. Nur wenn wir jetzt in sauberen Umbau unserer Energielandschaft investieren, können wir langfristig Kosten senken und gleichzeitig unseren Planeten schützen.

Liebe Kolleginnen und Kollegen,
die aktuelle Situation zeigt deutlich: Der Kampf gegen hohe Energiepreise und für bezahlbare Energie für Alle bleibt eine gesamtgesellschaftliche Aufgabe.
Mit einem Maßnahmenpaket aus Entlastungspaketen, Marktkontrolle und nachhaltigen Investments packt die SPD entschlossen an. Lassen Sie uns gemeinsam daran arbeiten, das Leben der Bürgerinnen und Bürger zu erleichtern und zugleich den Weg in Richtung klimafreundlicher Zukunft ebnen! 

Vielen Dank.","Sehr geehrte Damen und Herren,

heute möchte ich als Mitglied der Sozialdemokratischen Part Deutschlands über das drängende Problem steigender Energiekosten sprechen - insbesondere die explodierenden Preise für Erdgas.

Die aktuelle Situation auf dem Weltmarkt führt dazu, dass immer mehr Menschen vor existenziellen Sorgen stehen: Sie können ihre Heizungen nicht mehr bezahlen oder müssen sich zwischen Essen und warmer Wohnung entscheiden. Das ist unerträglich!

Es kann nicht sein, dass private Haushalte, aber auch kleine Unternehmen durch diese Krisensituation in finanzielle Not geraten. Wir dürfen niemanden alleine lassen – gerade jetzt braucht es Solidarität und soziale Gerechtigkeit! 

Deshalb fordert die SPD einen umfassenden Schutzschirm gegen hohe Energiekosten. Die Bundesregierung muss handeln und sofort wirksame Maßnahmen ergreifen:

Erstens sollten Soforthilfezahlungen an einkommensschwache Haushalte fließen. Niemand darf im Winter frieren müssen. Zweitens gilt es, den Gasverbrauch zu reduzieren - sowohl bei Privathaushalten als auch bei Industrie und Gewerbe. Dafür wollen wir Anreize setzen und gezielte Förderprogramme ausrollen. Und drittens benötigen wir faire Übergangsfristen und Ausgleichszahlungen für energieintensive Betriebe, damit sie wettbewerbsfähig bleiben.

Wir dürfen uns von Spekulanten und Marktakteuren nicht erpressbar machen lassen. Der Staat hat hier klar regulativ eingreifen müssen. Es geht darum, Preissteigerungen abzufedern und gleichzeitig Investitionen in erneuerbare Energien voranzutreiben. Nur gemeinsam werden wir diese Krise meistern.

Ich bitte daher die Regierungskoalition nachdrücklich, unsere Forderung schnellstmöglich umzusetzen und so Verantwortung für alle Bürgerinnen und Bürger dieses Landes zu zeigen. Denn eins steht fest: Eine Gesellschaft zeigt sich in Zeiten der Krise erst recht am Umgang miteinander. Lassen Sie uns solidarisch zusammenstehen! 

Vielen Dank."
GRÜNE,Mindestlohn,"Sehr geehrte Damen und Herren,

ich freue mich sehr über die Gelegenheit heute hier vor Ihnen stehen zu dürfen, um das wichtige Thema ""Mindestlöhne"" anzusprechen.

Als Mitglied von Bündnis90/Die Grünen ist es mir besonders wichtig, dass alle Menschen in Deutschland fair bezahlt werden - unabhängig davon ob sie Vollzeit oder Teilzeit arbeiten, männlich oder weiblich sind, jung oder alt. Jeder Mensch muss genug Geld verdienen können, um seinen Lebensunterhalt bestreiten zu können und nicht auf staatliche Unterstützung angewiesen sein.

Deshalb setzen wir uns als GRÜNE für einen flächendeckenden gesetzlichen Mindestlohn von mindestens 12 Euro pro Stunde ein. Dieser Lohn soll allen Arbeitnehmer*innen den Zugang zu einem existenzsichernden Einkommen ermöglichen und Armut trotz Erwerbstätigkeit verhindern. 

Die aktuelle Höhe des Mindestlohns reicht leider noch lange nicht aus: Viele Beschäftigte müssen mehrere Jobs annehmen, um ihren Lebensstandard sichern zu können. Das darf so nicht weiter gehen! Wir fordern daher eine deutliche Anpassung nach oben!

Ein höherer Mindestlohn bedeutet auch fairen Wettbewerb zwischen Unternehmen. Es kann doch nicht sein, dass einige Firmen ihre Mitarbeiter*innen ausbeuten, nur weil andere skrupellose Geschäftspraktiken haben. Ein hoher Mindestlohn sorgt dafür, dass alle Betriebe gleiche Bedingungen haben und niemand durch Dumping-Löhne Konkurrenzvorteile erlangt.

Zudem stärkt ein guter Mindestlohn unsere Sozialversicherungs-Systeme wie Renten-, Kranken- und Pflegeversicherung. Denn wer wenig verdient zahlt weniger ein – was langfristig dazu führt, dass diese Systeme kollabieren könnten. Mit einem guten Mindestlohn tragen alle etwas bei und profitieren im Alter davon.

Wir GRÜNEN kämpfen seit jeher für gute Arbeitsbedingungen und gerechte Bezahlung aller Arbeitnehmender. Dafür braucht es jetzt endlich konkrete Schritte hin zu einem starken Mindestlohn. Ich bin fest davon überzeugt: Nur wenn wir gemeinsam handeln, können wir sicherstellen, dass jeder Mensch in diesem Land würdig entlohnt wird und seine Existenz eigenständig meistern kann. Deshalb bitte ich Sie heute darum: Stimmen Sie mit uns ab für einen echten Fortschritt beim Mindestlohn! Danke.","Sehr geehrte Damen und Herren,

wir von Bündnis 90/Die Grünen stehen für soziale Gerechtigkeit und faire Arbeitsbedingungen in Deutschland. Deshalb setzen wir uns seit langem dafür ein, dass jeder Mensch, unabhängig vom Beruf oder Beschäftigungsumfang, einen angemessenen Lohn erhält, um seinen Lebensunterhalt bestreiten zu können.

Ein wichtiger Schritt auf diesem Weg ist die Einführung eines flächendeckenden gesetzlichen Mindestlohns. Seit seiner Einführung im Jahr 2015 hat er dazu beigetragen, Armutslöhne abzuschaffen und den Konkurrenzkampf unter Arbeitnehmern einzudämmen. Doch trotz dieser positiven Entwicklung gibt es noch viel Raum nach oben - sowohl was Höhe als auch Reichweite angeht.

Wir fordern daher eine Erhöhung des aktuellen Mindestlohnes auf mindestens 12 Euro pro Stunde. Nur so kann sichergestellt werden, dass Menschen von ihrer Hände Arbeit wirklich leben können und nicht weiterhin auf staatliche Transferleistungen angewiesen sind. Zudem muss der Mindestlohn alle zwei Jahre automatisch an das allgemeine Lohnniveau angepasst werden, damit seine Kaufkraft erhalten bleibt.

Darüber hinaus müssen wir sicherstellen, dass der Mindestlohn tatsächlich bei allen Branchen und Unternehmen ankommt. Dafür braucht es mehr Kontrollen durch die Finanzkontrolle Schwarzarbeit (FKS) sowie Sanktionen gegen Betriebe, die ihren Angestellten weniger zahlen. Auch Ausnahmeregelungen wie die sogenannten ""Branchenzuschläge"" dürfen kein Schlupfloch sein, um Arbeitnehmer auszubeuten. 

Der Mindestlohn darf keine Alibifunktion haben – er muss endlich zur Realität werden! Wir wollen gute Arbeit für alle statt Billiglöhne für wenige. Denn nur wenn Arbeit wieder lohnt, wird sie attraktiv bleiben und unser Sozialstaat stabilisiert. Investitionen in bessere Bezahlung tragen somit direkt zu einem starken Gemeinwohl bei.

Lassen Sie mich abschließend betonen: Ein höherer Mindestlohn bedeutet keinen Verlust für unsere Wirtschaft, sondern stärkt vielmehr unseren Standort. Es geht darum, faire Bedingungen für alle Beschäftigen herzustellen - ob Vollzeit-, Teilzeit- oder Leiharbeiter*innen. Das ist gerechter Lohn für ehrliche Arbeit!

Ich danke Ihnen.","Sehr geehrte Damen und Herren,

ich möchte heute über das Thema ""Mindestlöhne"" sprechen - ein Thema von großer Bedeutung für die Grünen.

Ein gerechter Lohn ist unverzichtbar für den Respekt vor der Arbeit jedes Einzelnen. Der Grundsatz unserer Gesellschaft muss lauten: Gute Arbeit verdient guten Lohn! Deshalb kämpfen wir als Bündnis90/Die Grünen seit langem dafür, dass niemand durch seine Arbeitskraft in Armut geraten darf.

In Deutschland gibt es Millionen Menschen, deren Einkommen nicht ausreichend zur Deckung ihres Lebensbedarfs ist. Sie sind auf staatliche Transferleistungen angewiesen – trotz Vollzeitjob. Das widerspricht unserem Verständnis von sozialer Gerechtigkeit und einem solidarischem Miteinander!

Deshalb fordern wir einen flächendeckenden gesetzlichen Mindestlohn, der armutsfest ist und Existenz sichernd. Jeder Mensch sollte davon leben können, was er oder sie arbeitet.

Der aktuelle Mindestlohn reicht dazu bei weitem nicht aus. Er liegt deutlich unter dem Niveau dessen, was Expert*innen als existenzsichernd betrachten. Die Ausnahmen beim Mindestlohngesetz müssen abgeschafft werden - auch im Bereich der Zeitarbeitsfirmen und Leiharbeitnehmer*innen sowie für Praktikant*innen. 

Wir wollen zudem erreichen, dass alle Branchenmindestlöhne an den allgemeinen gesetzlichen Mindestlohn angepasst werden. Damit stärken wir Tarifbindung und Entgeltgleichheit zwischen Ost-und Westdeutschland.

Gleichzeitig setzen wir uns für fairen internationalen Handel ein. Wir dürfen Billigimporte aus Drittländern nicht länger akzeptieren, wenn diese nur dank extrem niedriger Standards möglich sind. Es braucht verbindliche Regeln gegen Lohndumping und Sozialdumping weltweit.

Die Corona-Pandemie hat gezeigt: In Krisenzeiten halten oft gerade jene Stellung, die ohnehin schon am wenigsten haben. Pflegekräfte etwa oder Supermarktkassierer*innen. Diese systemrelevanten Berufe verdienen mehr Anerkennung und besseren Schutz. Hier gilt es anzusetzen.

Mit Blick auf die kommende Legislaturperiode werde ich mich weiterhin vehement für einen existenzsichernden Mindestlohn stark machen. Denn unsere Vision bleibt klar: Eine Gesellschaft, in der jeder Mensch gutes Geld für gute Arbeit erhält. Nur gemeinsam können wir diesen Anspruch Realität werden lassen.

Vielen Dank für Ihre Aufmerksamkeit."
GRÜNE,Bundeswehreinsatz im Kosovo,"Sehr geehrte Damen und Herren,

ich möchte heute über den Einsatz unserer Bundeswehrsoldatinnen und -soldaten im Kosovo sprechen.

Die Lage in diesem Land ist nach wie vor angespannt. Die ethnischen Spannungen zwischen Serben und Albanern bestehen weiterhin fort und es kommt immer wieder zu gewalttätigen Auseinandersetzungen. Auch wenn die KFOR-Truppen seit fast zwei Jahrzehnten für Frieden sorgen, gibt es noch viel Arbeit zu tun.

Wir Grünen stehen uneingeschränkt hinter dem Mandat zur Fortführung unseres Engagements im Kosovo. Denn wir sind davon überzeugt: Nur durch Präsenz und Dialog kann langfristig Stabilität erreicht werden. 

Dabei geht es nicht nur um Sicherheit und Schutz von Minderheiten. Es geht auch darum, einen Beitrag zu leisten, damit sich das Land wirtschaftlich entwickeln und seine Bürgerinnen und Bürger Perspektiven haben. Deshalb unterstützen wir zivilgesellschaftliche Projekte und fördern den Aufbau rechtsstaatlicher Strukturen.  

Unser Ziel bleibt klar: Wir wollen dazu beitragen, dass Menschen unterschiedlichen Glaubens oder ethnischer Zugehörigkeit friedlich zusammenleben können. Dafür braucht es Geduld und Ausdauer – aber ich bin fest davon überzeugt, dass unsere Soldatinnen und Soldaten diesen wichtigen Dienst am Frieden leisten.

Ich danke Ihnen.","Sehr geehrte Damen und Herren,

ich möchte heute über den Einsatz unserer Bundeswehrsoldatinnen und -soldaten sprechen, die seit fast zwei Jahrzehnten im Kosovo stationiert sind.

Die Mission KFOR hat das Ziel, Stabilität und Sicherheit in diesem jungen Land zu gewährleisten. Sie trägt dazu bei, ethnischen Säuberungen vorzubeugen und Minderheiten zu schützen. Dafür leistet unsere Armee einen wichtigen Beitrag.

Doch wir dürfen nicht vergessen: Der Kosovokrieg war keine gerechte Verteidigung gegen serbisch-nationalistisches Unrecht, sondern Ausdruck imperialer Interessenspolitik von NATO-Staaten wie Deutschland und USA. Die Angriffe auf Jugoslawien waren völkerrechtswidrig und haben tiefe Narben hinterlassen.

Heute stehen wir an einem Scheidepunkt: Wir können weiterhin Soldat*innen in dieses Krisengebiet entsenden oder uns für zivile Konfliktlösung stark machen.
Wir Grüne fordern daher einen geordneten Rückzug aus dem KFOR-Einsatz und stattdessen verstärkte Investitionen in friedliche Konfliktprävention und Aufbauhilfe.

Unsere Priorität muss sein, junge Menschen durch Bildungs- und Arbeitsperspektiven davon abzuhalten, sich radikalisierten Gruppen anzuschließen. Nur so kann nachhaltige Friedensarbeit gelingen.

Es ist höchste Zeit, dass wir als Gesellschaft Verantwortung übernehmen und uns fragen: Was braucht es wirklich, um dauerhaften Frieden zu etablieren? Eine Antwort darauf lautet sicherlich nicht mehr militärische Präsenz, sondern mehr Dialogbereitschaft, Versöhnungsbemühungen und wirtschaftlicher Zusammenarbeit.

Ich appelliere an alle Fraktionen hier im Haus: Lassen Sie uns gemeinsam Wege finden, wie wir die Bürgerkriege dieser Welt beenden können – ohne weitere Militäreinätze! Unsere Soldat*innen verdienen unseren Dank dafür, was sie bereits geleistet haben. Jetzt müssen wir aber neue Schritte gehen, hin zur Zivilisierung internationaler Politik!

Vielen Dank für Ihre Aufmerksamkeit.","Sehr geehrte Damen und Herren,

ich wende mich heute als Vorsitzender unserer Fraktion Bündnis90/Die Grünen an Sie, um über den aktuellen Einsatz der Bundeswehr in Nord-Mazedonien zu sprechen.

Wir stehen vor einem Dilemma: Einerseits ist es unsere Pflicht, die Menschenrechte weltweit zu verteidigen – auch wenn sie uns fremd sind. Andererseits müssen wir verantwortungsvoll handeln und prüfen, ob jedes Mandat militärischer Art gerechtfertigt ist oder nicht. 

Im Falle Mazedoniens haben wir meiner Meinung nach gute Gründe für einen humanitären Einsatz. Dort herrscht seit Jahren bittere Armut und Gewalt - besonders betroffen davon sind Frauen und Kinder. Wenn wir jetzt nicht eingreifen, droht dort bald eine Situation wie in Syrien oder Afghanistan. Das dürfen wir auf keinen Fall zulassen!

Aber ich möchte noch einmal betonen: Der KFOR-Einsatz darf kein Selbstläufer sein! Wir müssen sehr genau darauf achten, dass er sich innerhalb klar definierter Grenzen bewegt und keinesfalls eskalierte Konfliktpartei wird. Die Verantwortlichen vor Ort sollten unbedingt weiterhin alle Möglichkeiten zur friedlichen Beilegung ausloten.

Und natürlich muss dieser Einsatz von Erfolg gekrönt sein. Es reicht nicht aus, nur Truppen dorthin zu entsenden; wir müssen sicherstellen, dass diese ihren Auftrag erfolgreich erfüllen können. Daher fordere ich die Regierung dazu auf, genug Ressourcen bereit zu stellen, damit die Soldaten ihre wichtige Arbeit tun können.

Liebe Kolleginnen und Kollegen, lassen Sie uns gemeinsam dafür sorgen, dass dieser Friedenseinsatz funktioniert. Lassen Sie uns zeigen, dass Deutschland bereit ist, seine internationale Verpflichtungen ernst zu nehmen und gleichzeitig immer das Ziel hat, Leid zu lindern statt es zu verschlimmern. Ich danke Ihnen."
GRÜNE,Wirtschaftshilfen Corona,"Sehr geehrte Damen und Herren,

wir stehen vor großen Herausforderungen inmitten der COVID-19-Pandemie. Die Ausbreitung des Virus hat unsere Gesellschaft und Wirtschaft hart getroffen. Es ist unsere Pflicht als Politikerinnen und Politikern, schnell und entschlossen zu handeln, um die Folgen abzumildern.

Die Bundesregierung hat bereits umfangreiche Maßnahmen ergriffen, um Unternehmen und Beschäftigte zu unterstützen. Dafür sind wir dankbar. Dennoch müssen wir sicherstellen, dass diese Hilfsprogramme gerecht verteilt werden und alle Betroffene gleichermaßen erreichen. 

Es darf nicht sein, dass große Konzerne Milliarden an staatlichen Unterstützungsgeldern erhalten, während kleine Betriebe und Solo-Selbstständige leer ausgehen oder sich durch Bürokratiekram quälen müssen. Wir fordern daher einen fairen Zugang zu den Fördermitteln für alle Branchen - unabhängig von ihrer Größe!

Gleichzeitig dürfen wir aber auch nicht aus dem Blick verlieren: Nachhaltigkeit muss bei allen wirtschaftspolitischen Entscheidungen im Vordergrund stehen! Eine grüne Transformation unserer Wirtschaft bietet uns jetzt die Chance auf eine zukunftsfähiges Modell, das sowohl ökologisch nachhaltig als auch sozial gerechter gestaltet ist.

Deshalb setzen wir Grünen uns dafür ein, dass die Mittel aus den Rettungsschirmen gezielt in klimafreundliche Technologien investiert werden. Nur wenn wir jetzt mutig in Innovationen wie Erneuerbare Energien, E-Mobilität und energieeffiziente Gebäude investieren, können wir langfristig Arbeitsplätze sichern und gleichzeitig unseren Planeten retten.

Wir brauchen einen Marshallplan für Klimaschutz und Digitalisierung – denn nur so meistern wir gemeinsam die Krise und machen Deutschland fit für morgen!

Ich danke Ihnen.","Sehr geehrte Damen und Herren,

wir stehen vor großen Herausforderungen inmitten der COVID-19-Pandemie. Die Ausbreitung des Virus hat weitreichende Folgen für unsere Gesellschaft und Wirtschaft gehabt. Es ist unsere Aufgabe als Politikerinnen und Politikern jetzt entschlossen zu handeln und die richtigen Maßnahmen zu ergreifen.

Die Bundesregierung hat bereits umfangreiche Hilfspakete geschnürt, um Unternehmen, Selbstständige und Arbeitnehmer*innen durch diese Krise zu helfen. Das war wichtig und richtig so! Dennoch müssen wir uns fragen: Reichen diese Maßnahmen aus? Sind sie gerecht verteilt?

Wir Grünen sagen klar: Nein!

Viele Branchen leiden besonders unter den Einschränkungen – Kultur-, Veranstaltungs- und Gastronomiebetriebe etwa oder Soloselbständige und Kleinstunternehmen. Sie brauchen unbürokratische Unterstützung, damit sie überleben können. Dafür setzen wir uns ein.

Auch Familien trifft es hart: Kitas und Schulen sind geschlossen, Eltern arbeiten im Homeoffice oder haben ihren Job verloren. Wir fordern einen Kinderbonus von mindestens 300 Euro pro Kind, um ihnen finanzielle Entlastung zu bieten.

Gleichzeitig dürfen wir nicht vergessen: Auch nach der Pandemie wird sich vieles ändern - hin zu mehr Nachhaltigkeit und Klimaschutz. Deshalb muss auch die ökologisch-soziale Transformation gestärkt werden. Investitionen in erneuerbare Energien, Energieeffizienz und klimafreundliche Mobilität schaffen Arbeitsplätze und stützen die Wettbewerbsfähigkeit unseres Landes langfristig.

Deshalb plädieren wir dafür, die Konjunkturprogramme konsequent an diesen Zielen auszurichten. Öffentliche Mittel sollten gezielt eingesetzt werden, um Innovationen anzustoßen, zukunftsfeste Jobs zu fördern und gleichzeitig dem Klima etwas Gutes zu tun. Nur so meistern wir gemeinsam die Krisen unserer Zeit.

Es liegt noch viel Arbeit vor uns. Lassen Sie uns mutig sein, klug planen und solidarisch zusammenstehen. Dann kommen wir gut durch diese schwierige Zeit und gestalten zugleich eine bessere Zukunft für alle Menschen in unserem Land. 

Vielen Dank.","Sehr geehrte Damen und Herren,

wir stehen vor einer beispiellosen Herausforderung: Die COVID-19-Pandemie hat unsere Gesellschaft und Wirtschaft hart getroffen. Unternehmen kämpfen ums Überleben, Millionen Arbeitnehmerinnen und Arbeitnehmer bangen um ihre Jobs.

Die Bundesregierung hat schnell reagiert und umfangreiche Hilfspakete geschnürt – das war richtig so! Aber wir müssen weiter handeln: Jetzt geht es darum, die Folgen abzufedern und Perspektiven für einen nachhaltigen Aufschwung zu entwickeln.
Wir Grünen wollen dabei sicherstellen, dass niemand zurückgelassen wird - weder in der Krise noch auf dem Weg aus ihr heraus!

Deshalb fordere ich: Wir brauchen gezielte Unterstützung für kleine Betriebe, Solo-Selbstständige und Kulturschaffende. Für sie sind Direkthilfen unverzichtbar, damit sie durch diese schwierige Zeit kommen und danach wieder voll durchstarten können. 

Gleichzeitig dürfen wir nicht zulassen, dass Konzerne und Vermögende sich über Steuergelder bereichern. Es kann nicht sein, dass Milliardäre Kurzarbeitergeld kassieren oder Dividenden ausschütten während gleichzeitig Mitarbeiter entlassen werden. Deshalb setzen wir uns für eine faire Verteilung von Krisenkosten und Lasten ein.

Für den Neustart muss grüne Wirtschaftspolitik an erster Stelle stehen. Nur wenn wir jetzt investieren, können wir langfristig Wohlstand und Beschäftigung sichern. Dafür ist eine kluge Strukturpolitik nötig, die Innovation fördert, Branchen stärkt, die Zukunftsfähigkeit unseres Landes sicherstellt und Arbeitsplätze schafft – gerade auch im ländlichen Raum.

Ein wichtiger Baustein dafür sind Investitionen in klimafreundliche Technologien wie Erneuerbare Energien oder E-Mobilität. Sie bieten enorme Chancen und tragen dazu bei, unsere Ziele beim Klimaschutz zu erreichen. Mit einem Zukunftsprogramm „Made in Germany“ können wir neue Märkte erschließen und führend bleiben.

Lieber Kolleginnen und Kollegen,
die Coronapandemie zeigt uns einmal mehr:
Es gibt keine Lösungen von gestern für die Probleme von heute. Stattdessen braucht es mutiges Handeln für morgen. Lasst uns gemeinsam Weitsicht beweisen und konsequent nach vorn blicken!
Mit grünem Mut gestalten wir den Wiederaufbau unserer Gesellschaft fair, ökologisch und innovativ. So meistern wir die Krise und machen Deutschland fit für eine lebenswerte Zukunft.

Vielen Dank."
GRÜNE,Gaspreise,"Sehr geehrte Damen und Herren,

wir stehen vor einer beispiellosen Herausforderung: Die Energiekrise hat die Preise für Erdgas in ungeahnte Höhen getrieben. Viele Menschen müssen sich Sorgen um ihre Zukunft machen - das darf nicht sein!

Wir Grüne haben immer gesagt: Der Ausbau erneuerbarer Energien ist alternativlos. Wir brauchen einen schnellen Umstieg auf Erneuerbare, damit wir unabhängig von fossilen Brennstoffen werden.

Aber jetzt geht es erstmal darum, den Bürgerinnen und Bürgern schnell und unbürokratisch unter die Arme zu greifen. Deshalb fordere ich als Mitglied im Ausschuss für Klimaschutz und Energie folgende Maßnahmen:

1. Sofortige Senkung der EEG-Umlage
Die Umlage zur Finanzierung des Erneuerbaren-Ausbau-Gesetzes (EEG) treibt die Strompreise unnötig hoch. Sie muss sofort abgeschafft oder zumindest drastisch reduziert werden.
2. Entlastungen bei den Heiz- und Nebenkosten
Vor allem einkommensschwache Haushalte leiden besonders stark unter steigenden Energiekosten. Es braucht direkte finanzielle Hilfen wie erhöhte Hartz IV-Sätze und Kinderzuschläge sowie gezieltes Sozialticketing für Busse und Bahnen.
3. Gaskonzernen an die Leine
Es kann nicht sein, dass Konzerne Rekordgewinne einfahren während Verbraucher*innen leiden! Ich fordere eine Übergewinnsteuer auf alle Extragewinne durch die Krise. Zudem sollten Gasmultis verpflichtet werden, überschüssiges Gas einzulagern statt Spekulanten weiter anzutreiben.
4. Stopp von Fracking-Erdgas
Fracking birgt große Risiken für Mensch und Natur. Außerdem bindet diese Art der Förderung uns noch lange an fossile Energieträger. Stattdessen sollte Deutschland seine Anstrengungen verstärken, aus dem Import von Flüssiggas auszuweichen und stattdessen LNG-Terminals für grüne Wasserstoffproduktion bereitzustellen.
5. Investitionen in Energieeffizienz
Energiesparen lohnt sich doppelt: Fürs Portemonnaie und fürs Klima. Daher wollen wir Grüne massive Investitionen in Gebäudesanierungen und effiziente Technologien. Das entlastet langfristig sowohl private Haushalte als auch Unternehmen.

Liebe Mitbürgerinnen und Mitbürger,
die aktuelle Situation zeigt deutlich: Nur gemeinsam können wir diese Krise meistern. Lassen sie uns mutig nach vorn blicken und entschiedene Schritte gehen hin zu einem klimaneutralen, sozial gerechten Land. Dafür kämpfe ich als Ihr Abgeordneter – jeden Tag. Danke.","Sehr geehrte Damen und Herren,

die aktuellen Entwicklungen auf den Energiemärkten stellen uns alle vor große Herausforderungen. Die stark gestiegenen Preise für Erdgas sorgen bei vielen Menschen für Sorge und Unbehagen.

Als Grüne sehen wir es als unsere Pflicht an, die Bürgerinnen und Bürger in dieser schwierigen Situation nicht im Stich zu lassen. Wir wollen faire Lösungen finden, um die Belastung abzufedern und gleichzeitig einen nachhaltigen Weg aus der Krise einzuschlagen.

Zunächst gilt es, kurzfristig entlastende Maßnahmen zu ergreifen:

Wir fordern eine befristete Senkung der Mehrwertsteuer auf Gas- und Stromverbrauch von 19% auf 7%. Das würde Haushalten sofort spürbar helfen.

Gleichzeitig müssen wir sicherstellen, dass einkommensschwache Familien und Rentner keine unangemessenen Preissteigerungen tragen müssen. Deshalb setzen wir uns dafür ein, das Wohngeld entsprechend anzupassen.

Aber auch mittel- bis langfristige Weichenstellungen sind notwendig: Der Ausbau erneuerbarer Energien muss massiv beschleunigt werden - nur so können wir dauerhaft günstige und sichere Energieversorgung gewährleisten. Dafür braucht es massive Investitionen insbesondere in Windenergie, Solarstrom und Speicher. 

Die aktuelle Lage zeigt aber auch: Ein schneller Umbau hin zur Klimaneutralität ist möglich! Mit dem Green Deal hat die EU bereits ambitionierte Ziele gesetzt – Deutschland darf hier nicht zurückbleiben. Nur wenn wir jetzt entschlossen handeln, haben wir die Chance, sowohl die Kostenkrise als auch die drohenden Folgen des Klimawandels abzuwenden.

Unser Ziel bleibt klar: Eine gerechte Transformation unserer Gesellschaft, die niemanden überfordert oder aussperrt. Aber diese Transformation wird gelingen – wenn wir sie mutig angehen und solidarisch gemeinsam meistern!

Vielen Dank.","Sehr geehrte Damen und Herren,

ich wende mich heute als Mitglied von Bündnis 90/Die Grünen an Sie in dieser schwierigen Zeit der Energiekrise. Die dramatisch gestiegenen Preise für Erdgas belasten die Menschen massiv und sorgen für große Verunsicherung.

Wir müssen jetzt handeln - schnell, entschlossen und solidarisch! Unsere Antwort auf diese Krise muss sein: Wir stärken Haushalte und Unternehmen. Und wir setzen alles daran, unsere Unabhängigkeit von fossilen Energien voranzutreiben.

Zunächst gilt es, sozialverträgliche Lösungen für Mieterinnen und Mieter sowie kleine und mittlere Betriebe zu finden. Deshalb fordern wir einen sofortigen Stopp der Strom- und Gassperren bei nicht bezahlten Rechnungen. Niemand darf im Winter frieren oder im Dunklen sitzen!

Außerdem brauchen wir dringend Hilfen für einkommensschwache Familien und Rentner*innen. Hier ist der Staat gefragt – durch direkte Zuschüsse, gezieltes Hartz IV Anheben und steuerliche Entlastungen. Es kann doch wohl nicht sein, dass manche Menschen sich zwischen Heizkosten und dem täglichen Leben entscheiden müssen.

Aber auch langfristig müssen wir den Ausbau erneuerbarer Energien beschleunigen. Windräder drehen sich bereits seit Jahrzehnten ohne Unterbrechung und produzieren saubere Energie. Sonnenstrom wird immer günstiger. Das sind Alternativen, die funktionieren und das Klima schonen. 

Es geht um nichts weniger als unser aller Lebensgrundlage hier auf diesem Planeten. Der Ukraine-Krieg hat uns einmal mehr klar gemacht: Nur wer unabhängig von russischem Öl und Gas ist, kann Krisen überwinden. Nur wer konsequent auf Erneuerbare setzt, macht sich frei vom Diktum einzelner Staaten. Nur wenn wir gemeinsam investieren statt Konzerne subventionieren, können wir aus dieser Lage kommen.

Deshalb appelliere ich an alle Fraktionen dieses Parlaments: Lasst uns zusammenhelfen, die Not abzufedern und gleichzeitig mutige Schritte hin zur Zukunft einzuleiten. Lassen Sie uns mutig und entschieden auftreten gegenüber jenen, denen Profit wichtiger scheint als Menschlichkeit und Vernunft.

Ich danke Ihnen."
FDP,Mindestlohn,"Sehr geehrte Damen und Herren,

ich freue mich sehr über die Gelegenheit heute vor Ihnen sprechen zu dürfen. Als Liberale ist es mir besonders wichtig, dass jeder Mensch in Deutschland die Chance hat, durch eigene Anstrengung aufzusteigen und seinen Lebensstandard selbstbestimmt verbessern kann.

Deshalb lehnen wir Freie Demokraten einen flächendeckenden gesetzlichen Mindestlohn ab. Ein solcher würde nicht nur Arbeitsplätze gefährden, sondern auch den sozialen Frieden bedrohen.

Ein allgemeiner Mindestlohn bedeutet nichts anderes als staatlich verordnetes Lohndumping. Er zwingt Arbeitgeber dazu, ihre Mitarbeiter schlechter bezahlen als sie es freiwillig tun würden - denn das wäre ja sonst unrentabel für sie. Das führt zwangsläufig zur Vernichtung von Jobs, gerade bei gering qualifizierten Tätigkeiten.

Besonders betroffen wären davon Menschen ohne Ausbildung oder Berufserfahrung. Sie hätten dann noch größere Schwierigkeiten am Arbeitsmarkt. Statt Chancengleichheit schafft der Mindestlohn also Ungleichheit.

Auch wenn manche meinen, ein Mindestlohn sei gerecht: Gerechtigkeit heißt doch nicht, allen gleich viel Geld aus dem Topf des Staates zu geben. Sondern jedem nach seiner Leistung! Wer mehr leistet soll dafür auch besser entlohnt werden können. Und wer weniger leisten kann, muss eben weniger verdienen. So funktioniert unser System!

Der Mindestlohn zerstört außerdem den sozialen Frieden. Denn er untergräbt die Bereitschaft sich weiterzubilden um beruflich aufzusteigen. Warum sollte jemand noch lernen wollen, wenn ihm ohnehin immer mindestens X Euro garantiert sind? Der Mindestlohn bremst somit Fortschritt und Innovation.

Stattdessen setzen wir Liberalen auf Tarifautonomie statt Bevormundung vom Staat. Wir brauchen fairen Wettbewerb zwischen Unternehmen und Gewerkschaften, damit gute Löhne ausgehandelt werden können. Nur so bleibt unsere Marktwirtschaft dynamisch und kreativ.

Und natürlich müssen wir uns auch daran machen, Bildungs- und Aufstiegsmöglichkeiten zu verbessern. Jeder Bürger sollte die Möglichkeit haben, seine Qualifikationen zu steigern und dadurch höhere Einkommen zu erreichen. Dafür braucht es Investitionen ins Bildungssystem und flexible Weiterbildungsangebote.

Meine Damen und Herren,
die FDP setzt sich entschieden gegen einen generellen Mindestlohn ein.
Wir glauben an individuelle Verantwortung und Selbstbestimmtheit statt staatliche Vorgaben.
Nur so bleiben Beschäftigung und sozialer Zusammenhalt gewahrt.

Ich danke Ihnen für Ihre Aufmerksamkeit.","Sehr geehrte Damen und Herren,

ich freue mich sehr über die Gelegenheit heute hier stehen zu dürfen, um Ihnen meine Position zur Einführung eines gesetzlichen Mindestlohns darzulegen.

Die Freien Demokraten sind seit jeher für sozialen Marktwirtschaft eingetreten - das heißt: Wir wollen faire Chancen durch Leistung ermöglichen. Ein flächendeckender Mindestlohn ist aus unserer Sicht jedoch nicht dazu geeignet, dies zu erreichen. Im Gegenteil: Er gefährdet vielmehr den sozialen Frieden in unserem Land und behindert den Aufschwung auf dem Arbeitsmarkt.

Ein genereller Mindestlohn bedeutet nichts anderes als staatliche Lohndiktate. Die Tarifautonomie von Arbeitnehmern und Arbeitgebern wird ausgehebelt. Unternehmen werden gezwungen, ihre Personalkosten massiv nach oben anzupassen – was zwangsläufig zu einem Anstieg der Preise führt. Das trifft vor allem einkommensschwache Schichten besonders hart.

Zudem sehen wir große Gefahren bei den Auswirkungen auf gering qualifizierte Beschäftigte und Jugendliche am Beginn ihres Berufslebens. Gerade sie haben dann kaum noch Möglichkeiten, beruflich ""aufzusteigen"". Stattdessen droht ihnen dauerhaftes Verharren im Niedriglohnsektor.

Deshalb fordere ich Sie alle auf: Kehren Sie zurück zu marktwirtschaftlicher Vernunft! Setzen Sie auf individuelle Lösungsansätze statt pauschaler Gängelung!

Wir brauchen mehr Flexibilität am Arbeitsmarkt, um gerade benachteiligten Gruppen echte Perspektiven bieten zu können. Dafür müssen wir endlich Hürden abbauen und bürokratische Hemmnisse beseitigen.

Gleichzeitig gilt es, Weiterbildungsmöglichkeiten auszuweiten und anzureizen, damit Menschen sich stets neue Qualifikationen erarbeiten und somit ihren Wert steigern können. Nur so entsteht langfristiger wirtschaftlicher Fortschritt und sozialer Zusammenhalt.

Meine Damen und Herren,
ein allgemeiner Mindestlohn mag kurzfristig populär erscheinen. Langfristige Folgeschäden für unsere Gesellschaft würden aber unausweichlich sein. Deshalb bitte ich Sie: Stimmen Sie gegen diesen Vorstoß!
Lassen Sie uns stattdessen gemeinsam Wege finden, wie jeder einzelne Mensch seine Potenziale voll ausschöpfen kann.
So tragen wir wirklich zu mehr Fairness und Wohlstand in Deutschland bei.

Vielen Dank.","Sehr geehrte Damen und Herren,

als Liberale ist es unser oberster Grundsatz, Freiheit für den Einzelnen in all seinen Lebensbereichen sicherzustellen. Dies beinhaltet auch die freie Entscheidung über Löhne zwischen Arbeitgeber*innen und Beschäftigten ohne staatliche Vorgaben.

Ein gesetzlicher Mindestlohn greift jedoch massiv in diese Vertragsfreiheit ein und kann damit kontraproduktive Auswirkungen haben. Er führt dazu, dass gerade Geringqualifizierte oder Langzeitarbeitslose weniger Chancen auf einen Arbeitsplatz erhalten. Denn viele Jobs werden unwirtschaftlich und unattraktiv, wenn sie nur durch Subventionen möglich sind.

Zudem entsteht ein Anreiz zur ""Verlagerung"" von Arbeitsplätzen ins Ausland oder Schwarzarbeit - denn dort gibt es keinen Mindestlohn. Das untergräbt letztendlich das Vertrauen vieler Unternehmen in unsere Sozial- und Rechtsstaatlichkeit. 

Wir Liberalen setzen stattdessen auf faire Tarifautonomie: Gewerkschaften und Arbeitgeberverbände sollen gemeinsam gute Bedingungen aushandeln können. Dafür braucht es aber auch mehr Flexibilität bei den Kündigungsschutzbestimmungen, um Einstellungen attraktiver zu machen.

Gleichzeitig fordern wir flankierende Maßnahmen wie Weiterbildungsoffensiven, um Qualifikationen anzuheben und so höhere Lohnniveau zu erreichen. Auch müssen steuerliche Entlastungen dafür sorgen, dass einkommenschwache Haushalte nicht übermäßig belastet werden.

Insgesamt gilt: Statt bevormundender Regelungen sollten wir auf Selbstverantwortung und Eigeninitiative setzen. Nur so gelingt uns echter Fortschritt und wachsender Wohlstand für alle Bürgerinnen und Bürger in Deutschland!

Vielen Dank."
FDP,Bundeswehreinsatz im Kosovo,"Sehr geehrte Damen und Herren,

wir stehen heute vor einem wichtigen Entscheidungsprozess über den Einsatz unserer Bundeswehr im Kosovo. Die Lage in diesem Land ist nach wie vor angespannt und es besteht die Gefahr, dass sich die Situation weiter zuspitzt.

Die Sicherheitslage hat sich seit dem Ende des Kosovokrieges nicht grundlegend verbessert. Es gibt immer noch ethnisch motivierte Konflikte zwischen Serben und Albanern sowie Spannungen innerhalb der kosovarischen Gesellschaft selbst. Hinzu kommt das wachsende Problem der organisierten Kriminalität und Korruption, welches auch von außen beeinflussten Kräften genutzt wird, um Unruhe zu stiften.

Deshalb halte ich einen erneuten Einsatz deutscher Soldatinnen und Soldaten für notwendig - allerdings unter bestimmten Bedingungen:

Erstens muss dieser Einsatz klar begrenzt sein: Wir dürfen keine offenen Kampfeinsätze durchführen oder uns direkt in innere Angelegenheiten des Landes einmischen. Stattdessen sollten wir unsere Stärken nutzen – nämlich Diplomatie, Entwicklungshilfe und Ausbildung lokaler Sicherheitskräfte.
Zweitens müssen wir sicherstellen, dass unser Engagement langfristig angelegt ist. Ein kurzer Militäreinsatz ohne nachhaltige Verbesserung der Lebensbedingungen würde nur dazu führen, dass sich die Probleme später wieder verschlimmern.
Und drittens brauchen wir eine enge Zusammenarbeit mit unseren internationalen Partnern. Nur gemeinsam können wir etwas bewegen und verhindern, dass sich die Krisendynamik fortsetzt.

Lassen Sie mich abschließend betonen: Dieser Vorschlag bedeutet keinen Blankoscheck für weitere Einsätze. Vielmehr geht es darum, Verantwortung zu zeigen und konstruktiv zur Lösung bestehender Probleme beizutragen. Ich bitte Sie daher alle um Ihre Unterstützung bei diesen Anliegen. Danke.","Sehr geehrte Damen und Herren,

ich möchte heute über einen wichtigen Aspekt unserer Außen- und Sicherheitspolitik sprechen: den Einsatz der Bundeswehr im Kosovo.

Die Situation in diesem Land ist seit vielen Jahren angespannt. Die Unruhen zwischen albanischer und serbischer Bevölkerung haben die Stabilität bedroht und das friedliche Zusammenleben erschwert. Um diesen Konflikt zu befrieden und weitere Gewalt zu verhindern, hat sich Deutschland entschieden, Soldatinnen und Soldaten zur Unterstützung der KFOR-Truppen ins Kosovo zu senden.

Unser Ziel ist es nicht nur, Frieden zu bewahren, sondern auch Demokratie und Rechtsstaatlichkeit zu fördern. Dafür müssen wir sicherstellen, dass alle Bürger gleiche Chancen auf Bildung und wirtschaftlichen Fortschritt erhalten - unabhängig von ihrer ethnischen Zugehörigkeit oder ihrem sozialen Status. Nur wenn jeder Mensch im Kosovo spürt, dass er gleichberechtigt Teil dieser Gesellschaft ist, kann dauerhafter Friede entstehen.

Wir unterstützen daher Maßnahmen wie die Aufklärungsarbeit für junge Menschen aller Ethnien über ihre gemeinsame Geschichte und Zukunftsperspektiven sowie Programme zur Förderung von Minderheitenrechten und interethnischer Verständigung. Auch beim Aufbau ziviler Institutionen leisten unsere Streitkräfte Hilfe – vom Justizwesen über Polizei bis hin zu Schulbildung und Infrastrukturprojekten.

Gleichzeitig dürfen wir aber nie vergessen: Der Kern unseres Engagements bleibt der Schutz vor weiterer Gewalt. Deshalb werden wir alles tun, um die Sicherheit unserer Soldatinnen und Soldaten bestmöglich zu gewährleisten. Wir sind stolz darauf, was sie dort Tag für Tag unter schwierigsten Bedingungen leisten. Sie verdienen unseren Dank und unsere volle Rückendeckung!

Liebe Mitbürgerinnen und Mitbürger,
unser Engagement im Kosovo zeigt einmal mehr:
Deutschland steht fest an der Seite seiner Verbündeten.
Es setzt sich konsequent für Freiheit, Demokratie und Menschenrechte weltweit ein -
und trägt damit wesentlich dazu bei, Krisen zu lösen statt auszuufern.
Dabei geht es uns immer darum, langfristige Lösungen zu finden, die allen Menschen Perspektive bieten.
Das macht uns stark gegenüber Populismus und Nationalismus.
Und dafür kämpft meine Fraktion, die Liberale, jeden Tag aufs Neue. Ich danke Ihnen!","Sehr geehrte Damen und Herren,

wir sprechen heute über einen wichtigen Aspekt deutscher Außen- und Sicherheitspolitik: den Einsatz unserer Soldatinnen und Soldaten in der internationalen Stabilisierungsmission KFOR im Kosovo.

Die Mission hat das Ziel, die territoriale Integrität und Souveränität des jungen Staates sicherzustellen sowie die weitere Entwicklung hin zur stabilen Demokratie und Marktwirtschaft zu unterstützen. Der Friedensprozess ist kein Selbstläufer - es braucht kontinuierliche Anstrengung aller Beteiligten, um Fortschritte zu erzielen.

Unsere Truppen leisten dort seit fast zwei Jahrzehnten ihren Beitrag dazu. Sie sorgen für stabile Rahmenbedingungen vor Ort, ermöglichen freien Handel und Austausch zwischen den Volksgruppen und tragen so zu mehr Verständnis füreinander bei. Auch wenn viele Herausforderungen noch bestehen bleiben – insbesondere hinsichtlich Rechtsstaatsbildung, Korruptionsbekämpfung und wirtschaftlicher Integration -, darf man nicht vergessen, was bereits erreicht wurde.

Es wäre falsch, diese Leistungen jetzt auf's Spiel zu setzen. Deshalb müssen wir uns weiterhin verantwortungsvoll an KFOR beteiligen, solange sie notwendig bleibt. Gleichzeitig sollten wir aber auch danach streben, dass sich die Lage so weit verbessert, dass baldmöglichst alle deutschen Kräfte zurückgeholt werden können.

Nur durch internationale Zusammenarbeit wird langfristiger Friede möglich sein. Hier liegt unsere Chance als moderne liberale Kraft: Wir wollen Freiheit, Menschenrechte und demokratisches Miteinander fördern, wo immer dies nötig und machbar ist. Dafür stehen wir gerade im Kosovo ein. 

Wir danken allen unseren Soldatinnen und Soldaten für ihre unermüdliche Arbeit unter oft schwierigen Bedingungen. Ihre Präsenz trägt entscheidend dazu bei, dass aus dem früheren Krisengebiet allmählich eine friedlichere Region wird. Für dieses Engagement verdienen sie unser aller Respekt und Anerkennung!

Vielen Dank."
FDP,Wirtschaftshilfen Corona,"Sehr geehrte Damen und Herren,

wir stehen vor großen Herausforderungen inmitten dieser Pandemie: Die Gesundheit unserer Bürgerinnen und Bürger ist bedroht, die Wirtschaft leidet unter den Einschränkungen und viele Menschen haben Existenzängste.

Als Freie Demokraten sehen wir es als unsere Pflicht an, sowohl das Leben und die Gesundheit der Bevölkerung zu schützen als auch gleichzeitig dafür Sorge zu tragen, dass unser Land wettbewerbsfähig bleibt und Arbeitsplätze gesichert werden können.

Deshalb fordern wir einen klaren Fahrplan für Lockerungen der Maßnahmen, sobald diese medizinisch vertretbar sind. Wir dürfen nicht vergessen, dass jeder Tag ohne Arbeitnehmer mehr Menschen in Not bringt - sei es durch Kurzarbeit oder Jobverlust. 

Die Bundesregierung hat bereits umfangreiche Hilfspakete auf den Weg gebracht, doch hier besteht noch Nachholbedarf. Insbesondere kleine Unternehmen und Solo-Selbstständige fallen oft durchs Raster. Hier brauchen wir zielgerichteteren Schutz!

Wir setzen uns daher für folgende Punkte ein:

1. Sofortige Auszahlung von Überbrückungshilfe statt langatmiger Antragsprozesse
2. Einfacher Zugang zur Grundsicherung für Selbständige und Kleinstunternehmen
3. Verlängerung des erleichterten Zugangs zum Kurzarbeitergeld über Juni hinaus
4. Bürgschaften und Darlehen müssen unbürokratischer abgewickelt werden
5. Steuerliche Entlastungen für alle Unternehmen, insbesondere bei Gewerbesteuer und Körperschaftssteuervorauszahlungen

Gleichzeitig mahnen wir aber auch: Diese Krise darf kein Grund sein, alte Strukturen beizubehalten oder gar auszubauen! Stattdessen sollten wir sie nutzen, um Deutschland fit für die Zukunft zu machen – digital, ökologisch nachhaltig und sozial gerecht. Dafür braucht es mutige Reformen und Investitionen in Bildung, Forschung und Infrastruktur.

Liebe Mitbürgerinnen und Mitbürger,
die kommenden Monate werden hart. Aber ich bin fest davon überzeugt, dass wir gemeinsam gestärkt daraus hervorgehen können. Wenn wir jetzt entschieden handeln, können wir die Folgen der Coronapandemie bewältigen und zugleich unseren Wohlstand sichern. Lassen Sie uns zusammenarbeiten, damit Deutschland stark aus dieser Krise herauskommt!

Vielen Dank.","Sehr geehrte Damen und Herren,

wir stehen vor enormen Herausforderungen inmitten dieser globalen Pandemie. Die Ausbreitung von COVID-19 hat nicht nur unsere Gesundheitssysteme an ihre Grenzen gebracht, sondern auch tiefgreifende wirtschaftliche Folgen nach sich gezogen.

Die Bundesregierung hat schnell reagiert und umfangreiche Hilfspakete geschnürt, um die negativen ökonomischen Effekte abzufedern. Doch wir als Freie Demokraten sind überzeugt: Diese Maßnahmen müssen zielgerichteter und effizienter gestaltet werden!

Es kann nicht sein, dass Unternehmen durch bürokratische Hürden bei den Anträgen für Überbrückungshilfe ausgebremst werden oder gar leer ausgehen. Wir fordern einen unbürokratischen Zugang zu diesen Mitteln - gerade jetzt im Winter ist es wichtiger denn je, Arbeitsplätze zu erhalten und Betriebe am Laufen zu halten.

Auch darf das Augenmerk nicht allein auf Großunternehmen liegen – kleine und mittlere Unternehmen sowie Solo-Selbstständige brauchen ebenfalls dringend Unterstützung! Hier muss die Hilfe schneller und einfacher fließen.

Darüber hinaus dürfen wir nicht vergessen: Langfristig können diese Hilfsprogramme kein Allheilmittel sein. Um unseren Wohlstand langfristig zu sichern, benötigen wir Reformen zur Stärkung unserer Wettbewerbsfähigkeit. Dazu gehören unter anderem Steuersenkungen für Bürgerinnen und Bürger ebenso wie Investitionen in Bildung und Forschung.

Wir müssen mutig in die Zukunft blicken und Weichen stellen für mehr Innovation, Digitalisierung und Nachhaltigkeit. Nur so werden wir gestärkt aus dieser Krise herauskommen. 

In diesem Sinne appellieren wir an Sie, liebe Kolleg*innen aller Fraktionen: Lassen Sie uns gemeinsam daran arbeiten, die richtigen Lehren aus dieser Krise zu ziehen und Deutschland fit machen für morgen!

Vielen Dank.","Sehr geehrte Damen und Herren,

ich freue mich sehr über die Gelegenheit heute hier vor Ihnen stehen zu dürfen, um für meine Fraktion, die Freien Demokraten, das Wort ergreifen zu können.

Unser Land befindet sich inmitten der größten wirtschaftlichen Krise seit dem Zweiten Weltkrieg. Die Auswirkungen von COVID-19 haben unser Leben auf den Kopf gestellt – sowohl im privaten als auch beruflichen Bereich. Unternehmen mussten ihre Türen schließen oder Produktionen herunterfahren, Arbeitsplätze standen auf der Kippe und ganze Branchen gerieten ins Straucheln.

Doch trotz aller Herausforderungen möchte ich betonen: Wir sind nicht allein! Der Staat hat schnell reagiert und umfangreiche Hilfspakete geschnürt - ob Kurzarbeitergeld, Überbrückungskredite oder direkte Zuschüsse. All dies war nötig und richtig, denn jeder Euro zählt dabei, Existenzen und Betriebe zu retten.

Dennoch müssen wir nun einen Blick in die Zukunft werfen. Denn klar ist: Es wird nach dieser Pandemie kein Zurück zur Normalität geben. Vieles was jetzt beschlossen wurde, sollte auch Bestandteil unserer langfristigen Wirtschaftsstrategie sein.
Wir brauchen mutige Reformen und Investitionen, um aus diesem Tal wieder herauszukommen. Dabei setzen wir Liberale ganz besonders auf Innovation und Digitalisierung.

Die digitale Transformation bietet uns enorme Chancen – sei es durch neue Geschäftsmodelle, mehr Effizienz oder innovative Technologien wie künstliche Intelligenz und Robotik. Aber sie fordert auch Veränderungen, an denen wir dringend arbeiten sollten.

Gleichzeitig dürfen wir unsere traditionelle Industrieproduktion aber nicht vernachlässigen. Gerade kleine und mittlere Unternehmen prägen unseren Mittelstand und tragen maßgeblich zum Erfolg Deutschlands bei. Sie benötigen Unterstützung beim Strukturwandel hin zu digitalisierten Prozessen, etwa durch gezieltes Coaching oder Förderprogramme.

Zudem plädieren wir dafür, dass die jetzigen Hilfszahlungen zeitnah und unbürokratisch ausgezahlt werden. Viele Firmen sitzen auf einem Berg unbezahlter Rechnungen und kämpfen täglich um ihr Überleben. Hier muss geholfen werden!

Meine Damen und Herren,
die Covid-Pandemie stellt alles infrage, was bisher normal erschienen ist. Doch gerade Krisenzeiten zeigen auch immer auf, wo Handlungsbedarf besteht. Lasst uns diese Chance nutzen und Deutschland gemeinsam stärker machen für die Zukunft!
Vielen Dank."
FDP,Gaspreise,"Sehr geehrte Damen und Herren,

ich freue mich sehr über die Gelegenheit heute vor Ihnen sprechen zu dürfen. Als Mitglied der Freien Demokratischen Partei liegt mir das Schicksal unserer Bürgerinnen und Bürger besonders am Herzen.

Die aktuelle Situation auf dem Energiemarkt ist für viele Menschen in unserem Land existenzbedrohend geworden. Die explodierenden Preise bei Erdgas haben nicht nur private Haushalte hart getroffen, sondern auch unsere mittelständischen Unternehmen ins Straucheln gebracht. Es besteht dringender Handlungsbedarf!

Wir von der FDP fordern daher einen umfassenden Maßnahmenkatalog zur Entlastung der Verbraucherinnen und Verbraucher sowie der Betriebe:

Erstens müssen wir schnellstmöglich den sogenannten ""Gaspreisdeckel"" einführen. Dieser soll verhindern, dass die Kostensteigerungen im Energiesektor voll an die Endverbraucher weitergereicht werden. Damit können wir zumindest teilweise gegensteuern.

Zweitens brauchen wir direkte finanzielle Hilfszahlungen vom Staat - gerade einkommensschwache Familien und Rentner sind hierbei besonders zu berücksichtigen. Eine einmalige Soforthilfe könnte ihnen helfen, diese Krise zu meistern.

Drittens muss endlich Schluss sein mit bürokratischem Aufwand! Wir wollen Bürgerversicherungen statt komplizierten Zuschüssen und Förderprogrammen. Das entlastet sowohl Behörden als auch Antragsteller ungemein.

Viertens setzen wir uns dafür ein, dass mehr erneuerbare Energien ausgebaut werden. Nur so können wir langfristig unabhängig von fossilen Brennstoffen werden und damit auch nachhaltig günstige Energiepreise sichern.

Fünftens plädieren wir für einen fairen Wettbewerb unter den Strom- und Gaskonzernen. Monopolstellungen sollten durch staatliche Regulierung abgeschafft oder zerschlagen werden.

Liebe Mitbürgerinnen und Mitbürger,
die aktuellen Herausforderungen sind groß, aber sie lassen sich bewältigen – wenn alle gemeinsam daran arbeiten. Lassen Sie uns mutig und entschieden handeln, um unseren Wirtschaftsstandort Deutschland zu stärken und gleichzeitig jedem Einzelnen gerecht zu werden.

Ich danke Ihnen für Ihre Aufmerksamkeit.","Sehr geehrte Damen und Herren,

ich freue mich sehr über die Gelegenheit heute vor Ihnen sprechen zu dürfen - insbesondere in dieser herausfordernden Zeit für unser Land und unsere Bürgerinnen und Bürger.

Die aktuelle Situation auf den Energiemärkten stellt uns alle vor große Herausforderungen. Die Preise für Erdgas sind explodiert und viele Menschen machen sich Sorgen um ihre Zukunft. Als Freie Demokraten ist es daher unsere Aufgabe, schnell und entschlossen zu handeln und Lösungsansätze zu finden, die sowohl sozial verträglich als auch ökonomisch sinnvoll sind.

Wir müssen sicherstellen, dass niemand Angst haben muss, seine Heizung im Winter nicht mehr anschalten zu können oder sich keine warme Mahlzeit mehr leisten zu können. Gleichzeitig gilt es aber auch, einen kühlen Kopf zu bewahren und langfristig tragbare Wege aus der Krise zu entwickeln.

Zunächst einmal brauchen wir schnelle Entlastungen für einkommensschwache Haushalte sowie Familien mit Kindern. Wir setzen uns dafür ein, das geplante ""Energiegeld"" von 300 Euro pro Person zügig umzusetzen. Darüber hinaus sollte bei der Berechnung der Sozialleistungen wie Hartz IV und Grundsicherung unbedingt berücksichtigt werden, welche Ausgaben durch steigende Energiekosten entstanden sind. Nur so kann gewährleistet werden, dass kein Mensch in Deutschland frieren muss!

Auch Unternehmen benötigen Unterstützung, gerade mittelständischen Betrieben droht ansonsten existenzbedrohliches Ungemach. Hier fordert meine Fraktion einen direkten Zuschuss zur Kompensation gestiegener Energiekosten. 

Langfristige Maßnahmen sehen wir ebenfalls: Eine Reform des Strommarktes hin zu einem funktionierenden liberalisierten Markt ohne staatliche Beimengungen wäre hierbei ein wichtiger Schritt. Dazu gehört auch die Abschaffung der EEG-Umlage und eine Modernisierung unserer Energiespeicherinfrastruktur. Nur wenn wir jetzt investieren, werden wir auch morgen noch wettbewerbsfähig sein.

Um diese ambitionierten Pläne finanzieren zu können, bedarf es zusätzlicher Mittel. Daher plädieren wir als Liberale dafür, den Solidaritätszuschlag endlich abzuschaffen. Es gibt keinen Grund mehr diesen weiterhin einzubehalten – stattdessen sollten wir ihn nutzen, um unseren Bürgern finanziell unter die Arme zu greifen.

Meine Damen und Herren,
die aktuellen Krisenzeiten erfordern besonnenes Handeln gepaart mit mutigen Entscheidungen. Lassen Sie uns gemeinsam daran arbeiten, dass jeder Einzelne gut durch diese schwere Phase kommt! Ich verspreche Ihnen: Die FDP wird alles tun, was in ihrer Macht steht, damit dies gelingen kann.
Vielen Dank.","Sehr geehrte Damen und Herren,

ich möchte heute über das drängende Problem steigender Energiekosten sprechen, insbesondere die explodierenden Preise für Erdgas. Dieses Thema berührt viele Menschen in unserem Land direkt und fühlt sich wie eine Bedrohung an - eine zusätzliche finanzielle Belastung in Zeiten ohnehin schon hoher Inflation.

Die aktuelle Situation auf dem globalen Markt hat dazu geführt, dass wir uns plötzlich wieder stärker von fossilen Brennstoffen abhängig sehen als erwartet. Die Auswirkungen spüren wir alle: Höhere Rechnungen beim Heizen oder Kochen treffen Familien hart, kleine Unternehmen kämpfen um ihre Existenz. Und natürlich müssen auch Städten und Gemeinden Prioritäten setzen bei ihren Investitionen. Es ist klar: Wir brauchen schnell und entschlossen gegenzusteuern!

Deshalb fordert die FDP einen schnellen und unbürokratischen Hilfsfonds vom Bundesfinanzministerium, aus dem Haushalte und Betriebe unkompliziert Unterstützung erhalten können. Ein solcher Fonds könnte beispielsweise gestaffelt nach Verbrauch und Gewerbesteuerhebesatz ausgeschüttet werden – so bekommen gerade einkommensschwächere Haushalte und Mittelständler effektiv Hilfe. Gleichzeitig muss es aber auch langfristige Lösungsansätze geben:

Erneuerbare Energien sind unsere Zukunft! Deshalb treiben wir seit Jahren den Ausbau dieser Technologien voran – ob Solar- und Windenergie oder Wasserstofftechnologie. Damit machen wir uns weniger abhängig von Importen und stabilisieren damit mittelfristig auch die Preisschwankungen am Weltmarkt. Hier wollen wir noch mehr investieren und Anreize setzen, denn nur durch Innovation kommen wir raus aus der Krise!

Wir dürfen nicht zulassen, dass energieintensive Industrien unseres Landes verloren gehen. Dafür benötigen sie Planbarkeit und Sicherheit – genau hier setzt unser Konzept zur gezielten Förderung dieser Schlüsselsektoren an. Nur wenn wir jetzt klug handeln und mutige Schritte Richtung Unabhängigkeit gehen, bleiben Deutschland und Europa wettbewerbsfähig im globalisierten Welthandel.

Lassen Sie mich abschließend sagen: Unsere Aufgabe besteht darin, die Bürgerinnen und Bürger zu entlasten ohne dabei Innovationskraft einzuschränken. Eine Kombination aus kurzfristiger Soforthilfe gepaart mit einem strategischen Blick in die Zukunft – dafür steht die Freie Demokratische Partei. 

Vielen Dank für Ihre Aufmerksamkeit."
AfD,Mindestlohn,"Sehr geehrte Damen und Herren,

wir von der Alternative für Deutschland stehen fest an der Seite aller Arbeitnehmerinnen und Arbeitnehmern in diesem Lande. Denn wir sind überzeugt: Jeder Mensch hat das Recht auf einen Lohn, der ihm ermöglicht, menschenwürdig zu leben.

Leider sehen die Realitäten oft anders aus. Viele Menschen arbeiten hart, doch ihre Bezahlung reicht kaum zum Leben - geschweige denn zur Altersvorsorge oder um sich etwas leisten zu können. Das ist nicht nur unanständig gegenüber den Betroffenen selbst, sondern auch volkswirtschaftlich kontraproduktiv. Wer wenig verdient, kann weniger konsumieren und investieren – das schwächt unseren Standort!

Der gesetzliche Mindestlohn war daher ein wichtiger Schritt hin zu mehr Gerechtigkeit am Arbeitsmarkt. Doch leider bleibt er deutlich hinter dem zurück, was nötig wäre. Er liegt bei lächerlichen 9,60 Euro pro Stunde! Damit wird niemandem geholfen, im Gegenteil: Die Kaufkraft stagniert, während die Preise steigen. Und viele Unternehmen nutzen ihn als Druckmittel, um reguläre Jobs durch Leiharbeit zu ersetzen.

Wir fordern daher:
1. Anhebung des Mindestlohns auf mindestens 12 Euro pro Stunde.
2. Einführung eines flächendeckenden allgemeinverbindlichen Tarifvertrags nach Schweizer Vorbild.
3. Abschaffung der sachgrundlosen Befristungen und Ausnahmen beim Kündigungsschutz.
4. Verbot von Werk- und Zeitverträgen ohne Sachgrund sowie Begrenzung ihrer Laufzeit auf maximal zwei Jahre.
5. Keine weiteren Einschränkungen des Betriebsratsrechts zugunsten der Unternehmer.

Nur so lässt sich verhindern, dass immer mehr Beschäftigte prekär abhängig werden und unsere Sozialsysteme dauerhaft belastet bleiben. Nur so stärken wir den Mittelstand und machen unser Land zukunftsfähig. Dafür kämpft die AfD entschieden - für faire Löhne, gute Arbeit und echtes Aufstiegsversprechen!

Vielen Dank.","Sehr geehrte Damen und Herren,

ich freue mich sehr über die Gelegenheit heute vor Ihnen sprechen zu dürfen. Als Mitglied der Alternative für Deutschland ist es mir wichtig, dass wir uns gemeinsam auf den Weg machen, um unsere Arbeitswelt gerechter zu gestalten.

Ein zentraler Punkt dabei ist meiner Meinung nach der Mindestlohn. Wir alle wissen: Arbeit muss sich lohnen! Doch leider sieht die Realität oft anders aus. Viele Menschen arbeiten hart, verdienen aber trotzdem nicht genug, um davon leben zu können. Das kann so nicht weiter gehen!

Die Forderungen sind klar: Der gesetzliche Mindestlohn muss erhöht werden - sofort und deutlich! Nur wenn wir dafür sorgen, dass jeder Mensch von seiner Arbeit auch wirklich gut leben kann, haben wir eine Chance auf mehr Gerechtigkeit in unserem Land. 

Natürlich gibt es immer wieder Stimmen, die sagen, höhere Löhne würden Jobs gefährden oder Unternehmen ins Ausland treiben. Aber das halte ich für Unsinn! Die meisten Betriebe wären froh, ihre Mitarbeiter fair bezahlen zu können. Und wer ehrlicherweise sagt, er könne einen angemessenen Lohn nicht zahlen, sollte vielleicht lieber seine Geschäftsmodelle hinterfragen anstatt auf Kosten anderer Profite einzufahren.

Wir als AfD stehen für echten Sozialstaat statt Almosenverteilung. Dazu gehört auch, allen Bürgern durch faire Bezahlung Teilhabe am Wohlstand unseres Landes zu ermöglichen. Ein existenzsichernder Mindestlohn wäre hierfür ein wichtiger Schritt. Deshalb fordert meine Fraktion schon lange dessen Anhebung auf mindestens 12 Euro pro Stunde.

Gleichzeitig müssen wir jedoch auch andere Aspekte im Blick behalten: Langzeitarbeitslose brauchen besondere Unterstützung beim (Wieder-)Einstieg in den Berufsalltag. Hier gilt es gezielte Förderprogramme zu entwickeln und bestehende Angebote besser miteinander zu vernetzen. Auch Praktika und Weiterbildungsmaßnahmen sollten stärker unterstützt werden, um Qualifikationen aufzubauen und Beschäftigungschancen zu verbessern.

Nur gemeinsam kommen wir voran! Mit Mut zur Veränderung, Entschlossenheit gegen Ungerechtigkeiten anzugehen und dem festen Willen, niemand zurücklassen. Packen wir's an – für eine Zukunft, in der Arbeit endlich wieder Sinn macht! Vielen Dank.","Sehr geehrte Damen und Herren,

ich freue mich sehr über die Gelegenheit heute vor Ihnen sprechen zu dürfen. Als Mitglied des deutschen Bundestags vertrete ich die Alternative für Deutschland (AfD) und möchte in meiner heutigen Rede das Thema ""Mindestlöhne"" näher beleuchten.

Die Einführung von gesetzlichen Mindestlöhnen war ursprünglich als Schutzmaßnahme gegen Lohndumping gedacht. Doch wie sich zeigt, hat diese Maßnahme eher kontraproduktive Effekte gehabt: Sie verhindert nicht nur den sozialen Aufstieg durch Arbeit, sondern führt auch dazu, dass viele Menschen arbeitslos werden oder ihre Arbeitszeit reduzieren müssen.  

Ein Blick auf die Statistiken verdeutlicht dies eindrucksvoll: Seit Einführung des Mindestlohns sind mehr als 500.000 Jobs verschwunden - insbesondere im Niedriglohnsektor. Und trotzdem reicht selbst der höchste aktuelle Mindestlohn oft nicht aus, um davon leben zu können!

Wir sagen klar Nein zur weiteren Erhöhung des Mindestlohns! Denn jede weitere Anhebung wird noch mehr Beschäftigung vernichten – gerade bei Geringverdienern! Wir wollen stattdessen faire Lohnfindung nach Tarifverträgen stärken statt staatliche Planwirtschaft betreiben.

Außerdem fordern wir eine Flexibilisierung des Arbeitsmarktes, damit Unternehmen flexibel auf Konjunkturflauten reagieren können ohne gleich Mitarbeiter entlassen zu müssen. Kurzarbeit sollte dabei ebenso ermöglicht werden wie befristete Verträge - solange sie im gegenseitigen Einvernehmen abgeschlossen wurden.

Es ist unsere Überzeugung, dass jeder Mensch unabhängig vom Alter einen gerechten Anteil an unserem gemeinsamen Wohlstand haben muss. Daher setzen wir uns dafür ein, dass alle Steuer- und Sozialversicherungsbeiträge gleichermaßen gezahlt werden, egal ob man geringfügig beschäftigt ist oder voll erwerbstätig. Nur so kann gewährleistet werden, dass niemand zurückgelassen wird.

In diesem Sinne appelliere ich an Sie: Stimmen Sie mit mir überein, dass es Zeit ist, neue Wege einzuschlagen! Es braucht mutige Reformen für eine Zukunft, in der jeder Mensch seine Talente bestmöglich einbringen und seinen Lebensunterhalt selbst erwirtschaften kann. Dafür kämpft die AfD - für jeden einzelnen Bürger unseres Landes!

Vielen Dank für Ihre Aufmerksamkeit."
AfD,Bundeswehreinsatz im Kosovo,"Sehr geehrte Damen und Herren,

ich möchte heute über einen wichtigen Aspekt unserer Sicherheits- und Verteidigungspolitik sprechen: den Einsatz der Bundeswehr im Kosovo.

Die Situation in diesem Land ist nach wie vor angespannt. Trotz Fortschritten bei der Stabilisierung gibt es immer noch erhebliche Herausforderungen. Insbesondere die ethnischen Spannungen zwischen Albanern und Serben bestehen weiterhin fort. Hinzu kommen Korruption und organisierte Kriminalität, welche das friedliche Zusammenleben erschweren.

Der Beitrag Deutschlands zur internationalen Friedenssicherung und Konfliktprävention durch den Einsatz von Soldatinnen und Soldaten der Bundeswehr im Rahmen der NATO-Mission ""KFOR"" trägt dazu bei, diese Probleme einzudämmen. Unser Ziel bleibt es, einen dauerhaften Frieden und stabile Verhältnisse im Kosovo sicherzustellen.

Es geht darum, die Souveränität und territoriale Integrität dieses jungen Staates zu stärken sowie Minderheitenrechte zu schützen. Wir setzen uns für gute Nachbarschaft und Kooperation zwischen allen Bevölkerungsgruppen ein - unabhängig ihrer ethnischer Zugehörigkeit oder Religion.

Gleichzeitig müssen wir realistisch sein: Der Weg hin zu einem stabilen multiethnischen Gemeinwesen wird lang dauern. Die internationale Präsenz muss daher aufrecht erhalten bleiben, um Fortschritte zu sichern und Rückschlägen entgegenzuwirken.

Deutschland hat als größter Truppensteller unter dem Dach der EU und NATO eine besondere Verantwortung. Unsere Soldatinnen und Soldaten leisten dort einen wertvollen Dienst am Frieden und tragen maßgeblich zur Stabilität in dieser Region bei. 

Ich danke ihnen ausdrücklich für ihren Einsatz!

Wir werden auch künftig unseren Teil dazu beitragen, dass sich die Lage im Kosovo verbessert und weitere Schritte Richtung Normalität gegangen werden können. Dabei dürfen wir nicht zögern, unsere Interessen klar zu vertreten – sowohl gegenüber Belgrad als auch innerhalb der kosovarischen Gesellschaft selbst.

Lassen Sie mich abschließend betonen: Eine starke Bundeswehr ist unabdingbar für unser Land und seine Bürgerinnen und Bürger. Nur wenn sie gut ausgestattet und motiviert ist, kann sie ihre Aufgaben effektiv erfüllen. Deshalb werde ich mich dafür stark machen, dass dies so bleibt.

Vielen Dank für Ihre Aufmerksamkeit!","Sehr geehrte Damen und Herren,

ich möchte heute über einen Aspekt unserer Sicherheits- und Verteidigungspolitik sprechen, den ich für zentral halte: Den Einsatz deutscher Soldatinnen und Soldaten in Krisengebieten wie dem Kosovo.

Die Situation dort ist seit vielen Jahren angespannt. Serben und Albaner leben nicht selten unversöhnlich nebeneinander her. Es gab immer wieder Ausbrüche von Gewalt zwischen beiden Bevölkerungsgruppen. Die Lage war so instabil, dass die Vereinten Nationen 1999 entschieden, NATO-Truppen einzusetzen - auch deutsche Truppen waren dabei. 

Heute sind wir noch immer präsent. Unsere Aufgabe besteht darin, Stabilität zu gewährleisten, Konfliktparteien voneinander fernzuhalten und bei der Integration verschiedener Volksgruppen behilflich zu sein. Das mag auf den ersten Blick nach einem schwierigen Unterfangen klingen. Aber es zeigt sich, dass unsere Präsenz Früchte trägt. Inzwischen gibt es deutliche Fortschritte beim Abbau ethnischer Spannungen. Junge Menschen aus verschiedenen Gemeinden arbeiten zusammen, lernen gemeinsam und blicken optimistisch in die Zukunft.  

Diese Erfolge sollten uns Mut machen weiterhin unseren Beitrag zur Friedenssicherung zu leisten – gerade wenn man bedenkt welche Schrecken Krieg bedeutet. Wir dürfen nie vergessen was passiert wäre, hätte es keine internationale Intervention gegeben. Hunderttausende wären um ihr Leben gekommen, Millionen vertrieben worden. Deshalb sage ich ganz klar: Ja, Deutschland muss seine Verantwortung weltweit wahrnehmen! 

Gleichzeitig müssen wir aber auch sicherstellen, dass unser Engagement sinnvoll bleibt. Dafür braucht es klare Ziele, realistisches Zeitmanagement sowie effektive Kontrolle durch das Parlament. Nur dann kann der Einsatz langfristig erfolgreich sein. Und nur dann werden ihn die Bürger akzeptieren und unterstützen. Denn letztendlich geht es darum ihre Interessen zu vertreten. Ihre Sorgen ernst nehmen heißt auch dafür Sorge tragen, dass solch immense Belastungen gerecht verteilt werden und am Ende wirklich etwas erreicht wird.
Vielen Dank.","Sehr geehrte Damen und Herren,

ich möchte heute über einen wichtigen Punkt sprechen: den Einsatz unserer Bundeswehr in Mazedonien.

Die Situation dort ist seit Jahren angespannt. Serbisch dominierte Kräfte versuchen immer wieder, die albanischen Teile des Landes unter ihre Kontrolle zu bringen. Es gibt Gewalt gegen Zivilisten, Vertreibung von Familien aus ihren Häusern - all das muss ein Ende haben!

Unsere Soldatinnen und Soldaten leisten vor Ort wertvolle Arbeit. Sie sichern humanitäre Hilfskonvois ab, verhindern dass Unruheherde auf benachbarte Länder übergreifen. Und sie helfen bei der Ausbildung der mazedonischen Armee – damit diese selbst für Sicherheit sorgen kann.

Klar ist aber auch: Der KFOR-Einsatz allein reicht nicht. Wir müssen Druck machen auf Belgrad, seine aggressive Politik einzustellen! Keine Anerkennung solange es weiterhin ethnische Säuberungen gibt!
Wir dürfen nicht zulassen, dass sich Geschichte wiederholt.
Zusammenarbeit ja - aber nur wenn Serben und Albaner gleichberechtigt zusammen leben können.

Meine Damen und Herren,
wir sind stolz auf unsere Bundeswehrsoldaten im Kosovoeinsatz. Für Frieden, Stabilität und Menschenrecht gehen sie persönliche Risiken ein. Das verdient unseren Dank und Respekt!
Aber wir dürfen uns auch nichts vormachen:
Solange es keine gerechte Lösung zwischen den Volksgruppen gibt, wird der Konflikt schwelen. Deshalb fordere ich zusätzlichen diplomatischen Druck auf serbisches Regime - um endlich Fortschritte zu erzielen.
Nur so können wir gewährleisten, dass unser Engagement Früchte trägt und zur langfristig stabilen Entwicklung beiträgt.
Ich danke Ihnen."
AfD,Wirtschaftshilfen Corona,"Sehr geehrte Damen und Herren,

wir stehen vor einer historischen Herausforderung: Die COVID-19-Pandemie hat unsere Gesellschaft und Wirtschaft hart getroffen. Es ist die Pflicht unserer Regierung, schnell und entschlossen zu handeln, um Arbeitsplätze zu sichern und Unternehmen in dieser Krise zu unterstützen.

Die von der Bundesregierung beschlossenen Hilfspakete sind jedoch nicht ausreichend und unzureichend gezielt. Sie bevorzugen große Konzerne gegenüber kleinen und mittelständischen Betrieben. Zudem fehlt es an Transparenz bei den Vergabebedingungen für staatliche Unterstützungsgelder. 

Wir fordern daher einen fairen Ausgleich zwischen Großkonzernen und dem Mittelstand. Nur so können wir verhindern, dass die Pandemiefolgen auf Kosten kleinerer Firmen gehen. Wir brauchen klare Kriterien dafür, wer Anspruch auf welche Form von Hilfe hat - ohne bürokratische Hürden oder willkürliches Vorgehen!

Darüber hinaus müssen wir sicherstellen, dass diese Gelder auch wirklich dort ankommen, wo sie gebraucht werden – nämlich direkt beim Bürger! Stattdessen fließen viele Milliarden Euro in sinnlose Projekte wie das ""Wumms""-Programm zur Förderung von Elektromobilität, welches nur wenigen Super-Reichen zugutekommt.

Es geht darum, jetzt mutig und zielgerichtet zu handeln, statt alte ideologische Grabenkämpfe fortzuführen. Wir dürfen uns nicht länger damit abfinden, dass unser Steuergeld verschwendet wird, während gleichzeitig tausende Existenzen bedroht sind.  

Unsere Forderung lautet daher klar: Sofortige Umverteilung der Rettungsmaßnahmen hin zu mehr Gleichheit und Fairness! Eine gerechte Verteilung der Lasten muss gewährleistet sein - sowohl innerhalb Deutschlands als auch global. Denn am Ende profitieren alle davon, wenn niemand zurückgelassen wird.

Lassen Sie uns gemeinsam dafür kämpfen, dass jeder Einzelne durch diese schwierige Zeit kommt. Dafür benötigt es Mut, Entschlossenheit und Solidarität - genau jene Tugenden, die Deutschland stark gemacht haben. Ich danke Ihnen.","Sehr geehrte Damen und Herren,

wir stehen heute vor großen Herausforderungen durch die COVID-19-Pandemie. Die wirtschaftlichen Folgen sind dramatisch: Unternehmen kämpfen ums Überleben, Arbeitsplätze werden abgebaut und viele Menschen verlieren ihre Existenzgrundlage.

Die Bundesregierung hat in den letzten Monaten zahlreiche Hilfspakete geschnürt, um diese Krise zu bewältigen. Doch wir als Alternative für Deutschland sehen einige Probleme bei dieser Vorgehensweise:

Erstens gehen die Milliardenhilfen an große Konzerne wie Lufthansa oder TUI, ohne dass klare Auflagen gestellt werden. Wir fordern stattdessen gezielte Unterstützung für kleine und mittlere Betriebe sowie Solo-Selbstständige. 

Zweitens kommen die Hilfszahlungen viel zu spät beim Bürger an. Statt Bürokratieabbau und direkte Auszahlungen gibt es endlose Antragsverfahren und langsame Bearbeitung. Hier müssen wir schneller und unbürokratischer helfen!

Drittens darf nicht vergessen werden, dass auch nach der Pandemie noch genug Arbeit da ist - nämlich die Bekämpfung von Armut und sozialer Ungleichheit. Gerade Geringverdiener leiden besonders unter Kurzarbeitergeld und fehlenden Einkommen. Sie brauchen jetzt unsere volle Solidarität!

Wir dürfen nicht zulassen, dass sich die Schere zwischen Arm und Reich weiter öffnet! Deshalb fordert die AfD einen Mindestlohn von 12 Euro pro Stunde, mehr Kindergeld und eine Grundrente ohne Bedürftigkeitsprüfung.

Liebe Mitbürgerinnen und Mitbürger, lassen Sie uns gemeinsam dafür sorgen, dass niemand zurückgelassen wird in diesen schwierigen Zeiten. Es geht darum, unser Land zusammenzuhalten und solidarisch miteinander umzugehen. Dafür steht die AfD!

Vielen Dank.","Sehr geehrte Damen und Herren,

heute möchte ich über die dringend benötigten wirtschaftlichen Hilfsmaßnahmen in Zeiten von COVID-19 sprechen.

Die Auswirkungen dieser Pandemie sind verheerend für unsere Volkswirtschaft. Unternehmen müssen Insolvenz anmelden, Arbeitnehmer werden entlassen und Existenzen stehen auf dem Spiel. Es ist daher unumgänglich, dass wir als Staat entschlossen handeln und umfangreiche finanzielle Unterstützung bereitstellen. 

Wir fordern einen Rettungsschirm für alle betroffenen Branchen - nicht nur den Mittelstand oder kleine Unternehmen. Auch große Konzerne haben das Recht darauf, gerettet zu werden, wenn sie durch keine Schuld ihrerseits in Not geraten sind. Wir dürfen hier keinen Unterschied machen zwischen groß und klein. Jedes einzelne Arbeitsplatz zählt!

Gleichzeitig darf aber auch kein Verlustgeschäft gemacht werden: Steuergelder sollten gezielt eingesetzt werden, um Firmen zu retten, deren Geschäftsmodell langfristige Zukunftschancen hat. Ein ""Weiter so"" wie vorher wird es nach dieser Krise nicht geben können – wir brauchen jetzt mutige Strukturveränderungen. Dafür muss Geld verwendet werden.

Auch Familien und Alleinstehende müssen unterstützt werden. Die Grundsicherung muss erhöht werden, damit niemand Angst haben muss, sein Zuhause zu verlieren oder sich Sorgen um seine Existenz machen zu müssen. Kinderarmut gilt es konsequent zu bekämpfen! Deshalb setzen wir uns dafür ein, das Kindergeld deutlich anzuheben und Hartz IV auslaufen zu lassen.

Unser Hauptaugenmerk liegt dabei immer auf denen, die am meisten leiden. Nicht jeder kann einfach Kurzarbeitergeld beantragen oder Kredite aufnehmen. Viele Menschen arbeiten im Niedriglohnsektor oder prekär und fallen dadurch oft durchs Raster. Hier wollen wir unbürokratisch helfen.

Zudem sehen wir es als notwendig an, die EU-weiten Regelungen zur Haftungsbeschränkung bei Krisenkrediten endlich anzugehen. Banken und Investoren sollen kein Risiko mehr tragen, während Steuerzahler haften müssen. Dieses System führt dazu, dass wichtige Finanzmittel gebunden bleiben statt in die Realwirtschaft fließen zu können.

Lassen Sie mich zusammenfassend sagen: Diese Krise erfordert schnelles Handeln, Mut zu Entscheidungen und Solidarität untereinander. Lassen Sie uns gemeinsam alles daran setzen, diese Herausforderung bestmöglich zu meistern und danach gestärkt daraus hervorzugehen. Vielen Dank."
AfD,Gaspreise,"Sehr geehrte Damen und Herren,

wir stehen vor enormen Herausforderungen in Bezug auf die Energieversorgungssicherheit Deutschlands. Die steigenden Gaspreise bedrohen nicht nur unsere Haushalte, sondern auch unser Industrieland. Es ist höchste Zeit, dass wir als AfD konkrete Lösungsansätze präsentieren.

Zunächst einmal müssen wir uns bewusstmachen: Der Hauptgrund für diese Preisexplosion sind die Fehlentscheidungen der vergangenen Jahre. Statt sich frühzeitig um alternative Lieferquellen wie LNG-Terminals oder Atomkraftwerke zu kümmern, hat man verpasst, rechtzeitig Vorsorge zu treffen. Stattdessen wurde blindlings auf Russland gesetzt - nun zahlen wir den Preis dafür!

Wir fordern daher einen sofortigen Ausbau erneuerbarer Energien sowie eine Renaissance der Kernenergie. Nur so können wir unabhängiger von fossilen Brennstoffen werden. Gleichzeitig muss aber auch das bestehende Netz an Kohlekraftwerken erhalten bleiben, denn ohne sie droht im Winter der Blackout! 

Ein weiteres Problem stellen die hohen Strom- und Gasnetzentgelte dar. Hier braucht es endlich mehr Transparenz und Kontrolle durch den Gesetzgeber. Wir dürfen nicht länger hinnehmen, dass private Unternehmen ihre Gewinne maximieren, während Verbraucher finanziell überfordert werden. Eine staatliche Regulierung ist hier unabdingbar.

Auch bei den Steuern gilt es nachzubessern: Die EEG-Umlage sollte abgeschafft und stattdessen aus dem Bundeshaushalt bezahlt werden. So entlasten wir die Bürgerinnen und Bürger direkt. Zudem plädieren wir für eine Senkung der Mehrwertsteuersätze auf Energieprodukte – dies würde insbesondere einkommensschwache Familien spürbar unterstützen.

Abschließend möchte ich betonen: Diese Krise darf nicht dazu führen, dass Deutschland seine Souveränität aufgibt. Wir dürfen uns nicht dauerhaft von anderen Ländern abhängig machen. Deshalb setzen wir uns für eine Diversifizierung unserer Bezugsquellen ein und lehnen langfristige Verträge mit einzelnen Staaten strikt ab. Nur so bleibt Deutschland stark!

Die AfD steht bereit, gemeinsam mit Ihnen an diesen Problemen anzugehen. Packen wir's an! Für ein souveränes, energieautarkes und lebenswertes Deutschland!","Sehr geehrte Damen und Herren,

ich möchte heute über das drängende Problem steigender Energiekosten sprechen, insbesondere im Bereich Erdgas. Die aktuelle Situation auf dem internationalen Markt führt dazu, dass die Preise für Verbraucherinnen und Verbraucher in Deutschland immer weiter ansteigen.

Die Gründe hierfür sind vielfältig: Der Ukraine-Konflikt hat zu Unsicherheiten am Markt geführt, was wiederum Spekulanten angelockt hat. Gleichzeitig ist die Nachfrage nach Gas gestiegen, während gleichzeitig weniger Fördermengen zur Verfügung stehen - beispielsweise durch den Ausfall russischer Lieferungen infolge westlicher Sanktionen gegen Russland wegen dessen Aggression in der Ukraine.

Diese Entwicklung trifft viele Menschen hart, gerade einkommensschwächere Haushalte leiden besonders unter den hohen Kosten. Wir als Alternative für Deutschland sehen es daher als unsere Pflicht, uns um diese Bürgerinnen und Bürger zu kümmern.

Wir fordern von der Bundesregierung einen sofortigen Stopp aller Steuern und Abgaben auf Energie! Nur so können wir sicherstellen, dass jeder Euro, den die Menschen für Heizung und Strom ausgeben müssen, auch tatsächlich bei ihnen ankommt und nicht vom Fiskus abgeschöpft wird.

Zudem brauchen wir mehr Transparenz beim Energiesektor. Es kann nicht sein, dass Konzerne wie Uniper oder RWE sich bereichern, während normale Familien finanziell darunter leiden. Hier muss endlich Licht ins Dunkel gebracht werden!

Darüber hinaus setzen wir uns dafür ein, alternative Energiemodelle stärker voranzutreiben. Wind- und Solarenergie bieten große Chancen für eine unabhängige Versorgung Deutschlands. Doch statt diese Technologien konsequent auszubauen, blockiert die Regierung deren Einsatz wo sie nur kann – etwa durch sinnlose bürokratische Hürden.

Insgesamt zeigt sich einmal mehr: Die Politik der etablierten Parteien geht zulasten der einfachen Leute. Sie profitieren von einem System, welches Big Business fördert, aber kleine Sparbüchsen plündert. Das dürfen wir nicht länger hinnehmen!

Ich danke Ihnen.","Sehr geehrte Damen und Herren,

ich wende mich heute an Sie als Vorsitzender unserer Fraktion im Deutschen Bundestag mit einem drängenden Anliegen: Den explodierenden Energiekosten und den damit verbundenen Belastungen für die Bürgerinnen und Bürger unseres Landes.

Die Preisspirale bei Strom- und Erdgas ist seit Monaten in ungeahnte Höhen geschossen. Dies liegt nicht zuletzt am Ukraine-Krieg und den Sanktionen gegen Russland. Aber auch andere Faktoren wie steigende CO2-Bepreisung und hohe Nachfrage treiben die Kosten nach oben.

Für viele Familien bedeutet das enorme finanzielle Einschnitte - gerade jene mit geringeren oder mittleren Einkommen sind massiv betroffen. Die Bundesregierung scheint ratlos, bietet lediglich Symbolpolitik statt konkreter Hilfen. Wir fordern hier klare Maßnahmen zur Entlastung!

Es braucht einen sofortigen Stopp der EEG-Umlage auf Erdgasverbrauch sowie eine Absenkung bzw. Aussetzung der Öko-Steuern und Steuermehrwerte auf Energieträger! So können wir kurzfristig entlastend eingreifen ohne unsere Klimaziele aus dem Blick zu verlieren.

Mittel- und langfristig müssen wir unabhängiger von russischen Importen werden – durch Förderung heimischer fossiler Brennstoffe und nuklearer Technologien ebenso wie Investitionen in erneuerbare Energien. Nur so sichern wir bezahlbare Energieversorgung und Arbeitsplätze in Deutschland.

Wir dürfen aber auch keine Chancen verschenken: Der Umbau des Energiesektors muss ökonomisch sinnvoll gestaltet sein. Wer die Transformation verschleppt, gefährdet Beschäftigung, Standortattraktivität und Innovationsfähigkeit Deutschlands.
Deswegen setzen wir uns für einen fairen Interessenausgleich zwischen Umweltpolitik und Industrieinteressen ein - und lehnen grüne Ideologie ab, die Arbeitsplätze vernichtet.

Abschließend appelliere ich an alle Verantwortlichen: Handeln Sie jetzt entschieden, um die Menschen in unserem Land vor diesen exorbitanten Preissteigerungen zu schützen!
Zeitdruck besteht genug, handlungsfähige Lösungsansätze liegen auf dem Tisch - nutzen wir sie gemeinsam im Sinne aller Betroffener!

Vielen Dank für Ihre Aufmerksamkeit."
Linke,Mindestlohn,"Sehr geehrte Damen und Herren,

ich möchte heute über das wichtige Thema des gesetzlichen Mindestlohns sprechen, welches uns als LINKE seit jeher am Herzen liegt.

Der Mindestlohn ist nicht nur ein Instrument zur Bekämpfung von Armutslöhnen, sondern auch ein zentraler Baustein für mehr soziale Gerechtigkeit in unserer Gesellschaft. Er sorgt dafür, dass alle Menschen, die hart arbeiten, einen Lohn erhalten, der ihnen ein Leben in Würde ermöglicht - unabhängig davon, ob sie Vollzeit oder Teilzeit beschäftigt sind.

Leider haben wir es bisher verpasst, den Mindestlohn auf einem Niveau festzulegen, das tatsächlich existenzsichernd ist. Der aktuelle Betrag reicht oft nicht aus, um die Grundbedürfnisse wie Wohnen, Essen und Kleidung abzudecken. Daher fordern wir als LINKE eine deutliche Anhebung des Mindestlohnes auf mindestens 12 Euro pro Stunde. Nur so können wir sicherstellen, dass niemand durch seine Arbeit arm wird.

Ein weiteres Problem besteht darin, dass viele Beschäftigte trotz ihrer harten Arbeit immer noch unterhalb des Existenzminimums verdienen. Hier brauchen wir dringend Verbesserungen! Wir müssen dafür Sorge tragen, dass jeder Mensch, egal wo er herkommt oder was er tut, genug Geld verdient, um seinen Lebensunterhalt bestreiten zu können.

Darüber hinaus setzen wir uns dafür ein, dass der Mindestlohn regelmäßig an die Entwicklung der allgemeinen Löhne angepasst wird. Nur so kann gewährleistet werden, dass er seiner Funktion gerecht wird: Einkommensschwachen Gruppen eine angemessene Entlohnung zu garantieren.

Wir dürfen nicht länger hinnehmen, dass Millionen Menschen in unserem Land trotz harter Arbeit arm bleiben. Es ist unsere Pflicht als Politikerinnen und Politiker, für faire Bezahlung einzutreten und allen Bürgern ein würdiges Dasein zu ermöglichen. Deswegen kämpft DIE LINKE unermüdlich für höhere Löhne und bessere Arbeitsbedingungen – denn jede Arbeit muss sich lohnen!

Ich danke Ihnen.","Sehr geehrte Damen und Herren,

ich möchte heute über das wichtige Thema des gesetzlichen Mindestlohns sprechen, welches uns als LINKE seit jeher sehr am Herzen liegt.

Der Mindestlohn ist mehr als nur eine Lohnuntergrenze - er sichert die Existenzgrundlage vieler Arbeitnehmerinnen und Arbeitnehmern in unserem Land. Er sorgt dafür, dass Menschen von ihrer Hände Arbeit leben können und nicht auf zusätzliche staatliche Unterstützung angewiesen sind.

Doch trotz seiner Bedeutung für soziale Gerechtigkeit haben wir es bisher versäumt, den gesetzlichen Mindestlohn ausreichend anzuheben. Aktuell beträgt er gerade einmal 9,60 Euro pro Stunde – viel zu wenig, um davon einen menschenwürdigen Lebensstandard finanzieren zu können!

Die Corona-Pandemie hat diese Problematik noch verschärft: Viele Beschäftigte mussten Kurzarbeitergeld beziehen oder verloren sogar ihren Job ganz. Und wer glücklicherweise seinen Arbeitsplatz behalten konnte, arbeitete oft unter erschwerten Bedingungen ohne ausreichenden Schutz vor Ansteckung. 

Wir fordern daher dringend eine sofortige Erhöhung des Mindestlohns auf mindestens 12 Euro brutto pro Stunde! Nur so kann gewährleistet werden, dass alle Menschen durch ihre Arbeit existentiell abgesichert sind und nicht zur Sozialhilfe greifen müssen. Eine solche Erhöhung würde auch dazu führen, dass weniger Bürgerinnen und Bürger auf ergänzende Leistungen wie Hartz IV angewiesen wären.

Darüber hinaus setzen wir uns weiterhin für branchenbezogene Mindestlöhne sowie Entgeltgleichheit zwischen Männern und Frauen ein. Es darf keine Unterschiede geben bei gleicher Arbeit! Wir wollen zudem Regelungen gegen prekäre Beschäftigungsverhältnisse, wie sachgrundlose Befristungen und Leiharbeit.

Liebe Kolleginnen und Kollegen, lassen Sie uns gemeinsam kämpfen für faire Bezahlung und gute Arbeit in diesem Land! Der Mindestlohn muss endlich angepasst werden, damit niemand mehr arm sein muss obwohl er arbeitet. Das wäre ein starkes Signal für soziale Gerechtigkeit und Solidarität in Deutschland.

Vielen Dank.","Sehr geehrte Damen und Herren,

ich spreche heute als Vertreterin der Fraktion Die LINKE über das wichtige Thema Mindestlohn.

Ein existenzsichernder Lohn ist für uns Sozialisten nicht verhandelbar. Jeder Mensch muss von seiner Arbeit leben können - unabhängig davon in welcher Branche er oder sie tätig ist. Deshalb fordern wir einen flächendeckenden gesetzlichen Mindestlohn von mindestens 12 Euro pro Stunde!

Die Realität sieht jedoch oft anders aus: Millionen Menschen arbeiten trotz Vollzeitjob unter dem Existenzminimum! Der aktuelle gesetzliche Mindestlohn von gerade einmal 9,60€ brutto die Stunde reicht dafür bei weitem nicht aus. Besonders betroffen sind Frauen, ältere Beschäftigte, geringqualifizierte Personen und Bürger*innen ohne deutschen Pass. Sie werden systematisch ausgebeutet und entwertet.
Das darf so nicht weiter gehen!
Wir brauchen endlich faire Bezahlung für alle, unabhängig vom Geschlecht, Alter oder Aufenthaltsstatus!

Der Mindestlohn sollte zudem an die allgemeine Preisentwicklung gekoppelt sein. Sonst läuft man Gefahr, dass sich prekäre Arbeitsverhältnisse durch Inflation immer mehr verschärfen. Auch Zuschläge wie Nacht- oder Feiertagszuschläge müssen selbstverständlicher Bestandteil jedes Tarifvertrages sein!

Doch auch tarifgebundene Betriebe dürfen nicht länger um ihren Standort gefürchtet haben, wenn sie höhere Löhne zahlen wollen. Wir wollen daher einen Rechtsanspruch auf Allgemeinverbindlichkeitserklärungen einführen. Das bedeutet: Wenn in einem bestimmten Gebiet und Branchensegment bereits achtzig Prozent aller Beschäftigen nach Tarif bezahlt wird, soll der jeweilige Tarifvertrag automatisch gelten – egal ob der Betrieb Mitglied im entsprechenden Verband ist oder nicht.

Gleichzeitig setzen wir uns für eine echte Entlastung derjenigen ein, die wenig verdienen. Dazu gehört vor allem die Anhebung des steuerfreien Grundfreibetrags auf mindestens 13.000 € sowie die Einführung eines armutsfesten Existenzminimumbergs. Nur so kann wirkungsvoll Armut bekämpft werden.

Es liegt noch viel Arbeit vor uns, aber es gibt keinen Grund zur Resignation. Gemeinsam kämpfen wir für den Anspruch jeder und jeden Einzelnen auf ein würdevolles Leben durch gute Arbeit und gerechte Bezahlung. Denn eines steht fest: Keiner verdient weniger als die Anerkennung seines Wertes als Teil unserer Gesellschaft!

Vielen Dank für Ihre Aufmerksamkeit."
Linke,Bundeswehreinsatz im Kosovo,"Sehr geehrte Damen und Herren,

ich möchte heute über den Einsatz unserer Bundeswehrsoldatinnen und -soldaten sprechen, die seit fast zwei Jahrzehnten im Rahmen von KFOR (Kosovo Force) im Kosovo stationiert sind.

Die Entsendung deutscher Soldaten in das ehemalige Jugoslawien war notwendig geworden nach dem verheerenden Bürgerkrieg Anfang der neunziger Jahre. Die NATO hatte sich gezwungen gesehen, militärisch gegen Serbien vorzugehen, um weitere Gräueltaten an der albanischen Bevölkerungsgruppe zu unterbinden. Nach einem langwierigen Friedensprozess wurde dann 1999 die UN-Resolution 1244 verabschiedet, welche die Stationierung internationaler Truppen zur Sicherstellung der Stabilität vorsah.

Unsere Aufgabe als Linkspartei ist es stets kritisch zu hinterfragen: Warum braucht es noch immer einen solchen Militäreinsatz? Ist er wirklich nötig oder könnte man nicht auf zivile Mittel setzen?

Ich sage ganz klar ja! Es gibt keinen Grund mehr für diesen fortgesetzten Auslandseinsatz der Bundeswehr. Der Konflikt zwischen Serben und Albanern hat sich entspannt, beide Seiten haben ihre eigenen Staaten. Eine friedliche Koexistenz scheint möglich. 

Auch wenn wir uns bewusst sein müssen, dass ethnische Spannungen weiterhin bestehen bleiben werden, so dürfen diese doch kein Vorwand dafür sein, unsere Soldat*innen länger dort zu belassen. Stattdessen sollten wir verstärkt diplomatische Initiativen unterstützen, die Dialogbereitschaft fördern und Versöhnung ermöglichen.

Deshalb fordert meine Fraktion die sofortige Rückführung aller deutschen Streitkräfte aus dem Kosovo. Wir wollen keine dauerhafte Präsenz fremder Mächte in diesem Land, sondern Selbstbestimmtheit und Eigenverantwortlichkeit seiner Bewohnerinnen und Bewohner. Nur durch internationale Unterstützung bei wirtschaftlicher Entwicklung und Rechtsstaatsbildung können tragfähige Strukturen geschaffen werden, die Gewalt und Hass überflüssig machen.

Es geht darum, Vertrauen wiederherzustellen – sowohl innerhalb der kosovarischen Gesellschaft selbst als auch in deren Fähigkeit zur friedlichen Zusammenarbeit miteinander. Dafür bedarf es Mut und Geduld, aber letztlich ist dies der einzige Weg hin zu echter Normalität und Stabilisierung.

Wir appellieren daher an Sie alle hier im Haus: Setzen Sie endlich ein Zeichen und beenden sie diesen unnützen und gefährlichen Einsatz unserer Soldatinnen und Soldaten im Kosovo!

Vielen Dank.","Sehr geehrte Damen und Herren,

ich möchte heute über einen Aspekt sprechen, der uns alle angeht: den Einsatz unserer Bundeswehr im Kosovo.

Die Situation in diesem Land ist seit vielen Jahren angespannt. Die ethnischen Konflikte zwischen Serben und Albanern haben tiefe Gräben hinterlassen. Der Krieg von 1998/99 hat das Land verwüstet und unzählige Menschenleben gekostet. Deshalb war es richtig und notwendig, dass die internationale Gemeinschaft einschritt, um Frieden und Stabilität wiederherzustellen.

Der NATO-Einsatz ""KFOR"" trägt seit fast zwei Jahrzehnten dazu bei, die Sicherheit aller Bevölkerungsgruppen im Kosovo zu gewährleisten. Er ermöglicht es den Menschen dort, friedlich zusammenzuleben - trotz ihrer unterschiedlichen kulturellen Hintergründe. 

Auch wenn wir als Linke kritisch gegenüber Auslandseinsätzen sind, sehen wir hier durchaus positive Effekte. Denn ohne KFOR gäbe es vermutlich immer noch Bürgerkriege oder gar Völkermorde wie in Ruanda oder Srebrenica. Das darf nicht vergessen werden!

Gleichzeitig dürfen wir aber auch nicht verschweigen, welche Probleme bestehen bleiben. Etwa die hohe Arbeitslosigkeit, Korruption und Armut vieler Kosovaren. Oder die Tatsache, dass serbische Minderheiten weiterhin diskriminiert werden – trotz internationaler Schutztruppe. Hier muss sich endlich etwas ändern! Nur so kann dauerhafter Friede entstehen.

Deshalb fordere ich:
Erstens mehr Anstrengungen für wirtschaftliche Entwicklung und Rechtsstaatlichkeit vor Ort.
Zweitens müssen die UN-Resolutionen konsequent umgesetzt werden, damit alle Ethnien gleichberechtigt leben können.
Und drittens brauchen wir eine ehrliche Aufarbeitung der Vergangenheit statt Verdrängung und Vertuschung.

Lassen Sie mich abschließend sagen: Auch nach bald zwanzig Jahren zeigt sich, dass militärische Interventionen oft keine Patentrezepte sind. Wir sollten sie nur als letztes Mittel betrachten. Genauso wichtig sind zivile Krisenprävention, Diplomatie und Entwicklungszusammenarbeit. Gerade als Linke tragen wir diese Position in die Debatten hinein.

Vielen Dank für Ihre Aufmerksamkeit.","Sehr geehrte Damen und Herren,

ich möchte heute über einen wichtigen Aspekt unserer Sicherheits- und Außenpolitik sprechen: Den Einsatz der Bundeswehr im Kosovoschutzgebiet.

Die Situation in diesem Land ist nach wie vor prekär. Trotz internationaler Friedenstruppen sind ethnische Spannungen weiterhin präsent. Die Region bleibt ein Pulverfass, das jederzeit explodieren kann. 

Es wäre leichtfertig zu behaupten, dass die Arbeit der KFOR vollständig erfolgreich war. Doch wir dürfen nicht vergessen: Ohne den entscheidenden Beitrag Deutschlands und seiner Verbündeten hätte es noch viel mehr Gewalt gegeben. Unser Engagement hat dazu beigetragen, Stabilität herbeizuführen - trotz aller Rückschläge.

Aber was bedeutet ""Stabilisierung""? Wir müssen ehrlich sein: Es geht hierbei weniger um Demokratie oder Menschenrechte als vielmehr darum, weitere Konflikte zwischen Serben und Albanern zu verhindern. Dafür setzen sich unsere Soldaten jeden Tag ein – oft unter schwierigsten Bedingungen.

Doch darf man fragen: Ist dies gerecht? Sollten wir uns wirklich auf Jahrzehnte hinweg an einem Ort engagieren, dessen Bevölkerung kaum Interesse zeigt am Aufbau ihrer eigenen Gesellschaft?

Wir von der Linkspartei sagen Nein! Unsere Priorität muss sein, Geld für Bildung, Sozialleistungen und Infrastruktur bereitzustellen statt Militärbasen in Krisengebieten auszuweiten. Nur so können wir langfristige Lösungsansätze finden.

Natürlich braucht es auch Präsenz deutscher Diplomatie und Entwicklungshilfe im Kosovo. Aber keine militarisierten Missionen à la ISAF, sondern zivile Projekte zur Förderung des Dialogs und Zusammenhalts!

Zudem sollten wir endlich begonnen, Verantwortliche für Kriegsverbrechen vor Gericht zu bringen. Auch wenn dies unpopulär erscheint - ohne Gerechtigkeit gibt's keinen Frieden.

Meine Damen und Herren,
die Zeit des militärischen Engagements im Ausland neigt sich dem Ende zu. Lassen Sie uns stattdessen mutig neue Wege beschreiten:
Militärexpansion durch zivilgesellschaftliches Engagement ersetzen,
Friedensmission durch Rechtsstaatlichkeit stützen.
Nur so werden wir dauerhaft Stabilität erreichen - im Kosovo genauso wie weltweit.

Ich danke Ihnen."
Linke,Wirtschaftshilfen Corona,"Sehr geehrte Damen und Herren,

wir stehen vor großen Herausforderungen inmitten der COVID-19-Pandemie. Die Ausbreitung des Virus hat tiefe Spuren hinterlassen - sowohl gesundheitlich als auch wirtschaftlich. Viele Menschen haben ihre Jobs verloren oder mussten massive Einkommenseinbußen hinnehmen.

Die Bundesregierung hat zwar umfangreiche Hilfspakete auf den Weg gebracht, doch diese reichen nicht aus, um die Krise vollständig abzufedern. Insbesondere Geringverdiener*innen, Solo-Selbständige und kleine Unternehmen werden benachteiligt. Es besteht die Gefahr, dass sich sozialer Sprengstoff ansammelt, wenn wir jetzt nicht entschlossen handeln!

Wir von DIE LINKE fordern daher einen Schuldenschnitt für private Haushalte! Wer durch die Pandemie in finanzielle Not geraten ist, darf nicht länger alleine gelassen werden. Wir brauchen zinslose Kredite statt weiteren Sozialabbau und Leistungskürzungen.

Auch bei den Unternehmenshilfen müssen wir nachbessern: Statt Konzerne wie Lufthansa einfach Milliarden Euro zu überweisen, sollten wir lieber kleinere Betriebe unterstützen, die systemrelevant sind – ob im Einzelhandel, Gesundheitssektor oder Pflegebereich. Hier geht es darum, Arbeitsplätze zu erhalten und unsere Grundversorgung sicherzustellen!

Darüber hinaus muss endlich Schluss sein mit dem Dumping-Wettbewerb am Weltmarkt! Deutsche Exporteure dürfen nicht mehr auf Kosten anderer Länder Profite einfahren. Stattdessen wollen wir fairen Handel und gerechte Preise für Produzent*innen weltweit. Nur so können wir Armut bekämpfen und Krisen langfristig eindämmen.

Liebe Mitbürger*innen, lassen Sie uns gemeinsam dafür kämpfen, dass niemand zurückgelassen wird! Solidarität ist gefragt - gerade in Zeiten großer Unsicherheiten. Packen wir's an!

Vielen Dank.","Sehr geehrte Damen und Herren,

wir stehen vor großen Herausforderungen inmitten dieser Pandemie. Die wirtschaftlichen Folgen sind enorm - Unternehmen kämpfen ums Überleben, Arbeitsplätze werden bedroht und viele Menschen verlieren ihre Existenzgrundlage. Es ist unsere Pflicht als LINKE im deutschen Bundestag, uns solidarisch an die Seite aller Betroffenen zu stellen.

Doch während wir über Rettungspakete diskutieren, darf nicht vergessen gehen: Diese Krise wurde von den Mächtigen verschlafen! Jahrzehntelang haben sie auf Kosten der Schwächsten gespart – bei Bildung, Gesundheitssystem oder sozialem Wohnungsbau. Nun sollen genau diese Bereiche wieder gerettet werden – aber wer soll das bezahlen? 

Wir sagen klar: Nicht auf dem Rücken der Beschäftigten und Armen! Wir fordern stattdessen einen echten Umverteilungsprozess hin zu mehr Gerechtigkeit!

Die Hilfspakete müssen endlich auch jene erreichen, denen es am meisten fehlt. Dazu gehört für uns unbedingt eine Grundrente ohne Bedürftigkeitsprüfung sowie ein Mindestlohn von mindestens zwölf Euro pro Stunde. Nur so können Armutslöhne effektiv abgesichert werden.

Auch kleine Selbstständige und Solo-Selbständige dürfen nicht alleine gelassen werden. Sie brauchen unbürokratische Soforthilfe statt komplizierter Kredite. Und wenn schon Konzerne wie Lufthansa gestützt werden, dann muss dies unter klaren Auflagen zur Sicherung von Arbeitsplätzen erfolgen.

Zudem wollen wir einen Schuldenerlass für hochverschuldete Staaten. Denn nur gemeinsam kann die globale Krise bewältigt werden. Der Green New Deal bietet dafür den richtigen Weg: Investitionen in erneuerbare Energien, öffentliche Infrastruktur und gute Arbeit sichern Zukunftsfähigkeit und Wohlstand nachhaltig.

Liebe Kolleginnen und Kollegen,
lassen Sie uns mutig sein und entschieden handeln!
Für Solidarität, Gerechtigkeit und eine lebenswerte Zukunft für Alle!","Sehr geehrte Damen und Herren,

wir stehen vor großen Herausforderungen inmitten der COVID-19-Pandemie. Die wirtschaftlichen Auswirkungen sind dramatisch: Unternehmen kämpfen ums Überleben, Millionen Arbeitnehmerinnen und Arbeitnehmer bangen um ihre Jobs. Wir als Linke wollen einen sozial gerechten Weg aus dieser Krise.

Deshalb fordern wir massive finanzielle Unterstützung für betroffene Betriebe - egal ob groß oder klein, Handwerksbetrieb, Mittelstand oder Großkonzern. Diese Hilfspakete müssen unbürokratisch ausgezahlt werden. Niemand darf aufgrund formaler Hürden leer ausgehen! 

Gleichzeitig dürfen die Lasten nicht allein von den Beschäftigten getragen werden. Kurzarbeitergeld muss länger gezahlt werden – mindestens bis Ende des Jahres, besser noch darüber hinaus. Es ist ungerecht, wenn Menschen trotz ihrer Arbeitsleistung weniger Geld haben. Zudem brauchen wir eine Sonderzahlung von 1.000 Euro pro Kopf zur Aufstockung des Einkommens.

Wir setzen uns außerdem dafür ein, dass Vermögende stärker an der Finanzierung der Krisenkosten beteiligt werden. Eine Millionärssteuer wäre fair und solidarisch. Auch sollten Bankenbeiträge erhoben werden, denn es war ihr riskantes Geschäftsgebaren, das diese Krise erst verursacht hat.

Ein besonderes Augenmerk gilt dem Gesundheitsschutz am Arbeitsplatz. Gefährdete Berufsgruppen wie Pflegepersonal, Verkäufer*innen oder Busfahrer*innen benötigen besseren Schutz durch Masken, Tests und gute Lohnfortzahlung im Krankheitsfall.  

Insgesamt braucht es jetzt entschiedenes staatliches Handeln. Einseitige Forderungen nach Deregulierung helfen niemandem weiter. Was wir brauchen ist mehr Solidarität statt Konfrontation. Lasst uns gemeinsam Wege finden, unsere Gesellschaft menschenfreundlicher und gerechter zu gestalten!

Vielen Dank."
Linke,Gaspreise,"Sehr geehrte Damen und Herren,

ich möchte heute über das drängende Problem steigender Energiekosten sprechen – insbesondere die explodierenden Preise für Erdgas.

Die aktuellen Preissteigerungen sind nicht nur für private Haushalte existenzbedrohend, sondern auch für kleine Unternehmen und mittelständige Betriebe. Viele Menschen können ihre Rechnungen kaum noch bezahlen, während gleichzeitig große Konzerne riesige Gewinne einfahren. Das ist ungerecht!

Wir von den Linken fordern daher einen sofortigen Stopp dieser unverschämten Profitgier! Die großen Energiemonopole müssen enteignet werden - im Sinne der Allgemeinheit statt privater Profiteure. Nur so kann verhindert werden, dass sich diese Krise weiter zuspitzt.

Auch wenn wir als Linke uns grundsätzlich gegen fossile Energien aussprechen: Solange wir auf sie angewiesen sind, dürfen die Kosten dafür nicht alleine bei denen hängenbleiben, die am wenigsten haben. Deshalb brauchen wir jetzt umgehend staatliche Hilfsprogramme zur Entlastung der Bürgerinnen und Bürger sowie der kleinen Firmen.

Konkret bedeutet dies Soforthilfezahlungen in Höhe der tatsächlichen Mehrbelastung durch gestiegene Heiz- und Stromkosten, verbunden mit einem Mindestlohn von mindestens 13 Euro pro Stunde. Zudem muss es eine Übergewinnsteuer geben, damit die Extraprofite der Energiekonzerne abgeschöpft werden und allen zugutekommen.

Gleichzeitig darf aber nicht vergessen werden: Der einzige Weg aus dem Dilemma führt über erneuerbare Energien und Energieeffizienz. Wir brauchen massiv Investitionen in Wind-, Solar- und Wasserkraftwerke, um endlich weg vom teuren Öl und Gas zu kommen. Und natürlich gehört dazu auch ein radikaler Umbau unserer Industrieproduktion hin zu nachhaltigen Technologien.

Meine sehr verehrten Damen und Herren,
die aktuelle Situation zeigt einmal mehr:
Es geht beim Kampf gegen hohe Energiepreise nicht darum, ob man links oder rechts steht.
Sondern es geht darum, welcher Seite man Priorität gibt: Den wenigen Super-Reichen oder der breiten Masse der Bevölkerung. 

Ich sage Ihnen: Als Linke stehen wir an der Seite aller Menschen, die unter diesen Zuständen leiden. Lassen Sie uns gemeinsam kämpfen für eine Gesellschaft, in der niemand Angst vor unbezahlbaren Rechnungen haben muss. Eine Gesellschaft, in der Gerechtigkeit herrscht und niemand zurückgelassen wird. Für dieses Ziel lohnt es sich zu streiten!
Vielen Dank.","Sehr geehrte Damen und Herren,

wir stehen vor einer Krise von historischem Ausmaß: Die Energiekosten explodieren und viele Menschen fragen sich, wie sie ihre Rechnungen bezahlen sollen. Es ist höchste Zeit für entschiedenes Handeln!

Die Ursachen dieser Entwicklung sind vielfältig - die Corona-Pandemie hat Nachfrage und Angebot durcheinander gebracht, gleichzeitig haben wir uns auf russisches Erdgas verlassen, das jetzt als Druckmittel missbraucht wird. 

Doch statt mutige Entscheidungen zu treffen, versuchen Union und SPD lediglich Symptome zu bekämpfen – etwa durch einen einmaligen Zuschuss oder den Abschluss langfristiger Lieferverträge. Das reicht nicht aus! Wir brauchen strukturelle Lösungen.

Erstens müssen wir unabhängiger werden von fossilen Brennstoffen. Dafür muss der Öko-Stromanteil massiv gesteigert werden - über Förderprogramme für erneuerbare Energien, aber auch durch eine CO2-Steuer, deren Erlöse an alle Bürger zurückfließen. Nur so können wir dauerhaft günstiges Gas gewährleisten.

Zweitens darf es keine Profite mehr auf Kosten der Allgemeinheit geben. Große Konzerne machen Rekordgewinne während kleine Leute leiden. Deshalb fordern wir eine Übergewinnsteuer für Unternehmen, die in Krisenzeiten exorbitant hohe Gewinne einfahren.

Drittens dürfen Geringverdiener und Rentner nicht im Regen stehen gelassen werden. Ihr Lebensstandard darf nicht sinken. Daher wollen wir einen Inflationsausgleich bei Sozialleistungen sowie eine Anpassung des Mindestlohns auf mindestens 13 Euro pro Stunde.

Viertens brauchen wir endlich echten Klimaschutz statt Greenwashing. Der Kohlekompromiss war falsch, weil er klimapolitisch wirkungslos bleibt und zudem Milliarden verschlingt. Stattdessen sollten wir konsequent auf Erneuerbare setzen und Strukturen umbauen.

Fünftens gehört der Verkehrssektor umgestaltet. Statt Subventionen für Diesel und Benzin einzusetzen, sollte lieber ein attraktives Netz öffentlicher Verkehrsmittel geschaffen werden. Auch hier gilt: Investitionen ja, Verbote nein.

Wir haben nur noch wenige Monate Zeit, bevor die Heizperiode beginnt. Nutzen Sie diese Chance und packen Sie die Problematik energisch an! Mit einem Mix aus ökosozialer Marktwirtschaft, Umverteilung und ambitionierter Politik lässt sich die Krise bewältigen ohne dass jemand zurückbleibt. Lassen Sie uns gemeinsam dafür sorgen, dass niemand frieren muss!","Sehr geehrte Damen und Herren,

wir stehen vor einer beispiellosen Krise auf dem Energiemarkt. Die Preise für Erdgas explodieren, die Haushalte werden immer stärker belastet und viele Unternehmen stehen am Rande des Ruins.

Die Bundesregierung hat bisher versagt! Anstatt mutige Entscheidungen zu treffen und einen wirksamen Preisdeckel einzuführen, vertröstete sie uns erst einmal auf den kommenden Winter - ohne konkreten Plan B im Gepäck!

Dabei ist klar: Der Staat muss jetzt handeln und regulierend eingreifen! Wir brauchen sofortigen staatlichen Beistand für Menschen und Betriebe in Notlage.

Unsere Forderung lautet daher:
Wir wollen einen Sofortzuschlag von mindestens 200 Euro pro Monat für jedes Gas- und Fernwärmekund*in als direkte Unterstützung!

Damit wäre sichergestellt, dass niemand frieren muss, während die Konzerne weiterhin exorbitante Gewinne einfahren.

Außerdem fordern wir eine Übergewinnsteuer auf extreme Profite im Energiesektor – denn es kann nicht sein, dass einige wenige an der Krise verdienen, während die meisten leiden müssen!
Mit einem Sonderbeitrag von 90 Prozent auf alle Gewinne über das Doppelte des Vorjahresniveaus können wir dies gerechter gestalten.

Zudem braucht es endlich einen zielgerichteten Ausbau erneuerbarer Energien statt fossiler Kraftwerke.
Nur so bekommen wir langfristig unsere Abhängigkeit vom Import teuren russischen Gases los und machen uns unabhängiger von Krisen wie dieser.

Liebe Mitbürgerinnen und Mitbürger,
lassen Sie mich deutlich sagen: Diese Regierung darf die Lasten der aktuellen Energiekrise nicht nur auf den Rücken der Schwächsten ausleben! Es geht um sozialen Frieden und wirtschaftliche Prosperität unseres Landes. 

Packen wir gemeinsam an - für eine solidarischere Gesellschaft, faire Preise und echtes Klimaschutz Engagement! Nur wenn wir heute entschiedene Maßnahmen ergreifen, wird Deutschland auch morgen noch stark sein. Denn eins ist sicher: Wer sich gegen diese Krise stemmt, gewinnt auch danach!"
